2025-04-19 18:41:18 [MessageBroker-1] INFO  o.s.w.s.c.WebSocketMessageBrokerStats - WebSocketSession[0 current WS(0)-HttpStream(0)-HttpPoll(0), 0 total, 0 closed abnormally (0 connect failure, 0 send limit, 0 transport error)], stompSubProtocol[processed CONNECT(0)-CONNECTED(0)-DISCONNECT(0)], stompBrokerRelay[null], inboundChannel[pool size = 0, active threads = 0, queued tasks = 0, completed tasks = 0], outboundChannel[pool size = 0, active threads = 0, queued tasks = 0, completed tasks = 0], sockJsScheduler[pool size = 8, active threads = 1, queued tasks = 0, completed tasks = 15]
2025-04-19 18:57:22 [SpringApplicationShutdownHook] INFO  o.s.b.w.e.tomcat.GracefulShutdown - Commencing graceful shutdown. Waiting for active requests to complete
2025-04-19 18:57:22 [tomcat-shutdown] INFO  o.s.b.w.e.tomcat.GracefulShutdown - Graceful shutdown complete
2025-04-19 18:57:22 [SpringApplicationShutdownHook] DEBUG org.springframework.web.SimpLogging - clientOutboundChannel removed SubProtocolWebSocketHandler[StompSubProtocolHandler[v10.stomp, v11.stomp, v12.stomp]]
2025-04-19 18:57:22 [SpringApplicationShutdownHook] DEBUG org.springframework.web.SimpLogging - clientInboundChannel removed WebSocketAnnotationMethodMessageHandler[prefixes=[/app/]]
2025-04-19 18:57:22 [SpringApplicationShutdownHook] INFO  o.s.m.s.b.SimpleBrokerMessageHandler - Stopping...
2025-04-19 18:57:22 [SpringApplicationShutdownHook] INFO  o.s.m.s.b.SimpleBrokerMessageHandler - BrokerAvailabilityEvent[available=false, SimpleBrokerMessageHandler [org.springframework.messaging.simp.broker.DefaultSubscriptionRegistry@55024328]]
2025-04-19 18:57:22 [SpringApplicationShutdownHook] DEBUG org.springframework.web.SimpLogging - clientInboundChannel removed SimpleBrokerMessageHandler [org.springframework.messaging.simp.broker.DefaultSubscriptionRegistry@55024328]
2025-04-19 18:57:22 [SpringApplicationShutdownHook] DEBUG org.springframework.web.SimpLogging - brokerChannel removed SimpleBrokerMessageHandler [org.springframework.messaging.simp.broker.DefaultSubscriptionRegistry@55024328]
2025-04-19 18:57:22 [SpringApplicationShutdownHook] INFO  o.s.m.s.b.SimpleBrokerMessageHandler - Stopped.
2025-04-19 18:57:22 [SpringApplicationShutdownHook] DEBUG org.springframework.web.SimpLogging - clientInboundChannel removed UserDestinationMessageHandler[DefaultUserDestinationResolver[prefix=/user/]]
2025-04-19 18:57:22 [SpringApplicationShutdownHook] DEBUG org.springframework.web.SimpLogging - brokerChannel removed UserDestinationMessageHandler[DefaultUserDestinationResolver[prefix=/user/]]
2025-04-19 18:57:22 [SpringApplicationShutdownHook] INFO  o.s.o.j.LocalContainerEntityManagerFactoryBean - Closing JPA EntityManagerFactory for persistence unit 'default'
2025-04-19 18:57:22 [SpringApplicationShutdownHook] INFO  com.zaxxer.hikari.HikariDataSource - HikariPool-1 - Shutdown initiated...
2025-04-19 18:57:22 [SpringApplicationShutdownHook] INFO  com.zaxxer.hikari.HikariDataSource - HikariPool-1 - Shutdown completed.
2025-04-19 19:19:19 [main] INFO  c.z.b.SpringwithjwtApplication - Starting SpringwithjwtApplication using Java 17.0.7 with PID 715888 (/home/user/Documents/Desktop/GamePlatform/backend/target/classes started by user in /home/user/Documents/Desktop/GamePlatform)
2025-04-19 19:19:19 [main] INFO  c.z.b.SpringwithjwtApplication - No active profile set, falling back to 1 default profile: "default"
2025-04-19 19:19:20 [main] INFO  o.s.d.r.c.RepositoryConfigurationDelegate - Multiple Spring Data modules found, entering strict repository configuration mode
2025-04-19 19:19:20 [main] INFO  o.s.d.r.c.RepositoryConfigurationDelegate - Bootstrapping Spring Data JPA repositories in DEFAULT mode.
2025-04-19 19:19:20 [main] INFO  o.s.d.r.c.RepositoryConfigurationDelegate - Finished Spring Data repository scanning in 252 ms. Found 6 JPA repository interfaces.
2025-04-19 19:19:20 [main] INFO  o.s.d.r.c.RepositoryConfigurationDelegate - Multiple Spring Data modules found, entering strict repository configuration mode
2025-04-19 19:19:20 [main] INFO  o.s.d.r.c.RepositoryConfigurationDelegate - Bootstrapping Spring Data Redis repositories in DEFAULT mode.
2025-04-19 19:19:20 [main] INFO  o.s.d.r.c.RepositoryConfigurationExtensionSupport - Spring Data Redis - Could not safely identify store assignment for repository candidate interface com.zenova.back_end.repo.CategoryRepository; If you want this repository to be a Redis repository, consider annotating your entities with one of these annotations: org.springframework.data.redis.core.RedisHash (preferred), or consider extending one of the following types with your repository: org.springframework.data.keyvalue.repository.KeyValueRepository
2025-04-19 19:19:20 [main] INFO  o.s.d.r.c.RepositoryConfigurationExtensionSupport - Spring Data Redis - Could not safely identify store assignment for repository candidate interface com.zenova.back_end.repo.GameRepository; If you want this repository to be a Redis repository, consider annotating your entities with one of these annotations: org.springframework.data.redis.core.RedisHash (preferred), or consider extending one of the following types with your repository: org.springframework.data.keyvalue.repository.KeyValueRepository
2025-04-19 19:19:20 [main] INFO  o.s.d.r.c.RepositoryConfigurationExtensionSupport - Spring Data Redis - Could not safely identify store assignment for repository candidate interface com.zenova.back_end.repo.PurchaseRepository; If you want this repository to be a Redis repository, consider annotating your entities with one of these annotations: org.springframework.data.redis.core.RedisHash (preferred), or consider extending one of the following types with your repository: org.springframework.data.keyvalue.repository.KeyValueRepository
2025-04-19 19:19:20 [main] INFO  o.s.d.r.c.RepositoryConfigurationExtensionSupport - Spring Data Redis - Could not safely identify store assignment for repository candidate interface com.zenova.back_end.repo.RewardEntryRepository; If you want this repository to be a Redis repository, consider annotating your entities with one of these annotations: org.springframework.data.redis.core.RedisHash (preferred), or consider extending one of the following types with your repository: org.springframework.data.keyvalue.repository.KeyValueRepository
2025-04-19 19:19:20 [main] INFO  o.s.d.r.c.RepositoryConfigurationExtensionSupport - Spring Data Redis - Could not safely identify store assignment for repository candidate interface com.zenova.back_end.repo.ScoreRepository; If you want this repository to be a Redis repository, consider annotating your entities with one of these annotations: org.springframework.data.redis.core.RedisHash (preferred), or consider extending one of the following types with your repository: org.springframework.data.keyvalue.repository.KeyValueRepository
2025-04-19 19:19:20 [main] INFO  o.s.d.r.c.RepositoryConfigurationExtensionSupport - Spring Data Redis - Could not safely identify store assignment for repository candidate interface com.zenova.back_end.repo.UserRepository; If you want this repository to be a Redis repository, consider annotating your entities with one of these annotations: org.springframework.data.redis.core.RedisHash (preferred), or consider extending one of the following types with your repository: org.springframework.data.keyvalue.repository.KeyValueRepository
2025-04-19 19:19:20 [main] INFO  o.s.d.r.c.RepositoryConfigurationDelegate - Finished Spring Data repository scanning in 13 ms. Found 0 Redis repository interfaces.
2025-04-19 19:19:21 [main] INFO  o.s.b.w.e.tomcat.TomcatWebServer - Tomcat initialized with port 8080 (http)
2025-04-19 19:19:21 [main] INFO  o.a.catalina.core.StandardService - Starting service [Tomcat]
2025-04-19 19:19:21 [main] INFO  o.a.catalina.core.StandardEngine - Starting Servlet engine: [Apache Tomcat/10.1.34]
2025-04-19 19:19:21 [main] INFO  o.a.c.c.C.[Tomcat].[localhost].[/] - Initializing Spring embedded WebApplicationContext
2025-04-19 19:19:21 [main] INFO  o.s.b.w.s.c.ServletWebServerApplicationContext - Root WebApplicationContext: initialization completed in 2761 ms
2025-04-19 19:19:22 [main] INFO  o.h.jpa.internal.util.LogHelper - HHH000204: Processing PersistenceUnitInfo [name: default]
2025-04-19 19:19:22 [main] INFO  org.hibernate.Version - HHH000412: Hibernate ORM core version 6.6.5.Final
2025-04-19 19:19:22 [main] INFO  o.h.c.i.RegionFactoryInitiator - HHH000026: Second-level cache disabled
2025-04-19 19:19:22 [main] INFO  o.s.o.j.p.SpringPersistenceUnitInfo - No LoadTimeWeaver setup: ignoring JPA class transformer
2025-04-19 19:19:22 [main] INFO  com.zaxxer.hikari.HikariDataSource - HikariPool-1 - Starting...
2025-04-19 19:19:22 [main] INFO  com.zaxxer.hikari.pool.HikariPool - HikariPool-1 - Added connection com.mysql.cj.jdbc.ConnectionImpl@53e82089
2025-04-19 19:19:22 [main] INFO  com.zaxxer.hikari.HikariDataSource - HikariPool-1 - Start completed.
2025-04-19 19:19:22 [main] WARN  org.hibernate.orm.deprecation - HHH90000025: MySQL8Dialect does not need to be specified explicitly using 'hibernate.dialect' (remove the property setting and it will be selected by default)
2025-04-19 19:19:22 [main] WARN  org.hibernate.orm.deprecation - HHH90000026: MySQL8Dialect has been deprecated; use org.hibernate.dialect.MySQLDialect instead
2025-04-19 19:19:23 [main] INFO  o.hibernate.orm.connections.pooling - HHH10001005: Database info:
	Database JDBC URL [Connecting through datasource 'HikariDataSource (HikariPool-1)']
	Database driver: undefined/unknown
	Database version: 8.0
	Autocommit mode: undefined/unknown
	Isolation level: undefined/unknown
	Minimum pool size: undefined/unknown
	Maximum pool size: undefined/unknown
2025-04-19 19:19:24 [main] INFO  o.h.e.t.j.p.i.JtaPlatformInitiator - HHH000489: No JTA platform available (set 'hibernate.transaction.jta.platform' to enable JTA platform integration)
2025-04-19 19:19:24 [main] INFO  o.s.o.j.LocalContainerEntityManagerFactoryBean - Initialized JPA EntityManagerFactory for persistence unit 'default'
2025-04-19 19:19:25 [main] DEBUG o.s.web.filter.CorsFilter - Filter 'corsFilter' configured for use
2025-04-19 19:19:25 [main] INFO  o.s.s.c.a.a.c.InitializeUserDetailsBeanManagerConfigurer$InitializeUserDetailsManagerConfigurer - Global AuthenticationManager configured with UserDetailsService bean with name userServiceImpl
2025-04-19 19:19:25 [main] INFO  o.s.d.j.r.query.QueryEnhancerFactory - Hibernate is in classpath; If applicable, HQL parser will be used.
2025-04-19 19:19:27 [main] DEBUG o.s.w.s.s.s.WebSocketHandlerMapping - Patterns [/ws/**] in 'stompWebSocketHandlerMapping'
2025-04-19 19:19:27 [main] DEBUG o.s.w.s.m.m.a.RequestMappingHandlerMapping - 33 mappings in 'requestMappingHandlerMapping'
2025-04-19 19:19:27 [main] DEBUG o.s.w.s.h.SimpleUrlHandlerMapping - Patterns [/webjars/**, /**, /swagger-ui*/*swagger-initializer.js, /swagger-ui*/**] in 'resourceHandlerMapping'
2025-04-19 19:19:27 [main] WARN  o.s.s.c.a.w.c.AuthorizeHttpRequestsConfigurer$AuthorizationManagerRequestMatcherRegistry - One of the patterns in [api/v1/reward/weekly, /api/v1/game/, /api/v1/game/upload, /api/livekit/token, /api/v1/leaderboard/top, /api/v1/deploy/vercel, /api/v1/auth/authenticate, /api/v1/user/register, /api/v1/user/login, /api/v1/user/**, /api/v1/auth/refreshToken, /api/v1/category/add, /api/v1/category/**, /api/v1/category/all-active, /api/v1/game/add, /api/v1/game/**, /api/v1/user/**, /api/v1/play/**, /v3/api-docs/**, /swagger-ui/**, /swagger-ui.html] is missing a leading slash. This is discouraged; please include the leading slash in all your request matcher patterns. In future versions of Spring Security, leaving out the leading slash will result in an exception.
2025-04-19 19:19:27 [main] DEBUG o.s.s.web.DefaultSecurityFilterChain - Will secure any request with filters: DisableEncodeUrlFilter, WebAsyncManagerIntegrationFilter, SecurityContextHolderFilter, HeaderWriterFilter, LogoutFilter, JwtFilter, RequestCacheAwareFilter, SecurityContextHolderAwareRequestFilter, AnonymousAuthenticationFilter, SessionManagementFilter, ExceptionTranslationFilter, AuthorizationFilter
2025-04-19 19:19:27 [main] DEBUG o.s.w.s.m.WebSocketAnnotationMethodMessageHandler - 
	c.z.b.c.AuthController:
	
2025-04-19 19:19:27 [main] DEBUG o.s.w.s.m.WebSocketAnnotationMethodMessageHandler - 
	c.z.b.c.CategoryController:
	
2025-04-19 19:19:27 [main] DEBUG o.s.w.s.m.WebSocketAnnotationMethodMessageHandler - 
	c.z.b.c.ChatController:
	{[MESSAGE],[/chat]}: handleChatMessage(ChatMessage)
2025-04-19 19:19:27 [main] DEBUG o.s.w.s.m.WebSocketAnnotationMethodMessageHandler - 
	c.z.b.c.GameController:
	
2025-04-19 19:19:27 [main] DEBUG o.s.w.s.m.WebSocketAnnotationMethodMessageHandler - 
	c.z.b.c.LeaderBoardController:
	
2025-04-19 19:19:27 [main] DEBUG o.s.w.s.m.WebSocketAnnotationMethodMessageHandler - 
	c.z.b.c.LiveKitController:
	
2025-04-19 19:19:28 [main] DEBUG o.s.w.s.m.WebSocketAnnotationMethodMessageHandler - 
	c.z.b.c.PlayController:
	
2025-04-19 19:19:28 [main] DEBUG o.s.w.s.m.WebSocketAnnotationMethodMessageHandler - 
	c.z.b.c.RewardController:
	
2025-04-19 19:19:28 [main] DEBUG o.s.w.s.m.WebSocketAnnotationMethodMessageHandler - 
	c.z.b.c.UserController:
	
2025-04-19 19:19:28 [main] DEBUG o.s.w.s.m.WebSocketAnnotationMethodMessageHandler - 
	c.z.b.u.a.GlobalExceptionHandler:
	
2025-04-19 19:19:28 [main] DEBUG o.s.w.s.m.WebSocketAnnotationMethodMessageHandler - 
	o.s.b.a.w.s.e.BasicErrorController:
	
2025-04-19 19:19:28 [main] DEBUG o.s.w.s.m.WebSocketAnnotationMethodMessageHandler - 
	o.s.w.a.OpenApiWebMvcResource:
	
2025-04-19 19:19:28 [main] DEBUG o.s.w.s.m.WebSocketAnnotationMethodMessageHandler - 
	o.s.w.u.SwaggerWelcomeWebMvc:
	
2025-04-19 19:19:28 [main] DEBUG o.s.w.s.m.WebSocketAnnotationMethodMessageHandler - 
	o.s.w.u.SwaggerConfigResource:
	
2025-04-19 19:19:28 [main] DEBUG o.s.w.s.m.m.a.RequestMappingHandlerAdapter - ControllerAdvice beans: 0 @ModelAttribute, 0 @InitBinder, 1 RequestBodyAdvice, 1 ResponseBodyAdvice
2025-04-19 19:19:28 [main] WARN  o.s.b.a.t.ThymeleafAutoConfiguration$DefaultTemplateResolverConfiguration - Cannot find template location: classpath:/templates/ (please add some templates, check your Thymeleaf configuration, or set spring.thymeleaf.check-template-location=false)
2025-04-19 19:19:28 [main] DEBUG o.s.w.s.m.m.a.ExceptionHandlerExceptionResolver - ControllerAdvice beans: 1 @ExceptionHandler, 1 ResponseBodyAdvice
2025-04-19 19:19:29 [main] DEBUG org.springframework.web.SimpLogging - clientOutboundChannel added SubProtocolWebSocketHandler[StompSubProtocolHandler[v10.stomp, v11.stomp, v12.stomp]]
2025-04-19 19:19:29 [main] DEBUG org.springframework.web.SimpLogging - clientInboundChannel added WebSocketAnnotationMethodMessageHandler[prefixes=[/app/]]
2025-04-19 19:19:29 [main] INFO  o.s.m.s.b.SimpleBrokerMessageHandler - Starting...
2025-04-19 19:19:29 [main] DEBUG org.springframework.web.SimpLogging - clientInboundChannel added SimpleBrokerMessageHandler [org.springframework.messaging.simp.broker.DefaultSubscriptionRegistry@7dfe23c2]
2025-04-19 19:19:29 [main] DEBUG org.springframework.web.SimpLogging - brokerChannel added SimpleBrokerMessageHandler [org.springframework.messaging.simp.broker.DefaultSubscriptionRegistry@7dfe23c2]
2025-04-19 19:19:29 [main] INFO  o.s.m.s.b.SimpleBrokerMessageHandler - BrokerAvailabilityEvent[available=true, SimpleBrokerMessageHandler [org.springframework.messaging.simp.broker.DefaultSubscriptionRegistry@7dfe23c2]]
2025-04-19 19:19:29 [main] INFO  o.s.m.s.b.SimpleBrokerMessageHandler - Started.
2025-04-19 19:19:29 [main] DEBUG org.springframework.web.SimpLogging - clientInboundChannel added UserDestinationMessageHandler[DefaultUserDestinationResolver[prefix=/user/]]
2025-04-19 19:19:29 [main] DEBUG org.springframework.web.SimpLogging - brokerChannel added UserDestinationMessageHandler[DefaultUserDestinationResolver[prefix=/user/]]
2025-04-19 19:19:29 [main] INFO  o.s.b.w.e.tomcat.TomcatWebServer - Tomcat started on port 8080 (http) with context path '/'
2025-04-19 19:19:29 [main] INFO  c.z.b.SpringwithjwtApplication - Started SpringwithjwtApplication in 11.195 seconds (process running for 12.248)
2025-04-19 19:20:29 [MessageBroker-1] INFO  o.s.w.s.c.WebSocketMessageBrokerStats - WebSocketSession[0 current WS(0)-HttpStream(0)-HttpPoll(0), 0 total, 0 closed abnormally (0 connect failure, 0 send limit, 0 transport error)], stompSubProtocol[processed CONNECT(0)-CONNECTED(0)-DISCONNECT(0)], stompBrokerRelay[null], inboundChannel[pool size = 0, active threads = 0, queued tasks = 0, completed tasks = 0], outboundChannel[pool size = 0, active threads = 0, queued tasks = 0, completed tasks = 0], sockJsScheduler[pool size = 1, active threads = 1, queued tasks = 0, completed tasks = 0]
2025-04-19 19:50:29 [MessageBroker-1] INFO  o.s.w.s.c.WebSocketMessageBrokerStats - WebSocketSession[0 current WS(0)-HttpStream(0)-HttpPoll(0), 0 total, 0 closed abnormally (0 connect failure, 0 send limit, 0 transport error)], stompSubProtocol[processed CONNECT(0)-CONNECTED(0)-DISCONNECT(0)], stompBrokerRelay[null], inboundChannel[pool size = 0, active threads = 0, queued tasks = 0, completed tasks = 0], outboundChannel[pool size = 0, active threads = 0, queued tasks = 0, completed tasks = 0], sockJsScheduler[pool size = 2, active threads = 1, queued tasks = 0, completed tasks = 1]
2025-04-19 20:06:06 [SpringApplicationShutdownHook] INFO  o.s.b.w.e.tomcat.GracefulShutdown - Commencing graceful shutdown. Waiting for active requests to complete
2025-04-19 20:06:06 [tomcat-shutdown] INFO  o.s.b.w.e.tomcat.GracefulShutdown - Graceful shutdown complete
2025-04-19 20:06:06 [SpringApplicationShutdownHook] DEBUG org.springframework.web.SimpLogging - clientOutboundChannel removed SubProtocolWebSocketHandler[StompSubProtocolHandler[v10.stomp, v11.stomp, v12.stomp]]
2025-04-19 20:06:06 [SpringApplicationShutdownHook] DEBUG org.springframework.web.SimpLogging - clientInboundChannel removed WebSocketAnnotationMethodMessageHandler[prefixes=[/app/]]
2025-04-19 20:06:06 [SpringApplicationShutdownHook] INFO  o.s.m.s.b.SimpleBrokerMessageHandler - Stopping...
2025-04-19 20:06:06 [SpringApplicationShutdownHook] INFO  o.s.m.s.b.SimpleBrokerMessageHandler - BrokerAvailabilityEvent[available=false, SimpleBrokerMessageHandler [org.springframework.messaging.simp.broker.DefaultSubscriptionRegistry@7dfe23c2]]
2025-04-19 20:06:06 [SpringApplicationShutdownHook] DEBUG org.springframework.web.SimpLogging - clientInboundChannel removed SimpleBrokerMessageHandler [org.springframework.messaging.simp.broker.DefaultSubscriptionRegistry@7dfe23c2]
2025-04-19 20:06:06 [SpringApplicationShutdownHook] DEBUG org.springframework.web.SimpLogging - brokerChannel removed SimpleBrokerMessageHandler [org.springframework.messaging.simp.broker.DefaultSubscriptionRegistry@7dfe23c2]
2025-04-19 20:06:06 [SpringApplicationShutdownHook] INFO  o.s.m.s.b.SimpleBrokerMessageHandler - Stopped.
2025-04-19 20:06:06 [SpringApplicationShutdownHook] DEBUG org.springframework.web.SimpLogging - clientInboundChannel removed UserDestinationMessageHandler[DefaultUserDestinationResolver[prefix=/user/]]
2025-04-19 20:06:06 [SpringApplicationShutdownHook] DEBUG org.springframework.web.SimpLogging - brokerChannel removed UserDestinationMessageHandler[DefaultUserDestinationResolver[prefix=/user/]]
2025-04-19 20:06:06 [SpringApplicationShutdownHook] INFO  o.s.o.j.LocalContainerEntityManagerFactoryBean - Closing JPA EntityManagerFactory for persistence unit 'default'
2025-04-19 20:06:06 [SpringApplicationShutdownHook] INFO  com.zaxxer.hikari.HikariDataSource - HikariPool-1 - Shutdown initiated...
2025-04-19 20:06:06 [SpringApplicationShutdownHook] INFO  com.zaxxer.hikari.HikariDataSource - HikariPool-1 - Shutdown completed.
2025-04-19 20:06:10 [main] INFO  c.z.b.SpringwithjwtApplication - Starting SpringwithjwtApplication using Java 17.0.7 with PID 717251 (/home/user/Documents/Desktop/GamePlatform/backend/target/classes started by user in /home/user/Documents/Desktop/GamePlatform)
2025-04-19 20:06:10 [main] INFO  c.z.b.SpringwithjwtApplication - No active profile set, falling back to 1 default profile: "default"
2025-04-19 20:06:11 [main] INFO  o.s.d.r.c.RepositoryConfigurationDelegate - Multiple Spring Data modules found, entering strict repository configuration mode
2025-04-19 20:06:11 [main] INFO  o.s.d.r.c.RepositoryConfigurationDelegate - Bootstrapping Spring Data JPA repositories in DEFAULT mode.
2025-04-19 20:06:12 [main] INFO  o.s.d.r.c.RepositoryConfigurationDelegate - Finished Spring Data repository scanning in 254 ms. Found 6 JPA repository interfaces.
2025-04-19 20:06:12 [main] INFO  o.s.d.r.c.RepositoryConfigurationDelegate - Multiple Spring Data modules found, entering strict repository configuration mode
2025-04-19 20:06:12 [main] INFO  o.s.d.r.c.RepositoryConfigurationDelegate - Bootstrapping Spring Data Redis repositories in DEFAULT mode.
2025-04-19 20:06:12 [main] INFO  o.s.d.r.c.RepositoryConfigurationExtensionSupport - Spring Data Redis - Could not safely identify store assignment for repository candidate interface com.zenova.back_end.repo.CategoryRepository; If you want this repository to be a Redis repository, consider annotating your entities with one of these annotations: org.springframework.data.redis.core.RedisHash (preferred), or consider extending one of the following types with your repository: org.springframework.data.keyvalue.repository.KeyValueRepository
2025-04-19 20:06:12 [main] INFO  o.s.d.r.c.RepositoryConfigurationExtensionSupport - Spring Data Redis - Could not safely identify store assignment for repository candidate interface com.zenova.back_end.repo.GameRepository; If you want this repository to be a Redis repository, consider annotating your entities with one of these annotations: org.springframework.data.redis.core.RedisHash (preferred), or consider extending one of the following types with your repository: org.springframework.data.keyvalue.repository.KeyValueRepository
2025-04-19 20:06:12 [main] INFO  o.s.d.r.c.RepositoryConfigurationExtensionSupport - Spring Data Redis - Could not safely identify store assignment for repository candidate interface com.zenova.back_end.repo.PurchaseRepository; If you want this repository to be a Redis repository, consider annotating your entities with one of these annotations: org.springframework.data.redis.core.RedisHash (preferred), or consider extending one of the following types with your repository: org.springframework.data.keyvalue.repository.KeyValueRepository
2025-04-19 20:06:12 [main] INFO  o.s.d.r.c.RepositoryConfigurationExtensionSupport - Spring Data Redis - Could not safely identify store assignment for repository candidate interface com.zenova.back_end.repo.RewardEntryRepository; If you want this repository to be a Redis repository, consider annotating your entities with one of these annotations: org.springframework.data.redis.core.RedisHash (preferred), or consider extending one of the following types with your repository: org.springframework.data.keyvalue.repository.KeyValueRepository
2025-04-19 20:06:12 [main] INFO  o.s.d.r.c.RepositoryConfigurationExtensionSupport - Spring Data Redis - Could not safely identify store assignment for repository candidate interface com.zenova.back_end.repo.ScoreRepository; If you want this repository to be a Redis repository, consider annotating your entities with one of these annotations: org.springframework.data.redis.core.RedisHash (preferred), or consider extending one of the following types with your repository: org.springframework.data.keyvalue.repository.KeyValueRepository
2025-04-19 20:06:12 [main] INFO  o.s.d.r.c.RepositoryConfigurationExtensionSupport - Spring Data Redis - Could not safely identify store assignment for repository candidate interface com.zenova.back_end.repo.UserRepository; If you want this repository to be a Redis repository, consider annotating your entities with one of these annotations: org.springframework.data.redis.core.RedisHash (preferred), or consider extending one of the following types with your repository: org.springframework.data.keyvalue.repository.KeyValueRepository
2025-04-19 20:06:12 [main] INFO  o.s.d.r.c.RepositoryConfigurationDelegate - Finished Spring Data repository scanning in 14 ms. Found 0 Redis repository interfaces.
2025-04-19 20:06:13 [main] INFO  o.s.b.w.e.tomcat.TomcatWebServer - Tomcat initialized with port 8080 (http)
2025-04-19 20:06:13 [main] INFO  o.a.catalina.core.StandardService - Starting service [Tomcat]
2025-04-19 20:06:13 [main] INFO  o.a.catalina.core.StandardEngine - Starting Servlet engine: [Apache Tomcat/10.1.34]
2025-04-19 20:06:13 [main] INFO  o.a.c.c.C.[Tomcat].[localhost].[/] - Initializing Spring embedded WebApplicationContext
2025-04-19 20:06:13 [main] INFO  o.s.b.w.s.c.ServletWebServerApplicationContext - Root WebApplicationContext: initialization completed in 2772 ms
2025-04-19 20:06:13 [main] INFO  o.h.jpa.internal.util.LogHelper - HHH000204: Processing PersistenceUnitInfo [name: default]
2025-04-19 20:06:13 [main] INFO  org.hibernate.Version - HHH000412: Hibernate ORM core version 6.6.5.Final
2025-04-19 20:06:13 [main] INFO  o.h.c.i.RegionFactoryInitiator - HHH000026: Second-level cache disabled
2025-04-19 20:06:13 [main] INFO  o.s.o.j.p.SpringPersistenceUnitInfo - No LoadTimeWeaver setup: ignoring JPA class transformer
2025-04-19 20:06:13 [main] INFO  com.zaxxer.hikari.HikariDataSource - HikariPool-1 - Starting...
2025-04-19 20:06:14 [main] INFO  com.zaxxer.hikari.pool.HikariPool - HikariPool-1 - Added connection com.mysql.cj.jdbc.ConnectionImpl@4ec27c4c
2025-04-19 20:06:14 [main] INFO  com.zaxxer.hikari.HikariDataSource - HikariPool-1 - Start completed.
2025-04-19 20:06:14 [main] WARN  org.hibernate.orm.deprecation - HHH90000025: MySQL8Dialect does not need to be specified explicitly using 'hibernate.dialect' (remove the property setting and it will be selected by default)
2025-04-19 20:06:14 [main] WARN  org.hibernate.orm.deprecation - HHH90000026: MySQL8Dialect has been deprecated; use org.hibernate.dialect.MySQLDialect instead
2025-04-19 20:06:14 [main] INFO  o.hibernate.orm.connections.pooling - HHH10001005: Database info:
	Database JDBC URL [Connecting through datasource 'HikariDataSource (HikariPool-1)']
	Database driver: undefined/unknown
	Database version: 8.0
	Autocommit mode: undefined/unknown
	Isolation level: undefined/unknown
	Minimum pool size: undefined/unknown
	Maximum pool size: undefined/unknown
2025-04-19 20:06:15 [main] INFO  o.h.e.t.j.p.i.JtaPlatformInitiator - HHH000489: No JTA platform available (set 'hibernate.transaction.jta.platform' to enable JTA platform integration)
2025-04-19 20:06:15 [main] INFO  o.s.o.j.LocalContainerEntityManagerFactoryBean - Initialized JPA EntityManagerFactory for persistence unit 'default'
2025-04-19 20:06:16 [main] DEBUG o.s.web.filter.CorsFilter - Filter 'corsFilter' configured for use
2025-04-19 20:06:16 [main] INFO  o.s.s.c.a.a.c.InitializeUserDetailsBeanManagerConfigurer$InitializeUserDetailsManagerConfigurer - Global AuthenticationManager configured with UserDetailsService bean with name userServiceImpl
2025-04-19 20:06:16 [main] INFO  o.s.d.j.r.query.QueryEnhancerFactory - Hibernate is in classpath; If applicable, HQL parser will be used.
2025-04-19 20:06:18 [main] DEBUG o.s.w.s.s.s.WebSocketHandlerMapping - Patterns [/ws/**] in 'stompWebSocketHandlerMapping'
2025-04-19 20:06:18 [main] DEBUG o.s.w.s.m.m.a.RequestMappingHandlerMapping - 33 mappings in 'requestMappingHandlerMapping'
2025-04-19 20:06:18 [main] DEBUG o.s.w.s.h.SimpleUrlHandlerMapping - Patterns [/webjars/**, /**, /swagger-ui*/*swagger-initializer.js, /swagger-ui*/**] in 'resourceHandlerMapping'
2025-04-19 20:06:18 [main] WARN  o.s.s.c.a.w.c.AuthorizeHttpRequestsConfigurer$AuthorizationManagerRequestMatcherRegistry - One of the patterns in [api/v1/reward/weekly, /api/v1/game/, /api/v1/game/upload, /api/livekit/token, /api/v1/leaderboard/top, /api/v1/deploy/vercel, /api/v1/auth/authenticate, /api/v1/user/register, /api/v1/user/login, /api/v1/user/**, /api/v1/auth/refreshToken, /api/v1/category/add, /api/v1/category/**, /api/v1/category/all-active, /api/v1/game/add, /api/v1/game/**, /api/v1/user/**, /api/v1/play/**, /v3/api-docs/**, /swagger-ui/**, /swagger-ui.html] is missing a leading slash. This is discouraged; please include the leading slash in all your request matcher patterns. In future versions of Spring Security, leaving out the leading slash will result in an exception.
2025-04-19 20:06:18 [main] DEBUG o.s.s.web.DefaultSecurityFilterChain - Will secure any request with filters: DisableEncodeUrlFilter, WebAsyncManagerIntegrationFilter, SecurityContextHolderFilter, HeaderWriterFilter, LogoutFilter, JwtFilter, RequestCacheAwareFilter, SecurityContextHolderAwareRequestFilter, AnonymousAuthenticationFilter, SessionManagementFilter, ExceptionTranslationFilter, AuthorizationFilter
2025-04-19 20:06:18 [main] DEBUG o.s.w.s.m.WebSocketAnnotationMethodMessageHandler - 
	c.z.b.c.AuthController:
	
2025-04-19 20:06:18 [main] DEBUG o.s.w.s.m.WebSocketAnnotationMethodMessageHandler - 
	c.z.b.c.CategoryController:
	
2025-04-19 20:06:18 [main] DEBUG o.s.w.s.m.WebSocketAnnotationMethodMessageHandler - 
	c.z.b.c.ChatController:
	{[MESSAGE],[/chat]}: handleChatMessage(ChatMessage)
2025-04-19 20:06:18 [main] DEBUG o.s.w.s.m.WebSocketAnnotationMethodMessageHandler - 
	c.z.b.c.GameController:
	
2025-04-19 20:06:18 [main] DEBUG o.s.w.s.m.WebSocketAnnotationMethodMessageHandler - 
	c.z.b.c.LeaderBoardController:
	
2025-04-19 20:06:18 [main] DEBUG o.s.w.s.m.WebSocketAnnotationMethodMessageHandler - 
	c.z.b.c.LiveKitController:
	
2025-04-19 20:06:18 [main] DEBUG o.s.w.s.m.WebSocketAnnotationMethodMessageHandler - 
	c.z.b.c.PlayController:
	
2025-04-19 20:06:18 [main] DEBUG o.s.w.s.m.WebSocketAnnotationMethodMessageHandler - 
	c.z.b.c.RewardController:
	
2025-04-19 20:06:18 [main] DEBUG o.s.w.s.m.WebSocketAnnotationMethodMessageHandler - 
	c.z.b.c.UserController:
	
2025-04-19 20:06:18 [main] DEBUG o.s.w.s.m.WebSocketAnnotationMethodMessageHandler - 
	c.z.b.u.a.GlobalExceptionHandler:
	
2025-04-19 20:06:18 [main] DEBUG o.s.w.s.m.WebSocketAnnotationMethodMessageHandler - 
	o.s.b.a.w.s.e.BasicErrorController:
	
2025-04-19 20:06:18 [main] DEBUG o.s.w.s.m.WebSocketAnnotationMethodMessageHandler - 
	o.s.w.a.OpenApiWebMvcResource:
	
2025-04-19 20:06:18 [main] DEBUG o.s.w.s.m.WebSocketAnnotationMethodMessageHandler - 
	o.s.w.u.SwaggerWelcomeWebMvc:
	
2025-04-19 20:06:18 [main] DEBUG o.s.w.s.m.WebSocketAnnotationMethodMessageHandler - 
	o.s.w.u.SwaggerConfigResource:
	
2025-04-19 20:06:19 [main] DEBUG o.s.w.s.m.m.a.RequestMappingHandlerAdapter - ControllerAdvice beans: 0 @ModelAttribute, 0 @InitBinder, 1 RequestBodyAdvice, 1 ResponseBodyAdvice
2025-04-19 20:06:19 [main] WARN  o.s.b.a.t.ThymeleafAutoConfiguration$DefaultTemplateResolverConfiguration - Cannot find template location: classpath:/templates/ (please add some templates, check your Thymeleaf configuration, or set spring.thymeleaf.check-template-location=false)
2025-04-19 20:06:19 [main] DEBUG o.s.w.s.m.m.a.ExceptionHandlerExceptionResolver - ControllerAdvice beans: 1 @ExceptionHandler, 1 ResponseBodyAdvice
2025-04-19 20:06:20 [main] DEBUG org.springframework.web.SimpLogging - clientOutboundChannel added SubProtocolWebSocketHandler[StompSubProtocolHandler[v10.stomp, v11.stomp, v12.stomp]]
2025-04-19 20:06:20 [main] DEBUG org.springframework.web.SimpLogging - clientInboundChannel added WebSocketAnnotationMethodMessageHandler[prefixes=[/app/]]
2025-04-19 20:06:20 [main] INFO  o.s.m.s.b.SimpleBrokerMessageHandler - Starting...
2025-04-19 20:06:20 [main] DEBUG org.springframework.web.SimpLogging - clientInboundChannel added SimpleBrokerMessageHandler [org.springframework.messaging.simp.broker.DefaultSubscriptionRegistry@7c96ee9e]
2025-04-19 20:06:20 [main] DEBUG org.springframework.web.SimpLogging - brokerChannel added SimpleBrokerMessageHandler [org.springframework.messaging.simp.broker.DefaultSubscriptionRegistry@7c96ee9e]
2025-04-19 20:06:20 [main] INFO  o.s.m.s.b.SimpleBrokerMessageHandler - BrokerAvailabilityEvent[available=true, SimpleBrokerMessageHandler [org.springframework.messaging.simp.broker.DefaultSubscriptionRegistry@7c96ee9e]]
2025-04-19 20:06:20 [main] INFO  o.s.m.s.b.SimpleBrokerMessageHandler - Started.
2025-04-19 20:06:20 [main] DEBUG org.springframework.web.SimpLogging - clientInboundChannel added UserDestinationMessageHandler[DefaultUserDestinationResolver[prefix=/user/]]
2025-04-19 20:06:20 [main] DEBUG org.springframework.web.SimpLogging - brokerChannel added UserDestinationMessageHandler[DefaultUserDestinationResolver[prefix=/user/]]
2025-04-19 20:06:20 [main] INFO  o.s.b.w.e.tomcat.TomcatWebServer - Tomcat started on port 8080 (http) with context path '/'
2025-04-19 20:06:20 [main] INFO  c.z.b.SpringwithjwtApplication - Started SpringwithjwtApplication in 10.724 seconds (process running for 11.579)
2025-04-19 20:07:20 [MessageBroker-1] INFO  o.s.w.s.c.WebSocketMessageBrokerStats - WebSocketSession[0 current WS(0)-HttpStream(0)-HttpPoll(0), 0 total, 0 closed abnormally (0 connect failure, 0 send limit, 0 transport error)], stompSubProtocol[processed CONNECT(0)-CONNECTED(0)-DISCONNECT(0)], stompBrokerRelay[null], inboundChannel[pool size = 0, active threads = 0, queued tasks = 0, completed tasks = 0], outboundChannel[pool size = 0, active threads = 0, queued tasks = 0, completed tasks = 0], sockJsScheduler[pool size = 1, active threads = 1, queued tasks = 0, completed tasks = 0]
2025-04-19 20:08:49 [http-nio-8080-exec-1] INFO  o.a.c.c.C.[Tomcat].[localhost].[/] - Initializing Spring DispatcherServlet 'dispatcherServlet'
2025-04-19 20:08:49 [http-nio-8080-exec-1] INFO  o.s.web.servlet.DispatcherServlet - Initializing Servlet 'dispatcherServlet'
2025-04-19 20:08:49 [http-nio-8080-exec-1] DEBUG o.s.web.servlet.DispatcherServlet - Detected StandardServletMultipartResolver
2025-04-19 20:08:49 [http-nio-8080-exec-1] DEBUG o.s.web.servlet.DispatcherServlet - Detected AcceptHeaderLocaleResolver
2025-04-19 20:08:49 [http-nio-8080-exec-1] DEBUG o.s.web.servlet.DispatcherServlet - Detected FixedThemeResolver
2025-04-19 20:08:49 [http-nio-8080-exec-1] DEBUG o.s.web.servlet.DispatcherServlet - Detected org.springframework.web.servlet.view.DefaultRequestToViewNameTranslator@728c3a0e
2025-04-19 20:08:49 [http-nio-8080-exec-1] DEBUG o.s.web.servlet.DispatcherServlet - Detected org.springframework.web.servlet.support.SessionFlashMapManager@7ab66d54
2025-04-19 20:08:49 [http-nio-8080-exec-1] DEBUG o.s.web.servlet.DispatcherServlet - enableLoggingRequestDetails='false': request parameters and headers will be masked to prevent unsafe logging of potentially sensitive data
2025-04-19 20:08:49 [http-nio-8080-exec-1] INFO  o.s.web.servlet.DispatcherServlet - Completed initialization in 4 ms
2025-04-19 20:08:49 [http-nio-8080-exec-3] DEBUG o.s.security.web.FilterChainProxy - Securing GET /api/v1/game/all
2025-04-19 20:08:49 [http-nio-8080-exec-3] ERROR o.a.c.c.C.[.[.[.[dispatcherServlet] - Servlet.service() for servlet [dispatcherServlet] in context with path [] threw exception
io.jsonwebtoken.MalformedJwtException: JWT strings must contain exactly 2 period characters. Found: 0
	at io.jsonwebtoken.impl.DefaultJwtParser.parse(DefaultJwtParser.java:275)
	at io.jsonwebtoken.impl.DefaultJwtParser.parse(DefaultJwtParser.java:529)
	at io.jsonwebtoken.impl.DefaultJwtParser.parseClaimsJws(DefaultJwtParser.java:589)
	at com.zenova.back_end.util.JwtUtil.getAllClaimsFromToken(JwtUtil.java:55)
	at com.zenova.back_end.util.JwtUtil.getClaimFromToken(JwtUtil.java:47)
	at com.zenova.back_end.util.JwtUtil.getUsernameFromToken(JwtUtil.java:33)
	at com.zenova.back_end.config.JwtFilter.doFilterInternal(JwtFilter.java:41)
	at org.springframework.web.filter.OncePerRequestFilter.doFilter(OncePerRequestFilter.java:116)
	at org.springframework.security.web.FilterChainProxy$VirtualFilterChain.doFilter(FilterChainProxy.java:374)
	at org.springframework.security.web.authentication.logout.LogoutFilter.doFilter(LogoutFilter.java:107)
	at org.springframework.security.web.authentication.logout.LogoutFilter.doFilter(LogoutFilter.java:93)
	at org.springframework.security.web.FilterChainProxy$VirtualFilterChain.doFilter(FilterChainProxy.java:374)
	at org.springframework.security.web.header.HeaderWriterFilter.doHeadersAfter(HeaderWriterFilter.java:90)
	at org.springframework.security.web.header.HeaderWriterFilter.doFilterInternal(HeaderWriterFilter.java:75)
	at org.springframework.web.filter.OncePerRequestFilter.doFilter(OncePerRequestFilter.java:116)
	at org.springframework.security.web.FilterChainProxy$VirtualFilterChain.doFilter(FilterChainProxy.java:374)
	at org.springframework.security.web.context.SecurityContextHolderFilter.doFilter(SecurityContextHolderFilter.java:82)
	at org.springframework.security.web.context.SecurityContextHolderFilter.doFilter(SecurityContextHolderFilter.java:69)
	at org.springframework.security.web.FilterChainProxy$VirtualFilterChain.doFilter(FilterChainProxy.java:374)
	at org.springframework.security.web.context.request.async.WebAsyncManagerIntegrationFilter.doFilterInternal(WebAsyncManagerIntegrationFilter.java:62)
	at org.springframework.web.filter.OncePerRequestFilter.doFilter(OncePerRequestFilter.java:116)
	at org.springframework.security.web.FilterChainProxy$VirtualFilterChain.doFilter(FilterChainProxy.java:374)
	at org.springframework.security.web.session.DisableEncodeUrlFilter.doFilterInternal(DisableEncodeUrlFilter.java:42)
	at org.springframework.web.filter.OncePerRequestFilter.doFilter(OncePerRequestFilter.java:116)
	at org.springframework.security.web.FilterChainProxy$VirtualFilterChain.doFilter(FilterChainProxy.java:374)
	at org.springframework.security.web.FilterChainProxy.doFilterInternal(FilterChainProxy.java:233)
	at org.springframework.security.web.FilterChainProxy.doFilter(FilterChainProxy.java:191)
	at org.springframework.web.filter.CompositeFilter$VirtualFilterChain.doFilter(CompositeFilter.java:113)
	at org.springframework.web.servlet.handler.HandlerMappingIntrospector.lambda$createCacheFilter$3(HandlerMappingIntrospector.java:243)
	at org.springframework.web.filter.CompositeFilter$VirtualFilterChain.doFilter(CompositeFilter.java:113)
	at org.springframework.web.filter.CompositeFilter.doFilter(CompositeFilter.java:74)
	at org.springframework.security.config.annotation.web.configuration.WebMvcSecurityConfiguration$CompositeFilterChainProxy.doFilter(WebMvcSecurityConfiguration.java:238)
	at org.springframework.web.filter.DelegatingFilterProxy.invokeDelegate(DelegatingFilterProxy.java:362)
	at org.springframework.web.filter.DelegatingFilterProxy.doFilter(DelegatingFilterProxy.java:278)
	at org.apache.catalina.core.ApplicationFilterChain.internalDoFilter(ApplicationFilterChain.java:164)
	at org.apache.catalina.core.ApplicationFilterChain.doFilter(ApplicationFilterChain.java:140)
	at org.springframework.web.filter.CorsFilter.doFilterInternal(CorsFilter.java:91)
	at org.springframework.web.filter.OncePerRequestFilter.doFilter(OncePerRequestFilter.java:116)
	at org.apache.catalina.core.ApplicationFilterChain.internalDoFilter(ApplicationFilterChain.java:164)
	at org.apache.catalina.core.ApplicationFilterChain.doFilter(ApplicationFilterChain.java:140)
	at org.springframework.web.filter.RequestContextFilter.doFilterInternal(RequestContextFilter.java:100)
	at org.springframework.web.filter.OncePerRequestFilter.doFilter(OncePerRequestFilter.java:116)
	at org.apache.catalina.core.ApplicationFilterChain.internalDoFilter(ApplicationFilterChain.java:164)
	at org.apache.catalina.core.ApplicationFilterChain.doFilter(ApplicationFilterChain.java:140)
	at org.springframework.web.filter.FormContentFilter.doFilterInternal(FormContentFilter.java:93)
	at org.springframework.web.filter.OncePerRequestFilter.doFilter(OncePerRequestFilter.java:116)
	at org.apache.catalina.core.ApplicationFilterChain.internalDoFilter(ApplicationFilterChain.java:164)
	at org.apache.catalina.core.ApplicationFilterChain.doFilter(ApplicationFilterChain.java:140)
	at org.springframework.web.filter.CharacterEncodingFilter.doFilterInternal(CharacterEncodingFilter.java:201)
	at org.springframework.web.filter.OncePerRequestFilter.doFilter(OncePerRequestFilter.java:116)
	at org.apache.catalina.core.ApplicationFilterChain.internalDoFilter(ApplicationFilterChain.java:164)
	at org.apache.catalina.core.ApplicationFilterChain.doFilter(ApplicationFilterChain.java:140)
	at org.apache.catalina.core.StandardWrapperValve.invoke(StandardWrapperValve.java:167)
	at org.apache.catalina.core.StandardContextValve.invoke(StandardContextValve.java:90)
	at org.apache.catalina.authenticator.AuthenticatorBase.invoke(AuthenticatorBase.java:483)
	at org.apache.catalina.core.StandardHostValve.invoke(StandardHostValve.java:115)
	at org.apache.catalina.valves.ErrorReportValve.invoke(ErrorReportValve.java:93)
	at org.apache.catalina.core.StandardEngineValve.invoke(StandardEngineValve.java:74)
	at org.apache.catalina.connector.CoyoteAdapter.service(CoyoteAdapter.java:344)
	at org.apache.coyote.http11.Http11Processor.service(Http11Processor.java:397)
	at org.apache.coyote.AbstractProcessorLight.process(AbstractProcessorLight.java:63)
	at org.apache.coyote.AbstractProtocol$ConnectionHandler.process(AbstractProtocol.java:905)
	at org.apache.tomcat.util.net.NioEndpoint$SocketProcessor.doRun(NioEndpoint.java:1741)
	at org.apache.tomcat.util.net.SocketProcessorBase.run(SocketProcessorBase.java:52)
	at org.apache.tomcat.util.threads.ThreadPoolExecutor.runWorker(ThreadPoolExecutor.java:1190)
	at org.apache.tomcat.util.threads.ThreadPoolExecutor$Worker.run(ThreadPoolExecutor.java:659)
	at org.apache.tomcat.util.threads.TaskThread$WrappingRunnable.run(TaskThread.java:63)
	at java.base/java.lang.Thread.run(Thread.java:833)
2025-04-19 20:08:49 [http-nio-8080-exec-3] DEBUG o.s.security.web.FilterChainProxy - Securing GET /error
2025-04-19 20:08:49 [http-nio-8080-exec-3] DEBUG o.s.s.w.a.AnonymousAuthenticationFilter - Set SecurityContextHolder to anonymous SecurityContext
2025-04-19 20:08:49 [http-nio-8080-exec-3] DEBUG o.s.s.w.a.Http403ForbiddenEntryPoint - Pre-authenticated entry point called. Rejecting access
2025-04-19 20:08:49 [http-nio-8080-exec-4] DEBUG o.s.security.web.FilterChainProxy - Securing GET /api/v1/game/all
2025-04-19 20:08:49 [http-nio-8080-exec-4] ERROR o.a.c.c.C.[.[.[.[dispatcherServlet] - Servlet.service() for servlet [dispatcherServlet] in context with path [] threw exception
io.jsonwebtoken.MalformedJwtException: JWT strings must contain exactly 2 period characters. Found: 0
	at io.jsonwebtoken.impl.DefaultJwtParser.parse(DefaultJwtParser.java:275)
	at io.jsonwebtoken.impl.DefaultJwtParser.parse(DefaultJwtParser.java:529)
	at io.jsonwebtoken.impl.DefaultJwtParser.parseClaimsJws(DefaultJwtParser.java:589)
	at com.zenova.back_end.util.JwtUtil.getAllClaimsFromToken(JwtUtil.java:55)
	at com.zenova.back_end.util.JwtUtil.getClaimFromToken(JwtUtil.java:47)
	at com.zenova.back_end.util.JwtUtil.getUsernameFromToken(JwtUtil.java:33)
	at com.zenova.back_end.config.JwtFilter.doFilterInternal(JwtFilter.java:41)
	at org.springframework.web.filter.OncePerRequestFilter.doFilter(OncePerRequestFilter.java:116)
	at org.springframework.security.web.FilterChainProxy$VirtualFilterChain.doFilter(FilterChainProxy.java:374)
	at org.springframework.security.web.authentication.logout.LogoutFilter.doFilter(LogoutFilter.java:107)
	at org.springframework.security.web.authentication.logout.LogoutFilter.doFilter(LogoutFilter.java:93)
	at org.springframework.security.web.FilterChainProxy$VirtualFilterChain.doFilter(FilterChainProxy.java:374)
	at org.springframework.security.web.header.HeaderWriterFilter.doHeadersAfter(HeaderWriterFilter.java:90)
	at org.springframework.security.web.header.HeaderWriterFilter.doFilterInternal(HeaderWriterFilter.java:75)
	at org.springframework.web.filter.OncePerRequestFilter.doFilter(OncePerRequestFilter.java:116)
	at org.springframework.security.web.FilterChainProxy$VirtualFilterChain.doFilter(FilterChainProxy.java:374)
	at org.springframework.security.web.context.SecurityContextHolderFilter.doFilter(SecurityContextHolderFilter.java:82)
	at org.springframework.security.web.context.SecurityContextHolderFilter.doFilter(SecurityContextHolderFilter.java:69)
	at org.springframework.security.web.FilterChainProxy$VirtualFilterChain.doFilter(FilterChainProxy.java:374)
	at org.springframework.security.web.context.request.async.WebAsyncManagerIntegrationFilter.doFilterInternal(WebAsyncManagerIntegrationFilter.java:62)
	at org.springframework.web.filter.OncePerRequestFilter.doFilter(OncePerRequestFilter.java:116)
	at org.springframework.security.web.FilterChainProxy$VirtualFilterChain.doFilter(FilterChainProxy.java:374)
	at org.springframework.security.web.session.DisableEncodeUrlFilter.doFilterInternal(DisableEncodeUrlFilter.java:42)
	at org.springframework.web.filter.OncePerRequestFilter.doFilter(OncePerRequestFilter.java:116)
	at org.springframework.security.web.FilterChainProxy$VirtualFilterChain.doFilter(FilterChainProxy.java:374)
	at org.springframework.security.web.FilterChainProxy.doFilterInternal(FilterChainProxy.java:233)
	at org.springframework.security.web.FilterChainProxy.doFilter(FilterChainProxy.java:191)
	at org.springframework.web.filter.CompositeFilter$VirtualFilterChain.doFilter(CompositeFilter.java:113)
	at org.springframework.web.servlet.handler.HandlerMappingIntrospector.lambda$createCacheFilter$3(HandlerMappingIntrospector.java:243)
	at org.springframework.web.filter.CompositeFilter$VirtualFilterChain.doFilter(CompositeFilter.java:113)
	at org.springframework.web.filter.CompositeFilter.doFilter(CompositeFilter.java:74)
	at org.springframework.security.config.annotation.web.configuration.WebMvcSecurityConfiguration$CompositeFilterChainProxy.doFilter(WebMvcSecurityConfiguration.java:238)
	at org.springframework.web.filter.DelegatingFilterProxy.invokeDelegate(DelegatingFilterProxy.java:362)
	at org.springframework.web.filter.DelegatingFilterProxy.doFilter(DelegatingFilterProxy.java:278)
	at org.apache.catalina.core.ApplicationFilterChain.internalDoFilter(ApplicationFilterChain.java:164)
	at org.apache.catalina.core.ApplicationFilterChain.doFilter(ApplicationFilterChain.java:140)
	at org.springframework.web.filter.CorsFilter.doFilterInternal(CorsFilter.java:91)
	at org.springframework.web.filter.OncePerRequestFilter.doFilter(OncePerRequestFilter.java:116)
	at org.apache.catalina.core.ApplicationFilterChain.internalDoFilter(ApplicationFilterChain.java:164)
	at org.apache.catalina.core.ApplicationFilterChain.doFilter(ApplicationFilterChain.java:140)
	at org.springframework.web.filter.RequestContextFilter.doFilterInternal(RequestContextFilter.java:100)
	at org.springframework.web.filter.OncePerRequestFilter.doFilter(OncePerRequestFilter.java:116)
	at org.apache.catalina.core.ApplicationFilterChain.internalDoFilter(ApplicationFilterChain.java:164)
	at org.apache.catalina.core.ApplicationFilterChain.doFilter(ApplicationFilterChain.java:140)
	at org.springframework.web.filter.FormContentFilter.doFilterInternal(FormContentFilter.java:93)
	at org.springframework.web.filter.OncePerRequestFilter.doFilter(OncePerRequestFilter.java:116)
	at org.apache.catalina.core.ApplicationFilterChain.internalDoFilter(ApplicationFilterChain.java:164)
	at org.apache.catalina.core.ApplicationFilterChain.doFilter(ApplicationFilterChain.java:140)
	at org.springframework.web.filter.CharacterEncodingFilter.doFilterInternal(CharacterEncodingFilter.java:201)
	at org.springframework.web.filter.OncePerRequestFilter.doFilter(OncePerRequestFilter.java:116)
	at org.apache.catalina.core.ApplicationFilterChain.internalDoFilter(ApplicationFilterChain.java:164)
	at org.apache.catalina.core.ApplicationFilterChain.doFilter(ApplicationFilterChain.java:140)
	at org.apache.catalina.core.StandardWrapperValve.invoke(StandardWrapperValve.java:167)
	at org.apache.catalina.core.StandardContextValve.invoke(StandardContextValve.java:90)
	at org.apache.catalina.authenticator.AuthenticatorBase.invoke(AuthenticatorBase.java:483)
	at org.apache.catalina.core.StandardHostValve.invoke(StandardHostValve.java:115)
	at org.apache.catalina.valves.ErrorReportValve.invoke(ErrorReportValve.java:93)
	at org.apache.catalina.core.StandardEngineValve.invoke(StandardEngineValve.java:74)
	at org.apache.catalina.connector.CoyoteAdapter.service(CoyoteAdapter.java:344)
	at org.apache.coyote.http11.Http11Processor.service(Http11Processor.java:397)
	at org.apache.coyote.AbstractProcessorLight.process(AbstractProcessorLight.java:63)
	at org.apache.coyote.AbstractProtocol$ConnectionHandler.process(AbstractProtocol.java:905)
	at org.apache.tomcat.util.net.NioEndpoint$SocketProcessor.doRun(NioEndpoint.java:1741)
	at org.apache.tomcat.util.net.SocketProcessorBase.run(SocketProcessorBase.java:52)
	at org.apache.tomcat.util.threads.ThreadPoolExecutor.runWorker(ThreadPoolExecutor.java:1190)
	at org.apache.tomcat.util.threads.ThreadPoolExecutor$Worker.run(ThreadPoolExecutor.java:659)
	at org.apache.tomcat.util.threads.TaskThread$WrappingRunnable.run(TaskThread.java:63)
	at java.base/java.lang.Thread.run(Thread.java:833)
2025-04-19 20:08:49 [http-nio-8080-exec-4] DEBUG o.s.security.web.FilterChainProxy - Securing GET /error
2025-04-19 20:08:49 [http-nio-8080-exec-4] DEBUG o.s.s.w.a.AnonymousAuthenticationFilter - Set SecurityContextHolder to anonymous SecurityContext
2025-04-19 20:08:49 [http-nio-8080-exec-4] DEBUG o.s.s.w.a.Http403ForbiddenEntryPoint - Pre-authenticated entry point called. Rejecting access
2025-04-19 20:08:56 [http-nio-8080-exec-5] DEBUG o.s.security.web.FilterChainProxy - Securing GET /api/v1/game/all
2025-04-19 20:08:56 [http-nio-8080-exec-5] ERROR o.a.c.c.C.[.[.[.[dispatcherServlet] - Servlet.service() for servlet [dispatcherServlet] in context with path [] threw exception
io.jsonwebtoken.MalformedJwtException: JWT strings must contain exactly 2 period characters. Found: 0
	at io.jsonwebtoken.impl.DefaultJwtParser.parse(DefaultJwtParser.java:275)
	at io.jsonwebtoken.impl.DefaultJwtParser.parse(DefaultJwtParser.java:529)
	at io.jsonwebtoken.impl.DefaultJwtParser.parseClaimsJws(DefaultJwtParser.java:589)
	at com.zenova.back_end.util.JwtUtil.getAllClaimsFromToken(JwtUtil.java:55)
	at com.zenova.back_end.util.JwtUtil.getClaimFromToken(JwtUtil.java:47)
	at com.zenova.back_end.util.JwtUtil.getUsernameFromToken(JwtUtil.java:33)
	at com.zenova.back_end.config.JwtFilter.doFilterInternal(JwtFilter.java:41)
	at org.springframework.web.filter.OncePerRequestFilter.doFilter(OncePerRequestFilter.java:116)
	at org.springframework.security.web.FilterChainProxy$VirtualFilterChain.doFilter(FilterChainProxy.java:374)
	at org.springframework.security.web.authentication.logout.LogoutFilter.doFilter(LogoutFilter.java:107)
	at org.springframework.security.web.authentication.logout.LogoutFilter.doFilter(LogoutFilter.java:93)
	at org.springframework.security.web.FilterChainProxy$VirtualFilterChain.doFilter(FilterChainProxy.java:374)
	at org.springframework.security.web.header.HeaderWriterFilter.doHeadersAfter(HeaderWriterFilter.java:90)
	at org.springframework.security.web.header.HeaderWriterFilter.doFilterInternal(HeaderWriterFilter.java:75)
	at org.springframework.web.filter.OncePerRequestFilter.doFilter(OncePerRequestFilter.java:116)
	at org.springframework.security.web.FilterChainProxy$VirtualFilterChain.doFilter(FilterChainProxy.java:374)
	at org.springframework.security.web.context.SecurityContextHolderFilter.doFilter(SecurityContextHolderFilter.java:82)
	at org.springframework.security.web.context.SecurityContextHolderFilter.doFilter(SecurityContextHolderFilter.java:69)
	at org.springframework.security.web.FilterChainProxy$VirtualFilterChain.doFilter(FilterChainProxy.java:374)
	at org.springframework.security.web.context.request.async.WebAsyncManagerIntegrationFilter.doFilterInternal(WebAsyncManagerIntegrationFilter.java:62)
	at org.springframework.web.filter.OncePerRequestFilter.doFilter(OncePerRequestFilter.java:116)
	at org.springframework.security.web.FilterChainProxy$VirtualFilterChain.doFilter(FilterChainProxy.java:374)
	at org.springframework.security.web.session.DisableEncodeUrlFilter.doFilterInternal(DisableEncodeUrlFilter.java:42)
	at org.springframework.web.filter.OncePerRequestFilter.doFilter(OncePerRequestFilter.java:116)
	at org.springframework.security.web.FilterChainProxy$VirtualFilterChain.doFilter(FilterChainProxy.java:374)
	at org.springframework.security.web.FilterChainProxy.doFilterInternal(FilterChainProxy.java:233)
	at org.springframework.security.web.FilterChainProxy.doFilter(FilterChainProxy.java:191)
	at org.springframework.web.filter.CompositeFilter$VirtualFilterChain.doFilter(CompositeFilter.java:113)
	at org.springframework.web.servlet.handler.HandlerMappingIntrospector.lambda$createCacheFilter$3(HandlerMappingIntrospector.java:243)
	at org.springframework.web.filter.CompositeFilter$VirtualFilterChain.doFilter(CompositeFilter.java:113)
	at org.springframework.web.filter.CompositeFilter.doFilter(CompositeFilter.java:74)
	at org.springframework.security.config.annotation.web.configuration.WebMvcSecurityConfiguration$CompositeFilterChainProxy.doFilter(WebMvcSecurityConfiguration.java:238)
	at org.springframework.web.filter.DelegatingFilterProxy.invokeDelegate(DelegatingFilterProxy.java:362)
	at org.springframework.web.filter.DelegatingFilterProxy.doFilter(DelegatingFilterProxy.java:278)
	at org.apache.catalina.core.ApplicationFilterChain.internalDoFilter(ApplicationFilterChain.java:164)
	at org.apache.catalina.core.ApplicationFilterChain.doFilter(ApplicationFilterChain.java:140)
	at org.springframework.web.filter.CorsFilter.doFilterInternal(CorsFilter.java:91)
	at org.springframework.web.filter.OncePerRequestFilter.doFilter(OncePerRequestFilter.java:116)
	at org.apache.catalina.core.ApplicationFilterChain.internalDoFilter(ApplicationFilterChain.java:164)
	at org.apache.catalina.core.ApplicationFilterChain.doFilter(ApplicationFilterChain.java:140)
	at org.springframework.web.filter.RequestContextFilter.doFilterInternal(RequestContextFilter.java:100)
	at org.springframework.web.filter.OncePerRequestFilter.doFilter(OncePerRequestFilter.java:116)
	at org.apache.catalina.core.ApplicationFilterChain.internalDoFilter(ApplicationFilterChain.java:164)
	at org.apache.catalina.core.ApplicationFilterChain.doFilter(ApplicationFilterChain.java:140)
	at org.springframework.web.filter.FormContentFilter.doFilterInternal(FormContentFilter.java:93)
	at org.springframework.web.filter.OncePerRequestFilter.doFilter(OncePerRequestFilter.java:116)
	at org.apache.catalina.core.ApplicationFilterChain.internalDoFilter(ApplicationFilterChain.java:164)
	at org.apache.catalina.core.ApplicationFilterChain.doFilter(ApplicationFilterChain.java:140)
	at org.springframework.web.filter.CharacterEncodingFilter.doFilterInternal(CharacterEncodingFilter.java:201)
	at org.springframework.web.filter.OncePerRequestFilter.doFilter(OncePerRequestFilter.java:116)
	at org.apache.catalina.core.ApplicationFilterChain.internalDoFilter(ApplicationFilterChain.java:164)
	at org.apache.catalina.core.ApplicationFilterChain.doFilter(ApplicationFilterChain.java:140)
	at org.apache.catalina.core.StandardWrapperValve.invoke(StandardWrapperValve.java:167)
	at org.apache.catalina.core.StandardContextValve.invoke(StandardContextValve.java:90)
	at org.apache.catalina.authenticator.AuthenticatorBase.invoke(AuthenticatorBase.java:483)
	at org.apache.catalina.core.StandardHostValve.invoke(StandardHostValve.java:115)
	at org.apache.catalina.valves.ErrorReportValve.invoke(ErrorReportValve.java:93)
	at org.apache.catalina.core.StandardEngineValve.invoke(StandardEngineValve.java:74)
	at org.apache.catalina.connector.CoyoteAdapter.service(CoyoteAdapter.java:344)
	at org.apache.coyote.http11.Http11Processor.service(Http11Processor.java:397)
	at org.apache.coyote.AbstractProcessorLight.process(AbstractProcessorLight.java:63)
	at org.apache.coyote.AbstractProtocol$ConnectionHandler.process(AbstractProtocol.java:905)
	at org.apache.tomcat.util.net.NioEndpoint$SocketProcessor.doRun(NioEndpoint.java:1741)
	at org.apache.tomcat.util.net.SocketProcessorBase.run(SocketProcessorBase.java:52)
	at org.apache.tomcat.util.threads.ThreadPoolExecutor.runWorker(ThreadPoolExecutor.java:1190)
	at org.apache.tomcat.util.threads.ThreadPoolExecutor$Worker.run(ThreadPoolExecutor.java:659)
	at org.apache.tomcat.util.threads.TaskThread$WrappingRunnable.run(TaskThread.java:63)
	at java.base/java.lang.Thread.run(Thread.java:833)
2025-04-19 20:08:56 [http-nio-8080-exec-5] DEBUG o.s.security.web.FilterChainProxy - Securing GET /error
2025-04-19 20:08:56 [http-nio-8080-exec-5] DEBUG o.s.s.w.a.AnonymousAuthenticationFilter - Set SecurityContextHolder to anonymous SecurityContext
2025-04-19 20:08:56 [http-nio-8080-exec-5] DEBUG o.s.s.w.a.Http403ForbiddenEntryPoint - Pre-authenticated entry point called. Rejecting access
2025-04-19 20:08:56 [http-nio-8080-exec-6] DEBUG o.s.security.web.FilterChainProxy - Securing GET /api/v1/game/all
2025-04-19 20:08:56 [http-nio-8080-exec-6] ERROR o.a.c.c.C.[.[.[.[dispatcherServlet] - Servlet.service() for servlet [dispatcherServlet] in context with path [] threw exception
io.jsonwebtoken.MalformedJwtException: JWT strings must contain exactly 2 period characters. Found: 0
	at io.jsonwebtoken.impl.DefaultJwtParser.parse(DefaultJwtParser.java:275)
	at io.jsonwebtoken.impl.DefaultJwtParser.parse(DefaultJwtParser.java:529)
	at io.jsonwebtoken.impl.DefaultJwtParser.parseClaimsJws(DefaultJwtParser.java:589)
	at com.zenova.back_end.util.JwtUtil.getAllClaimsFromToken(JwtUtil.java:55)
	at com.zenova.back_end.util.JwtUtil.getClaimFromToken(JwtUtil.java:47)
	at com.zenova.back_end.util.JwtUtil.getUsernameFromToken(JwtUtil.java:33)
	at com.zenova.back_end.config.JwtFilter.doFilterInternal(JwtFilter.java:41)
	at org.springframework.web.filter.OncePerRequestFilter.doFilter(OncePerRequestFilter.java:116)
	at org.springframework.security.web.FilterChainProxy$VirtualFilterChain.doFilter(FilterChainProxy.java:374)
	at org.springframework.security.web.authentication.logout.LogoutFilter.doFilter(LogoutFilter.java:107)
	at org.springframework.security.web.authentication.logout.LogoutFilter.doFilter(LogoutFilter.java:93)
	at org.springframework.security.web.FilterChainProxy$VirtualFilterChain.doFilter(FilterChainProxy.java:374)
	at org.springframework.security.web.header.HeaderWriterFilter.doHeadersAfter(HeaderWriterFilter.java:90)
	at org.springframework.security.web.header.HeaderWriterFilter.doFilterInternal(HeaderWriterFilter.java:75)
	at org.springframework.web.filter.OncePerRequestFilter.doFilter(OncePerRequestFilter.java:116)
	at org.springframework.security.web.FilterChainProxy$VirtualFilterChain.doFilter(FilterChainProxy.java:374)
	at org.springframework.security.web.context.SecurityContextHolderFilter.doFilter(SecurityContextHolderFilter.java:82)
	at org.springframework.security.web.context.SecurityContextHolderFilter.doFilter(SecurityContextHolderFilter.java:69)
	at org.springframework.security.web.FilterChainProxy$VirtualFilterChain.doFilter(FilterChainProxy.java:374)
	at org.springframework.security.web.context.request.async.WebAsyncManagerIntegrationFilter.doFilterInternal(WebAsyncManagerIntegrationFilter.java:62)
	at org.springframework.web.filter.OncePerRequestFilter.doFilter(OncePerRequestFilter.java:116)
	at org.springframework.security.web.FilterChainProxy$VirtualFilterChain.doFilter(FilterChainProxy.java:374)
	at org.springframework.security.web.session.DisableEncodeUrlFilter.doFilterInternal(DisableEncodeUrlFilter.java:42)
	at org.springframework.web.filter.OncePerRequestFilter.doFilter(OncePerRequestFilter.java:116)
	at org.springframework.security.web.FilterChainProxy$VirtualFilterChain.doFilter(FilterChainProxy.java:374)
	at org.springframework.security.web.FilterChainProxy.doFilterInternal(FilterChainProxy.java:233)
	at org.springframework.security.web.FilterChainProxy.doFilter(FilterChainProxy.java:191)
	at org.springframework.web.filter.CompositeFilter$VirtualFilterChain.doFilter(CompositeFilter.java:113)
	at org.springframework.web.servlet.handler.HandlerMappingIntrospector.lambda$createCacheFilter$3(HandlerMappingIntrospector.java:243)
	at org.springframework.web.filter.CompositeFilter$VirtualFilterChain.doFilter(CompositeFilter.java:113)
	at org.springframework.web.filter.CompositeFilter.doFilter(CompositeFilter.java:74)
	at org.springframework.security.config.annotation.web.configuration.WebMvcSecurityConfiguration$CompositeFilterChainProxy.doFilter(WebMvcSecurityConfiguration.java:238)
	at org.springframework.web.filter.DelegatingFilterProxy.invokeDelegate(DelegatingFilterProxy.java:362)
	at org.springframework.web.filter.DelegatingFilterProxy.doFilter(DelegatingFilterProxy.java:278)
	at org.apache.catalina.core.ApplicationFilterChain.internalDoFilter(ApplicationFilterChain.java:164)
	at org.apache.catalina.core.ApplicationFilterChain.doFilter(ApplicationFilterChain.java:140)
	at org.springframework.web.filter.CorsFilter.doFilterInternal(CorsFilter.java:91)
	at org.springframework.web.filter.OncePerRequestFilter.doFilter(OncePerRequestFilter.java:116)
	at org.apache.catalina.core.ApplicationFilterChain.internalDoFilter(ApplicationFilterChain.java:164)
	at org.apache.catalina.core.ApplicationFilterChain.doFilter(ApplicationFilterChain.java:140)
	at org.springframework.web.filter.RequestContextFilter.doFilterInternal(RequestContextFilter.java:100)
	at org.springframework.web.filter.OncePerRequestFilter.doFilter(OncePerRequestFilter.java:116)
	at org.apache.catalina.core.ApplicationFilterChain.internalDoFilter(ApplicationFilterChain.java:164)
	at org.apache.catalina.core.ApplicationFilterChain.doFilter(ApplicationFilterChain.java:140)
	at org.springframework.web.filter.FormContentFilter.doFilterInternal(FormContentFilter.java:93)
	at org.springframework.web.filter.OncePerRequestFilter.doFilter(OncePerRequestFilter.java:116)
	at org.apache.catalina.core.ApplicationFilterChain.internalDoFilter(ApplicationFilterChain.java:164)
	at org.apache.catalina.core.ApplicationFilterChain.doFilter(ApplicationFilterChain.java:140)
	at org.springframework.web.filter.CharacterEncodingFilter.doFilterInternal(CharacterEncodingFilter.java:201)
	at org.springframework.web.filter.OncePerRequestFilter.doFilter(OncePerRequestFilter.java:116)
	at org.apache.catalina.core.ApplicationFilterChain.internalDoFilter(ApplicationFilterChain.java:164)
	at org.apache.catalina.core.ApplicationFilterChain.doFilter(ApplicationFilterChain.java:140)
	at org.apache.catalina.core.StandardWrapperValve.invoke(StandardWrapperValve.java:167)
	at org.apache.catalina.core.StandardContextValve.invoke(StandardContextValve.java:90)
	at org.apache.catalina.authenticator.AuthenticatorBase.invoke(AuthenticatorBase.java:483)
	at org.apache.catalina.core.StandardHostValve.invoke(StandardHostValve.java:115)
	at org.apache.catalina.valves.ErrorReportValve.invoke(ErrorReportValve.java:93)
	at org.apache.catalina.core.StandardEngineValve.invoke(StandardEngineValve.java:74)
	at org.apache.catalina.connector.CoyoteAdapter.service(CoyoteAdapter.java:344)
	at org.apache.coyote.http11.Http11Processor.service(Http11Processor.java:397)
	at org.apache.coyote.AbstractProcessorLight.process(AbstractProcessorLight.java:63)
	at org.apache.coyote.AbstractProtocol$ConnectionHandler.process(AbstractProtocol.java:905)
	at org.apache.tomcat.util.net.NioEndpoint$SocketProcessor.doRun(NioEndpoint.java:1741)
	at org.apache.tomcat.util.net.SocketProcessorBase.run(SocketProcessorBase.java:52)
	at org.apache.tomcat.util.threads.ThreadPoolExecutor.runWorker(ThreadPoolExecutor.java:1190)
	at org.apache.tomcat.util.threads.ThreadPoolExecutor$Worker.run(ThreadPoolExecutor.java:659)
	at org.apache.tomcat.util.threads.TaskThread$WrappingRunnable.run(TaskThread.java:63)
	at java.base/java.lang.Thread.run(Thread.java:833)
2025-04-19 20:08:56 [http-nio-8080-exec-6] DEBUG o.s.security.web.FilterChainProxy - Securing GET /error
2025-04-19 20:08:56 [http-nio-8080-exec-6] DEBUG o.s.s.w.a.AnonymousAuthenticationFilter - Set SecurityContextHolder to anonymous SecurityContext
2025-04-19 20:08:56 [http-nio-8080-exec-6] DEBUG o.s.s.w.a.Http403ForbiddenEntryPoint - Pre-authenticated entry point called. Rejecting access
2025-04-19 20:09:47 [http-nio-8080-exec-8] DEBUG o.s.security.web.FilterChainProxy - Securing POST /api/v1/auth/authenticate
2025-04-19 20:09:47 [http-nio-8080-exec-8] DEBUG o.s.s.w.a.AnonymousAuthenticationFilter - Set SecurityContextHolder to anonymous SecurityContext
2025-04-19 20:09:47 [http-nio-8080-exec-8] DEBUG o.s.security.web.FilterChainProxy - Secured POST /api/v1/auth/authenticate
2025-04-19 20:09:47 [http-nio-8080-exec-8] DEBUG o.s.web.servlet.DispatcherServlet - POST "/api/v1/auth/authenticate", parameters={}
2025-04-19 20:09:47 [http-nio-8080-exec-8] DEBUG o.s.w.s.m.m.a.RequestMappingHandlerMapping - Mapped to com.zenova.back_end.controller.AuthController#authenticate(UserDTO)
2025-04-19 20:09:47 [http-nio-8080-exec-8] DEBUG o.s.w.s.m.m.a.RequestResponseBodyMethodProcessor - Read "application/json;charset=UTF-8" to [UserDTO(uid=null, email=www.thilankathushani@gmail.com, password=123, name=null, role=null, isActive (truncated)...]
2025-04-19 20:09:48 [http-nio-8080-exec-8] DEBUG o.s.s.a.d.DaoAuthenticationProvider - Authenticated user
2025-04-19 20:09:48 [http-nio-8080-exec-8] DEBUG o.s.w.s.m.m.a.HttpEntityMethodProcessor - Using 'application/json', given [*/*] and supported [application/json, application/*+json, application/yaml]
2025-04-19 20:09:48 [http-nio-8080-exec-8] DEBUG o.s.w.s.m.m.a.HttpEntityMethodProcessor - Writing [ResponseDTO(code=201, message=Success, data=AuthDTO(email=www.thilankathushani@gmail.com, token=eyJh (truncated)...]
2025-04-19 20:09:48 [http-nio-8080-exec-8] DEBUG o.s.web.servlet.DispatcherServlet - Completed 201 CREATED
2025-04-19 20:10:37 [http-nio-8080-exec-10] DEBUG o.s.security.web.FilterChainProxy - Securing POST /api/v1/auth/authenticate
2025-04-19 20:10:37 [http-nio-8080-exec-10] DEBUG o.s.s.w.a.AnonymousAuthenticationFilter - Set SecurityContextHolder to anonymous SecurityContext
2025-04-19 20:10:37 [http-nio-8080-exec-10] DEBUG o.s.security.web.FilterChainProxy - Secured POST /api/v1/auth/authenticate
2025-04-19 20:10:37 [http-nio-8080-exec-10] DEBUG o.s.web.servlet.DispatcherServlet - POST "/api/v1/auth/authenticate", parameters={}
2025-04-19 20:10:37 [http-nio-8080-exec-10] DEBUG o.s.w.s.m.m.a.RequestMappingHandlerMapping - Mapped to com.zenova.back_end.controller.AuthController#authenticate(UserDTO)
2025-04-19 20:10:37 [http-nio-8080-exec-10] DEBUG o.s.w.s.m.m.a.RequestResponseBodyMethodProcessor - Read "application/json;charset=UTF-8" to [UserDTO(uid=null, email=www.thilankathushani@gmail.com, password=123, name=null, role=null, isActive (truncated)...]
2025-04-19 20:10:37 [http-nio-8080-exec-10] DEBUG o.s.s.a.d.DaoAuthenticationProvider - Authenticated user
2025-04-19 20:10:37 [http-nio-8080-exec-10] DEBUG o.s.w.s.m.m.a.HttpEntityMethodProcessor - Using 'application/json', given [*/*] and supported [application/json, application/*+json, application/yaml]
2025-04-19 20:10:37 [http-nio-8080-exec-10] DEBUG o.s.w.s.m.m.a.HttpEntityMethodProcessor - Writing [ResponseDTO(code=201, message=Success, data=AuthDTO(email=www.thilankathushani@gmail.com, token=eyJh (truncated)...]
2025-04-19 20:10:37 [http-nio-8080-exec-10] DEBUG o.s.web.servlet.DispatcherServlet - Completed 201 CREATED
2025-04-19 20:10:39 [http-nio-8080-exec-1] DEBUG o.s.security.web.FilterChainProxy - Securing POST /api/v1/auth/authenticate
2025-04-19 20:10:39 [http-nio-8080-exec-1] DEBUG o.s.s.w.a.AnonymousAuthenticationFilter - Set SecurityContextHolder to anonymous SecurityContext
2025-04-19 20:10:39 [http-nio-8080-exec-1] DEBUG o.s.security.web.FilterChainProxy - Secured POST /api/v1/auth/authenticate
2025-04-19 20:10:39 [http-nio-8080-exec-1] DEBUG o.s.web.servlet.DispatcherServlet - POST "/api/v1/auth/authenticate", parameters={}
2025-04-19 20:10:39 [http-nio-8080-exec-1] DEBUG o.s.w.s.m.m.a.RequestMappingHandlerMapping - Mapped to com.zenova.back_end.controller.AuthController#authenticate(UserDTO)
2025-04-19 20:10:39 [http-nio-8080-exec-1] DEBUG o.s.w.s.m.m.a.RequestResponseBodyMethodProcessor - Read "application/json;charset=UTF-8" to [UserDTO(uid=null, email=www.thilankathushani@gmail.com, password=123, name=null, role=null, isActive (truncated)...]
2025-04-19 20:10:40 [http-nio-8080-exec-1] DEBUG o.s.s.a.d.DaoAuthenticationProvider - Authenticated user
2025-04-19 20:10:40 [http-nio-8080-exec-1] DEBUG o.s.w.s.m.m.a.HttpEntityMethodProcessor - Using 'application/json', given [*/*] and supported [application/json, application/*+json, application/yaml]
2025-04-19 20:10:40 [http-nio-8080-exec-1] DEBUG o.s.w.s.m.m.a.HttpEntityMethodProcessor - Writing [ResponseDTO(code=201, message=Success, data=AuthDTO(email=www.thilankathushani@gmail.com, token=eyJh (truncated)...]
2025-04-19 20:10:40 [http-nio-8080-exec-1] DEBUG o.s.web.servlet.DispatcherServlet - Completed 201 CREATED
2025-04-19 20:10:40 [http-nio-8080-exec-2] DEBUG o.s.security.web.FilterChainProxy - Securing POST /api/v1/auth/authenticate
2025-04-19 20:10:40 [http-nio-8080-exec-2] DEBUG o.s.s.w.a.AnonymousAuthenticationFilter - Set SecurityContextHolder to anonymous SecurityContext
2025-04-19 20:10:40 [http-nio-8080-exec-2] DEBUG o.s.security.web.FilterChainProxy - Secured POST /api/v1/auth/authenticate
2025-04-19 20:10:40 [http-nio-8080-exec-2] DEBUG o.s.web.servlet.DispatcherServlet - POST "/api/v1/auth/authenticate", parameters={}
2025-04-19 20:10:40 [http-nio-8080-exec-2] DEBUG o.s.w.s.m.m.a.RequestMappingHandlerMapping - Mapped to com.zenova.back_end.controller.AuthController#authenticate(UserDTO)
2025-04-19 20:10:40 [http-nio-8080-exec-2] DEBUG o.s.w.s.m.m.a.RequestResponseBodyMethodProcessor - Read "application/json;charset=UTF-8" to [UserDTO(uid=null, email=www.thilankathushani@gmail.com, password=123, name=null, role=null, isActive (truncated)...]
2025-04-19 20:10:40 [http-nio-8080-exec-2] DEBUG o.s.s.a.d.DaoAuthenticationProvider - Authenticated user
2025-04-19 20:10:40 [http-nio-8080-exec-2] DEBUG o.s.w.s.m.m.a.HttpEntityMethodProcessor - Using 'application/json', given [*/*] and supported [application/json, application/*+json, application/yaml]
2025-04-19 20:10:40 [http-nio-8080-exec-2] DEBUG o.s.w.s.m.m.a.HttpEntityMethodProcessor - Writing [ResponseDTO(code=201, message=Success, data=AuthDTO(email=www.thilankathushani@gmail.com, token=eyJh (truncated)...]
2025-04-19 20:10:40 [http-nio-8080-exec-2] DEBUG o.s.web.servlet.DispatcherServlet - Completed 201 CREATED
2025-04-19 20:11:10 [http-nio-8080-exec-3] DEBUG o.s.security.web.FilterChainProxy - Securing POST /api/v1/auth/authenticate
2025-04-19 20:11:10 [http-nio-8080-exec-3] DEBUG o.s.s.w.a.AnonymousAuthenticationFilter - Set SecurityContextHolder to anonymous SecurityContext
2025-04-19 20:11:10 [http-nio-8080-exec-3] DEBUG o.s.security.web.FilterChainProxy - Secured POST /api/v1/auth/authenticate
2025-04-19 20:11:10 [http-nio-8080-exec-3] DEBUG o.s.web.servlet.DispatcherServlet - POST "/api/v1/auth/authenticate", parameters={}
2025-04-19 20:11:10 [http-nio-8080-exec-3] DEBUG o.s.w.s.m.m.a.RequestMappingHandlerMapping - Mapped to com.zenova.back_end.controller.AuthController#authenticate(UserDTO)
2025-04-19 20:11:10 [http-nio-8080-exec-3] DEBUG o.s.w.s.m.m.a.RequestResponseBodyMethodProcessor - Read "application/json;charset=UTF-8" to [UserDTO(uid=null, email=www.thilankathushani@gmail.com, password=123, name=null, role=null, isActive (truncated)...]
2025-04-19 20:11:10 [http-nio-8080-exec-3] DEBUG o.s.s.a.d.DaoAuthenticationProvider - Authenticated user
2025-04-19 20:11:10 [http-nio-8080-exec-3] DEBUG o.s.w.s.m.m.a.HttpEntityMethodProcessor - Using 'application/json', given [*/*] and supported [application/json, application/*+json, application/yaml]
2025-04-19 20:11:10 [http-nio-8080-exec-3] DEBUG o.s.w.s.m.m.a.HttpEntityMethodProcessor - Writing [ResponseDTO(code=201, message=Success, data=AuthDTO(email=www.thilankathushani@gmail.com, token=eyJh (truncated)...]
2025-04-19 20:11:10 [http-nio-8080-exec-3] DEBUG o.s.web.servlet.DispatcherServlet - Completed 201 CREATED
2025-04-19 20:11:17 [http-nio-8080-exec-4] DEBUG o.s.security.web.FilterChainProxy - Securing GET /api/v1/game/all
2025-04-19 20:11:17 [http-nio-8080-exec-4] DEBUG o.s.security.web.FilterChainProxy - Secured GET /api/v1/game/all
2025-04-19 20:11:17 [http-nio-8080-exec-4] DEBUG o.s.web.servlet.DispatcherServlet - GET "/api/v1/game/all", parameters={}
2025-04-19 20:11:17 [http-nio-8080-exec-4] DEBUG o.s.w.s.m.m.a.RequestMappingHandlerMapping - Mapped to com.zenova.back_end.controller.GameController#getAllGames()
2025-04-19 20:11:17 [http-nio-8080-exec-4] DEBUG o.s.w.s.m.m.a.HttpEntityMethodProcessor - Using 'application/json', given [application/json, text/plain, */*] and supported [application/json, application/*+json, application/yaml]
2025-04-19 20:11:17 [http-nio-8080-exec-4] DEBUG o.s.w.s.m.m.a.HttpEntityMethodProcessor - Writing [[GameDTO(id=14, name=Fast Food Rush, description=You're at Burger King, sinking your teeth into a ju (truncated)...]
2025-04-19 20:11:17 [http-nio-8080-exec-4] DEBUG o.s.web.servlet.DispatcherServlet - Completed 200 OK
2025-04-19 20:11:17 [http-nio-8080-exec-5] DEBUG o.s.security.web.FilterChainProxy - Securing GET /api/v1/game/all
2025-04-19 20:11:17 [http-nio-8080-exec-5] DEBUG o.s.security.web.FilterChainProxy - Secured GET /api/v1/game/all
2025-04-19 20:11:17 [http-nio-8080-exec-5] DEBUG o.s.web.servlet.DispatcherServlet - GET "/api/v1/game/all", parameters={}
2025-04-19 20:11:17 [http-nio-8080-exec-5] DEBUG o.s.w.s.m.m.a.RequestMappingHandlerMapping - Mapped to com.zenova.back_end.controller.GameController#getAllGames()
2025-04-19 20:11:17 [http-nio-8080-exec-5] DEBUG o.s.w.s.m.m.a.HttpEntityMethodProcessor - Using 'application/json', given [application/json, text/plain, */*] and supported [application/json, application/*+json, application/yaml]
2025-04-19 20:11:17 [http-nio-8080-exec-5] DEBUG o.s.w.s.m.m.a.HttpEntityMethodProcessor - Writing [[GameDTO(id=14, name=Fast Food Rush, description=You're at Burger King, sinking your teeth into a ju (truncated)...]
2025-04-19 20:11:17 [http-nio-8080-exec-5] DEBUG o.s.web.servlet.DispatcherServlet - Completed 200 OK
2025-04-19 20:11:19 [http-nio-8080-exec-8] DEBUG o.s.security.web.FilterChainProxy - Securing GET /api/v1/reward/weekly
2025-04-19 20:11:19 [http-nio-8080-exec-8] DEBUG o.s.security.web.FilterChainProxy - Secured GET /api/v1/reward/weekly
2025-04-19 20:11:19 [http-nio-8080-exec-8] DEBUG o.s.web.servlet.DispatcherServlet - GET "/api/v1/reward/weekly", parameters={}
2025-04-19 20:11:19 [http-nio-8080-exec-8] DEBUG o.s.w.s.m.m.a.RequestMappingHandlerMapping - Mapped to com.zenova.back_end.controller.RewardController#getWeeklyReward(String)
2025-04-19 20:11:19 [http-nio-8080-exec-8] DEBUG o.s.web.servlet.DispatcherServlet - Failed to complete request: org.springframework.dao.InvalidDataAccessApiUsageException: Argument [6cca92da-6264-4037-b825-f542e09b1eb2] of type [java.lang.String] did not match parameter type [java.util.UUID (n/a)]
2025-04-19 20:11:19 [http-nio-8080-exec-8] ERROR o.a.c.c.C.[.[.[.[dispatcherServlet] - Servlet.service() for servlet [dispatcherServlet] in context with path [] threw exception [Request processing failed: org.springframework.dao.InvalidDataAccessApiUsageException: Argument [6cca92da-6264-4037-b825-f542e09b1eb2] of type [java.lang.String] did not match parameter type [java.util.UUID (n/a)]] with root cause
org.hibernate.query.QueryArgumentException: Argument [6cca92da-6264-4037-b825-f542e09b1eb2] of type [java.lang.String] did not match parameter type [java.util.UUID (n/a)]
	at org.hibernate.query.spi.QueryParameterBindingValidator.validate(QueryParameterBindingValidator.java:85)
	at org.hibernate.query.spi.QueryParameterBindingValidator.validate(QueryParameterBindingValidator.java:32)
	at org.hibernate.query.internal.QueryParameterBindingImpl.validate(QueryParameterBindingImpl.java:366)
	at org.hibernate.query.internal.QueryParameterBindingImpl.setBindValue(QueryParameterBindingImpl.java:142)
	at org.hibernate.query.spi.AbstractCommonQueryContract.setParameter(AbstractCommonQueryContract.java:835)
	at org.hibernate.query.spi.AbstractSelectionQuery.setParameter(AbstractSelectionQuery.java:602)
	at org.hibernate.query.sqm.internal.QuerySqmImpl.setParameter(QuerySqmImpl.java:1061)
	at org.hibernate.query.sqm.internal.QuerySqmImpl.setParameter(QuerySqmImpl.java:125)
	at org.springframework.data.jpa.repository.query.QueryParameterSetter$BindableQuery.setParameter(QueryParameterSetter.java:326)
	at org.springframework.data.jpa.repository.query.QueryParameterSetter$NamedOrIndexedQueryParameterSetter.lambda$4(QueryParameterSetter.java:117)
	at org.springframework.data.jpa.repository.query.QueryParameterSetter$ErrorHandling$1.execute(QueryParameterSetter.java:140)
	at org.springframework.data.jpa.repository.query.QueryParameterSetter$NamedOrIndexedQueryParameterSetter.setParameter(QueryParameterSetter.java:117)
	at org.springframework.data.jpa.repository.query.ParameterBinder.bind(ParameterBinder.java:86)
	at org.springframework.data.jpa.repository.query.ParameterBinder.bind(ParameterBinder.java:78)
	at org.springframework.data.jpa.repository.query.ParameterBinder.bindAndPrepare(ParameterBinder.java:100)
	at org.springframework.data.jpa.repository.query.AbstractStringBasedJpaQuery.doCreateQuery(AbstractStringBasedJpaQuery.java:128)
	at org.springframework.data.jpa.repository.query.AbstractJpaQuery.createQuery(AbstractJpaQuery.java:243)
	at org.springframework.data.jpa.repository.query.JpaQueryExecution$CollectionExecution.doExecute(JpaQueryExecution.java:130)
	at org.springframework.data.jpa.repository.query.JpaQueryExecution.execute(JpaQueryExecution.java:93)
	at org.springframework.data.jpa.repository.query.AbstractJpaQuery.doExecute(AbstractJpaQuery.java:152)
	at org.springframework.data.jpa.repository.query.AbstractJpaQuery.execute(AbstractJpaQuery.java:140)
	at org.springframework.data.repository.core.support.RepositoryMethodInvoker.doInvoke(RepositoryMethodInvoker.java:170)
	at org.springframework.data.repository.core.support.RepositoryMethodInvoker.invoke(RepositoryMethodInvoker.java:158)
	at org.springframework.data.repository.core.support.QueryExecutorMethodInterceptor.doInvoke(QueryExecutorMethodInterceptor.java:170)
	at org.springframework.data.repository.core.support.QueryExecutorMethodInterceptor.invoke(QueryExecutorMethodInterceptor.java:149)
	at org.springframework.aop.framework.ReflectiveMethodInvocation.proceed(ReflectiveMethodInvocation.java:184)
	at org.springframework.data.projection.DefaultMethodInvokingMethodInterceptor.invoke(DefaultMethodInvokingMethodInterceptor.java:69)
	at org.springframework.aop.framework.ReflectiveMethodInvocation.proceed(ReflectiveMethodInvocation.java:184)
	at org.springframework.transaction.interceptor.TransactionAspectSupport.invokeWithinTransaction(TransactionAspectSupport.java:380)
	at org.springframework.transaction.interceptor.TransactionInterceptor.invoke(TransactionInterceptor.java:119)
	at org.springframework.aop.framework.ReflectiveMethodInvocation.proceed(ReflectiveMethodInvocation.java:184)
	at org.springframework.dao.support.PersistenceExceptionTranslationInterceptor.invoke(PersistenceExceptionTranslationInterceptor.java:138)
	at org.springframework.aop.framework.ReflectiveMethodInvocation.proceed(ReflectiveMethodInvocation.java:184)
	at org.springframework.data.jpa.repository.support.CrudMethodMetadataPostProcessor$CrudMethodMetadataPopulatingMethodInterceptor.invoke(CrudMethodMetadataPostProcessor.java:136)
	at org.springframework.aop.framework.ReflectiveMethodInvocation.proceed(ReflectiveMethodInvocation.java:184)
	at org.springframework.aop.framework.JdkDynamicAopProxy.invoke(JdkDynamicAopProxy.java:223)
	at jdk.proxy2/jdk.proxy2.$Proxy160.findByUserIdAndWeekStartDate(Unknown Source)
	at com.zenova.back_end.service.impl.ScoreServiceImpl.getWeeklyReward(ScoreServiceImpl.java:82)
	at java.base/jdk.internal.reflect.NativeMethodAccessorImpl.invoke0(Native Method)
	at java.base/jdk.internal.reflect.NativeMethodAccessorImpl.invoke(NativeMethodAccessorImpl.java:77)
	at java.base/jdk.internal.reflect.DelegatingMethodAccessorImpl.invoke(DelegatingMethodAccessorImpl.java:43)
	at java.base/java.lang.reflect.Method.invoke(Method.java:568)
	at org.springframework.aop.support.AopUtils.invokeJoinpointUsingReflection(AopUtils.java:359)
	at org.springframework.aop.framework.CglibAopProxy$DynamicAdvisedInterceptor.intercept(CglibAopProxy.java:723)
	at com.zenova.back_end.service.impl.ScoreServiceImpl$$SpringCGLIB$$0.getWeeklyReward(<generated>)
	at com.zenova.back_end.controller.RewardController.getWeeklyReward(RewardController.java:42)
	at java.base/jdk.internal.reflect.NativeMethodAccessorImpl.invoke0(Native Method)
	at java.base/jdk.internal.reflect.NativeMethodAccessorImpl.invoke(NativeMethodAccessorImpl.java:77)
	at java.base/jdk.internal.reflect.DelegatingMethodAccessorImpl.invoke(DelegatingMethodAccessorImpl.java:43)
	at java.base/java.lang.reflect.Method.invoke(Method.java:568)
	at org.springframework.web.method.support.InvocableHandlerMethod.doInvoke(InvocableHandlerMethod.java:257)
	at org.springframework.web.method.support.InvocableHandlerMethod.invokeForRequest(InvocableHandlerMethod.java:190)
	at org.springframework.web.servlet.mvc.method.annotation.ServletInvocableHandlerMethod.invokeAndHandle(ServletInvocableHandlerMethod.java:118)
	at org.springframework.web.servlet.mvc.method.annotation.RequestMappingHandlerAdapter.invokeHandlerMethod(RequestMappingHandlerAdapter.java:986)
	at org.springframework.web.servlet.mvc.method.annotation.RequestMappingHandlerAdapter.handleInternal(RequestMappingHandlerAdapter.java:891)
	at org.springframework.web.servlet.mvc.method.AbstractHandlerMethodAdapter.handle(AbstractHandlerMethodAdapter.java:87)
	at org.springframework.web.servlet.DispatcherServlet.doDispatch(DispatcherServlet.java:1088)
	at org.springframework.web.servlet.DispatcherServlet.doService(DispatcherServlet.java:978)
	at org.springframework.web.servlet.FrameworkServlet.processRequest(FrameworkServlet.java:1014)
	at org.springframework.web.servlet.FrameworkServlet.doGet(FrameworkServlet.java:903)
	at jakarta.servlet.http.HttpServlet.service(HttpServlet.java:564)
	at org.springframework.web.servlet.FrameworkServlet.service(FrameworkServlet.java:885)
	at jakarta.servlet.http.HttpServlet.service(HttpServlet.java:658)
	at org.apache.catalina.core.ApplicationFilterChain.internalDoFilter(ApplicationFilterChain.java:195)
	at org.apache.catalina.core.ApplicationFilterChain.doFilter(ApplicationFilterChain.java:140)
	at org.apache.tomcat.websocket.server.WsFilter.doFilter(WsFilter.java:51)
	at org.apache.catalina.core.ApplicationFilterChain.internalDoFilter(ApplicationFilterChain.java:164)
	at org.apache.catalina.core.ApplicationFilterChain.doFilter(ApplicationFilterChain.java:140)
	at org.springframework.web.filter.OncePerRequestFilter.doFilter(OncePerRequestFilter.java:110)
	at org.apache.catalina.core.ApplicationFilterChain.internalDoFilter(ApplicationFilterChain.java:164)
	at org.apache.catalina.core.ApplicationFilterChain.doFilter(ApplicationFilterChain.java:140)
	at org.springframework.web.filter.CompositeFilter$VirtualFilterChain.doFilter(CompositeFilter.java:108)
	at org.springframework.security.web.FilterChainProxy.lambda$doFilterInternal$3(FilterChainProxy.java:231)
	at org.springframework.security.web.FilterChainProxy$VirtualFilterChain.doFilter(FilterChainProxy.java:365)
	at org.springframework.security.web.access.intercept.AuthorizationFilter.doFilter(AuthorizationFilter.java:101)
	at org.springframework.security.web.FilterChainProxy$VirtualFilterChain.doFilter(FilterChainProxy.java:374)
	at org.springframework.security.web.access.ExceptionTranslationFilter.doFilter(ExceptionTranslationFilter.java:126)
	at org.springframework.security.web.access.ExceptionTranslationFilter.doFilter(ExceptionTranslationFilter.java:120)
	at org.springframework.security.web.FilterChainProxy$VirtualFilterChain.doFilter(FilterChainProxy.java:374)
	at org.springframework.security.web.session.SessionManagementFilter.doFilter(SessionManagementFilter.java:131)
	at org.springframework.security.web.session.SessionManagementFilter.doFilter(SessionManagementFilter.java:85)
	at org.springframework.security.web.FilterChainProxy$VirtualFilterChain.doFilter(FilterChainProxy.java:374)
	at org.springframework.security.web.authentication.AnonymousAuthenticationFilter.doFilter(AnonymousAuthenticationFilter.java:100)
	at org.springframework.security.web.FilterChainProxy$VirtualFilterChain.doFilter(FilterChainProxy.java:374)
	at org.springframework.security.web.servletapi.SecurityContextHolderAwareRequestFilter.doFilter(SecurityContextHolderAwareRequestFilter.java:179)
	at org.springframework.security.web.FilterChainProxy$VirtualFilterChain.doFilter(FilterChainProxy.java:374)
	at org.springframework.security.web.savedrequest.RequestCacheAwareFilter.doFilter(RequestCacheAwareFilter.java:63)
	at org.springframework.security.web.FilterChainProxy$VirtualFilterChain.doFilter(FilterChainProxy.java:374)
	at com.zenova.back_end.config.JwtFilter.doFilterInternal(JwtFilter.java:69)
	at org.springframework.web.filter.OncePerRequestFilter.doFilter(OncePerRequestFilter.java:116)
	at org.springframework.security.web.FilterChainProxy$VirtualFilterChain.doFilter(FilterChainProxy.java:374)
	at org.springframework.security.web.authentication.logout.LogoutFilter.doFilter(LogoutFilter.java:107)
	at org.springframework.security.web.authentication.logout.LogoutFilter.doFilter(LogoutFilter.java:93)
	at org.springframework.security.web.FilterChainProxy$VirtualFilterChain.doFilter(FilterChainProxy.java:374)
	at org.springframework.security.web.header.HeaderWriterFilter.doHeadersAfter(HeaderWriterFilter.java:90)
	at org.springframework.security.web.header.HeaderWriterFilter.doFilterInternal(HeaderWriterFilter.java:75)
	at org.springframework.web.filter.OncePerRequestFilter.doFilter(OncePerRequestFilter.java:116)
	at org.springframework.security.web.FilterChainProxy$VirtualFilterChain.doFilter(FilterChainProxy.java:374)
	at org.springframework.security.web.context.SecurityContextHolderFilter.doFilter(SecurityContextHolderFilter.java:82)
	at org.springframework.security.web.context.SecurityContextHolderFilter.doFilter(SecurityContextHolderFilter.java:69)
	at org.springframework.security.web.FilterChainProxy$VirtualFilterChain.doFilter(FilterChainProxy.java:374)
	at org.springframework.security.web.context.request.async.WebAsyncManagerIntegrationFilter.doFilterInternal(WebAsyncManagerIntegrationFilter.java:62)
	at org.springframework.web.filter.OncePerRequestFilter.doFilter(OncePerRequestFilter.java:116)
	at org.springframework.security.web.FilterChainProxy$VirtualFilterChain.doFilter(FilterChainProxy.java:374)
	at org.springframework.security.web.session.DisableEncodeUrlFilter.doFilterInternal(DisableEncodeUrlFilter.java:42)
	at org.springframework.web.filter.OncePerRequestFilter.doFilter(OncePerRequestFilter.java:116)
	at org.springframework.security.web.FilterChainProxy$VirtualFilterChain.doFilter(FilterChainProxy.java:374)
	at org.springframework.security.web.FilterChainProxy.doFilterInternal(FilterChainProxy.java:233)
	at org.springframework.security.web.FilterChainProxy.doFilter(FilterChainProxy.java:191)
	at org.springframework.web.filter.CompositeFilter$VirtualFilterChain.doFilter(CompositeFilter.java:113)
	at org.springframework.web.servlet.handler.HandlerMappingIntrospector.lambda$createCacheFilter$3(HandlerMappingIntrospector.java:243)
	at org.springframework.web.filter.CompositeFilter$VirtualFilterChain.doFilter(CompositeFilter.java:113)
	at org.springframework.web.filter.CompositeFilter.doFilter(CompositeFilter.java:74)
	at org.springframework.security.config.annotation.web.configuration.WebMvcSecurityConfiguration$CompositeFilterChainProxy.doFilter(WebMvcSecurityConfiguration.java:238)
	at org.springframework.web.filter.DelegatingFilterProxy.invokeDelegate(DelegatingFilterProxy.java:362)
	at org.springframework.web.filter.DelegatingFilterProxy.doFilter(DelegatingFilterProxy.java:278)
	at org.apache.catalina.core.ApplicationFilterChain.internalDoFilter(ApplicationFilterChain.java:164)
	at org.apache.catalina.core.ApplicationFilterChain.doFilter(ApplicationFilterChain.java:140)
	at org.springframework.web.filter.CorsFilter.doFilterInternal(CorsFilter.java:91)
	at org.springframework.web.filter.OncePerRequestFilter.doFilter(OncePerRequestFilter.java:116)
	at org.apache.catalina.core.ApplicationFilterChain.internalDoFilter(ApplicationFilterChain.java:164)
	at org.apache.catalina.core.ApplicationFilterChain.doFilter(ApplicationFilterChain.java:140)
	at org.springframework.web.filter.RequestContextFilter.doFilterInternal(RequestContextFilter.java:100)
	at org.springframework.web.filter.OncePerRequestFilter.doFilter(OncePerRequestFilter.java:116)
	at org.apache.catalina.core.ApplicationFilterChain.internalDoFilter(ApplicationFilterChain.java:164)
	at org.apache.catalina.core.ApplicationFilterChain.doFilter(ApplicationFilterChain.java:140)
	at org.springframework.web.filter.FormContentFilter.doFilterInternal(FormContentFilter.java:93)
	at org.springframework.web.filter.OncePerRequestFilter.doFilter(OncePerRequestFilter.java:116)
	at org.apache.catalina.core.ApplicationFilterChain.internalDoFilter(ApplicationFilterChain.java:164)
	at org.apache.catalina.core.ApplicationFilterChain.doFilter(ApplicationFilterChain.java:140)
	at org.springframework.web.filter.CharacterEncodingFilter.doFilterInternal(CharacterEncodingFilter.java:201)
	at org.springframework.web.filter.OncePerRequestFilter.doFilter(OncePerRequestFilter.java:116)
	at org.apache.catalina.core.ApplicationFilterChain.internalDoFilter(ApplicationFilterChain.java:164)
	at org.apache.catalina.core.ApplicationFilterChain.doFilter(ApplicationFilterChain.java:140)
	at org.apache.catalina.core.StandardWrapperValve.invoke(StandardWrapperValve.java:167)
	at org.apache.catalina.core.StandardContextValve.invoke(StandardContextValve.java:90)
	at org.apache.catalina.authenticator.AuthenticatorBase.invoke(AuthenticatorBase.java:483)
	at org.apache.catalina.core.StandardHostValve.invoke(StandardHostValve.java:115)
	at org.apache.catalina.valves.ErrorReportValve.invoke(ErrorReportValve.java:93)
	at org.apache.catalina.core.StandardEngineValve.invoke(StandardEngineValve.java:74)
	at org.apache.catalina.connector.CoyoteAdapter.service(CoyoteAdapter.java:344)
	at org.apache.coyote.http11.Http11Processor.service(Http11Processor.java:397)
	at org.apache.coyote.AbstractProcessorLight.process(AbstractProcessorLight.java:63)
	at org.apache.coyote.AbstractProtocol$ConnectionHandler.process(AbstractProtocol.java:905)
	at org.apache.tomcat.util.net.NioEndpoint$SocketProcessor.doRun(NioEndpoint.java:1741)
	at org.apache.tomcat.util.net.SocketProcessorBase.run(SocketProcessorBase.java:52)
	at org.apache.tomcat.util.threads.ThreadPoolExecutor.runWorker(ThreadPoolExecutor.java:1190)
	at org.apache.tomcat.util.threads.ThreadPoolExecutor$Worker.run(ThreadPoolExecutor.java:659)
	at org.apache.tomcat.util.threads.TaskThread$WrappingRunnable.run(TaskThread.java:63)
	at java.base/java.lang.Thread.run(Thread.java:833)
2025-04-19 20:11:19 [http-nio-8080-exec-8] DEBUG o.s.security.web.FilterChainProxy - Securing GET /error
2025-04-19 20:11:19 [http-nio-8080-exec-8] DEBUG o.s.s.w.a.AnonymousAuthenticationFilter - Set SecurityContextHolder to anonymous SecurityContext
2025-04-19 20:11:19 [http-nio-8080-exec-8] DEBUG o.s.s.w.a.Http403ForbiddenEntryPoint - Pre-authenticated entry point called. Rejecting access
2025-04-19 20:11:19 [http-nio-8080-exec-9] DEBUG o.s.security.web.FilterChainProxy - Securing GET /api/v1/reward/weekly
2025-04-19 20:11:19 [http-nio-8080-exec-9] DEBUG o.s.security.web.FilterChainProxy - Secured GET /api/v1/reward/weekly
2025-04-19 20:11:19 [http-nio-8080-exec-9] DEBUG o.s.web.servlet.DispatcherServlet - GET "/api/v1/reward/weekly", parameters={}
2025-04-19 20:11:19 [http-nio-8080-exec-9] DEBUG o.s.w.s.m.m.a.RequestMappingHandlerMapping - Mapped to com.zenova.back_end.controller.RewardController#getWeeklyReward(String)
2025-04-19 20:11:19 [http-nio-8080-exec-9] DEBUG o.s.web.servlet.DispatcherServlet - Failed to complete request: org.springframework.dao.InvalidDataAccessApiUsageException: Argument [6cca92da-6264-4037-b825-f542e09b1eb2] of type [java.lang.String] did not match parameter type [java.util.UUID (n/a)]
2025-04-19 20:11:19 [http-nio-8080-exec-9] ERROR o.a.c.c.C.[.[.[.[dispatcherServlet] - Servlet.service() for servlet [dispatcherServlet] in context with path [] threw exception [Request processing failed: org.springframework.dao.InvalidDataAccessApiUsageException: Argument [6cca92da-6264-4037-b825-f542e09b1eb2] of type [java.lang.String] did not match parameter type [java.util.UUID (n/a)]] with root cause
org.hibernate.query.QueryArgumentException: Argument [6cca92da-6264-4037-b825-f542e09b1eb2] of type [java.lang.String] did not match parameter type [java.util.UUID (n/a)]
	at org.hibernate.query.spi.QueryParameterBindingValidator.validate(QueryParameterBindingValidator.java:85)
	at org.hibernate.query.spi.QueryParameterBindingValidator.validate(QueryParameterBindingValidator.java:32)
	at org.hibernate.query.internal.QueryParameterBindingImpl.validate(QueryParameterBindingImpl.java:366)
	at org.hibernate.query.internal.QueryParameterBindingImpl.setBindValue(QueryParameterBindingImpl.java:142)
	at org.hibernate.query.spi.AbstractCommonQueryContract.setParameter(AbstractCommonQueryContract.java:835)
	at org.hibernate.query.spi.AbstractSelectionQuery.setParameter(AbstractSelectionQuery.java:602)
	at org.hibernate.query.sqm.internal.QuerySqmImpl.setParameter(QuerySqmImpl.java:1061)
	at org.hibernate.query.sqm.internal.QuerySqmImpl.setParameter(QuerySqmImpl.java:125)
	at org.springframework.data.jpa.repository.query.QueryParameterSetter$BindableQuery.setParameter(QueryParameterSetter.java:326)
	at org.springframework.data.jpa.repository.query.QueryParameterSetter$NamedOrIndexedQueryParameterSetter.lambda$4(QueryParameterSetter.java:117)
	at org.springframework.data.jpa.repository.query.QueryParameterSetter$ErrorHandling$1.execute(QueryParameterSetter.java:140)
	at org.springframework.data.jpa.repository.query.QueryParameterSetter$NamedOrIndexedQueryParameterSetter.setParameter(QueryParameterSetter.java:117)
	at org.springframework.data.jpa.repository.query.ParameterBinder.bind(ParameterBinder.java:86)
	at org.springframework.data.jpa.repository.query.ParameterBinder.bind(ParameterBinder.java:78)
	at org.springframework.data.jpa.repository.query.ParameterBinder.bindAndPrepare(ParameterBinder.java:100)
	at org.springframework.data.jpa.repository.query.AbstractStringBasedJpaQuery.doCreateQuery(AbstractStringBasedJpaQuery.java:128)
	at org.springframework.data.jpa.repository.query.AbstractJpaQuery.createQuery(AbstractJpaQuery.java:243)
	at org.springframework.data.jpa.repository.query.JpaQueryExecution$CollectionExecution.doExecute(JpaQueryExecution.java:130)
	at org.springframework.data.jpa.repository.query.JpaQueryExecution.execute(JpaQueryExecution.java:93)
	at org.springframework.data.jpa.repository.query.AbstractJpaQuery.doExecute(AbstractJpaQuery.java:152)
	at org.springframework.data.jpa.repository.query.AbstractJpaQuery.execute(AbstractJpaQuery.java:140)
	at org.springframework.data.repository.core.support.RepositoryMethodInvoker.doInvoke(RepositoryMethodInvoker.java:170)
	at org.springframework.data.repository.core.support.RepositoryMethodInvoker.invoke(RepositoryMethodInvoker.java:158)
	at org.springframework.data.repository.core.support.QueryExecutorMethodInterceptor.doInvoke(QueryExecutorMethodInterceptor.java:170)
	at org.springframework.data.repository.core.support.QueryExecutorMethodInterceptor.invoke(QueryExecutorMethodInterceptor.java:149)
	at org.springframework.aop.framework.ReflectiveMethodInvocation.proceed(ReflectiveMethodInvocation.java:184)
	at org.springframework.data.projection.DefaultMethodInvokingMethodInterceptor.invoke(DefaultMethodInvokingMethodInterceptor.java:69)
	at org.springframework.aop.framework.ReflectiveMethodInvocation.proceed(ReflectiveMethodInvocation.java:184)
	at org.springframework.transaction.interceptor.TransactionAspectSupport.invokeWithinTransaction(TransactionAspectSupport.java:380)
	at org.springframework.transaction.interceptor.TransactionInterceptor.invoke(TransactionInterceptor.java:119)
	at org.springframework.aop.framework.ReflectiveMethodInvocation.proceed(ReflectiveMethodInvocation.java:184)
	at org.springframework.dao.support.PersistenceExceptionTranslationInterceptor.invoke(PersistenceExceptionTranslationInterceptor.java:138)
	at org.springframework.aop.framework.ReflectiveMethodInvocation.proceed(ReflectiveMethodInvocation.java:184)
	at org.springframework.data.jpa.repository.support.CrudMethodMetadataPostProcessor$CrudMethodMetadataPopulatingMethodInterceptor.invoke(CrudMethodMetadataPostProcessor.java:136)
	at org.springframework.aop.framework.ReflectiveMethodInvocation.proceed(ReflectiveMethodInvocation.java:184)
	at org.springframework.aop.framework.JdkDynamicAopProxy.invoke(JdkDynamicAopProxy.java:223)
	at jdk.proxy2/jdk.proxy2.$Proxy160.findByUserIdAndWeekStartDate(Unknown Source)
	at com.zenova.back_end.service.impl.ScoreServiceImpl.getWeeklyReward(ScoreServiceImpl.java:82)
	at java.base/jdk.internal.reflect.NativeMethodAccessorImpl.invoke0(Native Method)
	at java.base/jdk.internal.reflect.NativeMethodAccessorImpl.invoke(NativeMethodAccessorImpl.java:77)
	at java.base/jdk.internal.reflect.DelegatingMethodAccessorImpl.invoke(DelegatingMethodAccessorImpl.java:43)
	at java.base/java.lang.reflect.Method.invoke(Method.java:568)
	at org.springframework.aop.support.AopUtils.invokeJoinpointUsingReflection(AopUtils.java:359)
	at org.springframework.aop.framework.CglibAopProxy$DynamicAdvisedInterceptor.intercept(CglibAopProxy.java:723)
	at com.zenova.back_end.service.impl.ScoreServiceImpl$$SpringCGLIB$$0.getWeeklyReward(<generated>)
	at com.zenova.back_end.controller.RewardController.getWeeklyReward(RewardController.java:42)
	at java.base/jdk.internal.reflect.NativeMethodAccessorImpl.invoke0(Native Method)
	at java.base/jdk.internal.reflect.NativeMethodAccessorImpl.invoke(NativeMethodAccessorImpl.java:77)
	at java.base/jdk.internal.reflect.DelegatingMethodAccessorImpl.invoke(DelegatingMethodAccessorImpl.java:43)
	at java.base/java.lang.reflect.Method.invoke(Method.java:568)
	at org.springframework.web.method.support.InvocableHandlerMethod.doInvoke(InvocableHandlerMethod.java:257)
	at org.springframework.web.method.support.InvocableHandlerMethod.invokeForRequest(InvocableHandlerMethod.java:190)
	at org.springframework.web.servlet.mvc.method.annotation.ServletInvocableHandlerMethod.invokeAndHandle(ServletInvocableHandlerMethod.java:118)
	at org.springframework.web.servlet.mvc.method.annotation.RequestMappingHandlerAdapter.invokeHandlerMethod(RequestMappingHandlerAdapter.java:986)
	at org.springframework.web.servlet.mvc.method.annotation.RequestMappingHandlerAdapter.handleInternal(RequestMappingHandlerAdapter.java:891)
	at org.springframework.web.servlet.mvc.method.AbstractHandlerMethodAdapter.handle(AbstractHandlerMethodAdapter.java:87)
	at org.springframework.web.servlet.DispatcherServlet.doDispatch(DispatcherServlet.java:1088)
	at org.springframework.web.servlet.DispatcherServlet.doService(DispatcherServlet.java:978)
	at org.springframework.web.servlet.FrameworkServlet.processRequest(FrameworkServlet.java:1014)
	at org.springframework.web.servlet.FrameworkServlet.doGet(FrameworkServlet.java:903)
	at jakarta.servlet.http.HttpServlet.service(HttpServlet.java:564)
	at org.springframework.web.servlet.FrameworkServlet.service(FrameworkServlet.java:885)
	at jakarta.servlet.http.HttpServlet.service(HttpServlet.java:658)
	at org.apache.catalina.core.ApplicationFilterChain.internalDoFilter(ApplicationFilterChain.java:195)
	at org.apache.catalina.core.ApplicationFilterChain.doFilter(ApplicationFilterChain.java:140)
	at org.apache.tomcat.websocket.server.WsFilter.doFilter(WsFilter.java:51)
	at org.apache.catalina.core.ApplicationFilterChain.internalDoFilter(ApplicationFilterChain.java:164)
	at org.apache.catalina.core.ApplicationFilterChain.doFilter(ApplicationFilterChain.java:140)
	at org.springframework.web.filter.OncePerRequestFilter.doFilter(OncePerRequestFilter.java:110)
	at org.apache.catalina.core.ApplicationFilterChain.internalDoFilter(ApplicationFilterChain.java:164)
	at org.apache.catalina.core.ApplicationFilterChain.doFilter(ApplicationFilterChain.java:140)
	at org.springframework.web.filter.CompositeFilter$VirtualFilterChain.doFilter(CompositeFilter.java:108)
	at org.springframework.security.web.FilterChainProxy.lambda$doFilterInternal$3(FilterChainProxy.java:231)
	at org.springframework.security.web.FilterChainProxy$VirtualFilterChain.doFilter(FilterChainProxy.java:365)
	at org.springframework.security.web.access.intercept.AuthorizationFilter.doFilter(AuthorizationFilter.java:101)
	at org.springframework.security.web.FilterChainProxy$VirtualFilterChain.doFilter(FilterChainProxy.java:374)
	at org.springframework.security.web.access.ExceptionTranslationFilter.doFilter(ExceptionTranslationFilter.java:126)
	at org.springframework.security.web.access.ExceptionTranslationFilter.doFilter(ExceptionTranslationFilter.java:120)
	at org.springframework.security.web.FilterChainProxy$VirtualFilterChain.doFilter(FilterChainProxy.java:374)
	at org.springframework.security.web.session.SessionManagementFilter.doFilter(SessionManagementFilter.java:131)
	at org.springframework.security.web.session.SessionManagementFilter.doFilter(SessionManagementFilter.java:85)
	at org.springframework.security.web.FilterChainProxy$VirtualFilterChain.doFilter(FilterChainProxy.java:374)
	at org.springframework.security.web.authentication.AnonymousAuthenticationFilter.doFilter(AnonymousAuthenticationFilter.java:100)
	at org.springframework.security.web.FilterChainProxy$VirtualFilterChain.doFilter(FilterChainProxy.java:374)
	at org.springframework.security.web.servletapi.SecurityContextHolderAwareRequestFilter.doFilter(SecurityContextHolderAwareRequestFilter.java:179)
	at org.springframework.security.web.FilterChainProxy$VirtualFilterChain.doFilter(FilterChainProxy.java:374)
	at org.springframework.security.web.savedrequest.RequestCacheAwareFilter.doFilter(RequestCacheAwareFilter.java:63)
	at org.springframework.security.web.FilterChainProxy$VirtualFilterChain.doFilter(FilterChainProxy.java:374)
	at com.zenova.back_end.config.JwtFilter.doFilterInternal(JwtFilter.java:69)
	at org.springframework.web.filter.OncePerRequestFilter.doFilter(OncePerRequestFilter.java:116)
	at org.springframework.security.web.FilterChainProxy$VirtualFilterChain.doFilter(FilterChainProxy.java:374)
	at org.springframework.security.web.authentication.logout.LogoutFilter.doFilter(LogoutFilter.java:107)
	at org.springframework.security.web.authentication.logout.LogoutFilter.doFilter(LogoutFilter.java:93)
	at org.springframework.security.web.FilterChainProxy$VirtualFilterChain.doFilter(FilterChainProxy.java:374)
	at org.springframework.security.web.header.HeaderWriterFilter.doHeadersAfter(HeaderWriterFilter.java:90)
	at org.springframework.security.web.header.HeaderWriterFilter.doFilterInternal(HeaderWriterFilter.java:75)
	at org.springframework.web.filter.OncePerRequestFilter.doFilter(OncePerRequestFilter.java:116)
	at org.springframework.security.web.FilterChainProxy$VirtualFilterChain.doFilter(FilterChainProxy.java:374)
	at org.springframework.security.web.context.SecurityContextHolderFilter.doFilter(SecurityContextHolderFilter.java:82)
	at org.springframework.security.web.context.SecurityContextHolderFilter.doFilter(SecurityContextHolderFilter.java:69)
	at org.springframework.security.web.FilterChainProxy$VirtualFilterChain.doFilter(FilterChainProxy.java:374)
	at org.springframework.security.web.context.request.async.WebAsyncManagerIntegrationFilter.doFilterInternal(WebAsyncManagerIntegrationFilter.java:62)
	at org.springframework.web.filter.OncePerRequestFilter.doFilter(OncePerRequestFilter.java:116)
	at org.springframework.security.web.FilterChainProxy$VirtualFilterChain.doFilter(FilterChainProxy.java:374)
	at org.springframework.security.web.session.DisableEncodeUrlFilter.doFilterInternal(DisableEncodeUrlFilter.java:42)
	at org.springframework.web.filter.OncePerRequestFilter.doFilter(OncePerRequestFilter.java:116)
	at org.springframework.security.web.FilterChainProxy$VirtualFilterChain.doFilter(FilterChainProxy.java:374)
	at org.springframework.security.web.FilterChainProxy.doFilterInternal(FilterChainProxy.java:233)
	at org.springframework.security.web.FilterChainProxy.doFilter(FilterChainProxy.java:191)
	at org.springframework.web.filter.CompositeFilter$VirtualFilterChain.doFilter(CompositeFilter.java:113)
	at org.springframework.web.servlet.handler.HandlerMappingIntrospector.lambda$createCacheFilter$3(HandlerMappingIntrospector.java:243)
	at org.springframework.web.filter.CompositeFilter$VirtualFilterChain.doFilter(CompositeFilter.java:113)
	at org.springframework.web.filter.CompositeFilter.doFilter(CompositeFilter.java:74)
	at org.springframework.security.config.annotation.web.configuration.WebMvcSecurityConfiguration$CompositeFilterChainProxy.doFilter(WebMvcSecurityConfiguration.java:238)
	at org.springframework.web.filter.DelegatingFilterProxy.invokeDelegate(DelegatingFilterProxy.java:362)
	at org.springframework.web.filter.DelegatingFilterProxy.doFilter(DelegatingFilterProxy.java:278)
	at org.apache.catalina.core.ApplicationFilterChain.internalDoFilter(ApplicationFilterChain.java:164)
	at org.apache.catalina.core.ApplicationFilterChain.doFilter(ApplicationFilterChain.java:140)
	at org.springframework.web.filter.CorsFilter.doFilterInternal(CorsFilter.java:91)
	at org.springframework.web.filter.OncePerRequestFilter.doFilter(OncePerRequestFilter.java:116)
	at org.apache.catalina.core.ApplicationFilterChain.internalDoFilter(ApplicationFilterChain.java:164)
	at org.apache.catalina.core.ApplicationFilterChain.doFilter(ApplicationFilterChain.java:140)
	at org.springframework.web.filter.RequestContextFilter.doFilterInternal(RequestContextFilter.java:100)
	at org.springframework.web.filter.OncePerRequestFilter.doFilter(OncePerRequestFilter.java:116)
	at org.apache.catalina.core.ApplicationFilterChain.internalDoFilter(ApplicationFilterChain.java:164)
	at org.apache.catalina.core.ApplicationFilterChain.doFilter(ApplicationFilterChain.java:140)
	at org.springframework.web.filter.FormContentFilter.doFilterInternal(FormContentFilter.java:93)
	at org.springframework.web.filter.OncePerRequestFilter.doFilter(OncePerRequestFilter.java:116)
	at org.apache.catalina.core.ApplicationFilterChain.internalDoFilter(ApplicationFilterChain.java:164)
	at org.apache.catalina.core.ApplicationFilterChain.doFilter(ApplicationFilterChain.java:140)
	at org.springframework.web.filter.CharacterEncodingFilter.doFilterInternal(CharacterEncodingFilter.java:201)
	at org.springframework.web.filter.OncePerRequestFilter.doFilter(OncePerRequestFilter.java:116)
	at org.apache.catalina.core.ApplicationFilterChain.internalDoFilter(ApplicationFilterChain.java:164)
	at org.apache.catalina.core.ApplicationFilterChain.doFilter(ApplicationFilterChain.java:140)
	at org.apache.catalina.core.StandardWrapperValve.invoke(StandardWrapperValve.java:167)
	at org.apache.catalina.core.StandardContextValve.invoke(StandardContextValve.java:90)
	at org.apache.catalina.authenticator.AuthenticatorBase.invoke(AuthenticatorBase.java:483)
	at org.apache.catalina.core.StandardHostValve.invoke(StandardHostValve.java:115)
	at org.apache.catalina.valves.ErrorReportValve.invoke(ErrorReportValve.java:93)
	at org.apache.catalina.core.StandardEngineValve.invoke(StandardEngineValve.java:74)
	at org.apache.catalina.connector.CoyoteAdapter.service(CoyoteAdapter.java:344)
	at org.apache.coyote.http11.Http11Processor.service(Http11Processor.java:397)
	at org.apache.coyote.AbstractProcessorLight.process(AbstractProcessorLight.java:63)
	at org.apache.coyote.AbstractProtocol$ConnectionHandler.process(AbstractProtocol.java:905)
	at org.apache.tomcat.util.net.NioEndpoint$SocketProcessor.doRun(NioEndpoint.java:1741)
	at org.apache.tomcat.util.net.SocketProcessorBase.run(SocketProcessorBase.java:52)
	at org.apache.tomcat.util.threads.ThreadPoolExecutor.runWorker(ThreadPoolExecutor.java:1190)
	at org.apache.tomcat.util.threads.ThreadPoolExecutor$Worker.run(ThreadPoolExecutor.java:659)
	at org.apache.tomcat.util.threads.TaskThread$WrappingRunnable.run(TaskThread.java:63)
	at java.base/java.lang.Thread.run(Thread.java:833)
2025-04-19 20:11:19 [http-nio-8080-exec-9] DEBUG o.s.security.web.FilterChainProxy - Securing GET /error
2025-04-19 20:11:19 [http-nio-8080-exec-9] DEBUG o.s.s.w.a.AnonymousAuthenticationFilter - Set SecurityContextHolder to anonymous SecurityContext
2025-04-19 20:11:19 [http-nio-8080-exec-9] DEBUG o.s.s.w.a.Http403ForbiddenEntryPoint - Pre-authenticated entry point called. Rejecting access
2025-04-19 20:19:02 [http-nio-8080-exec-2] DEBUG o.s.security.web.FilterChainProxy - Securing GET /api/v1/game/all
2025-04-19 20:19:02 [http-nio-8080-exec-2] DEBUG o.s.security.web.FilterChainProxy - Secured GET /api/v1/game/all
2025-04-19 20:19:02 [http-nio-8080-exec-2] DEBUG o.s.web.servlet.DispatcherServlet - GET "/api/v1/game/all", parameters={}
2025-04-19 20:19:02 [http-nio-8080-exec-2] DEBUG o.s.w.s.m.m.a.RequestMappingHandlerMapping - Mapped to com.zenova.back_end.controller.GameController#getAllGames()
2025-04-19 20:19:03 [http-nio-8080-exec-2] DEBUG o.s.w.s.m.m.a.HttpEntityMethodProcessor - Using 'application/json', given [application/json, text/plain, */*] and supported [application/json, application/*+json, application/yaml]
2025-04-19 20:19:03 [http-nio-8080-exec-2] DEBUG o.s.w.s.m.m.a.HttpEntityMethodProcessor - Writing [[GameDTO(id=14, name=Fast Food Rush, description=You're at Burger King, sinking your teeth into a ju (truncated)...]
2025-04-19 20:19:03 [http-nio-8080-exec-2] DEBUG o.s.web.servlet.DispatcherServlet - Completed 200 OK
2025-04-19 20:19:03 [http-nio-8080-exec-3] DEBUG o.s.security.web.FilterChainProxy - Securing GET /api/v1/game/all
2025-04-19 20:19:03 [http-nio-8080-exec-3] DEBUG o.s.security.web.FilterChainProxy - Secured GET /api/v1/game/all
2025-04-19 20:19:03 [http-nio-8080-exec-3] DEBUG o.s.web.servlet.DispatcherServlet - GET "/api/v1/game/all", parameters={}
2025-04-19 20:19:03 [http-nio-8080-exec-3] DEBUG o.s.w.s.m.m.a.RequestMappingHandlerMapping - Mapped to com.zenova.back_end.controller.GameController#getAllGames()
2025-04-19 20:19:03 [http-nio-8080-exec-3] DEBUG o.s.w.s.m.m.a.HttpEntityMethodProcessor - Using 'application/json', given [application/json, text/plain, */*] and supported [application/json, application/*+json, application/yaml]
2025-04-19 20:19:03 [http-nio-8080-exec-3] DEBUG o.s.w.s.m.m.a.HttpEntityMethodProcessor - Writing [[GameDTO(id=14, name=Fast Food Rush, description=You're at Burger King, sinking your teeth into a ju (truncated)...]
2025-04-19 20:19:03 [http-nio-8080-exec-3] DEBUG o.s.web.servlet.DispatcherServlet - Completed 200 OK
2025-04-19 20:19:05 [http-nio-8080-exec-4] DEBUG o.s.security.web.FilterChainProxy - Securing GET /api/v1/reward/weekly
2025-04-19 20:19:05 [http-nio-8080-exec-4] DEBUG o.s.security.web.FilterChainProxy - Secured GET /api/v1/reward/weekly
2025-04-19 20:19:05 [http-nio-8080-exec-4] DEBUG o.s.web.servlet.DispatcherServlet - GET "/api/v1/reward/weekly", parameters={}
2025-04-19 20:19:05 [http-nio-8080-exec-4] DEBUG o.s.w.s.m.m.a.RequestMappingHandlerMapping - Mapped to com.zenova.back_end.controller.RewardController#getWeeklyReward(String)
2025-04-19 20:19:05 [http-nio-8080-exec-4] DEBUG o.s.web.servlet.DispatcherServlet - Failed to complete request: org.springframework.dao.InvalidDataAccessApiUsageException: Argument [6cca92da-6264-4037-b825-f542e09b1eb2] of type [java.lang.String] did not match parameter type [java.util.UUID (n/a)]
2025-04-19 20:19:05 [http-nio-8080-exec-4] ERROR o.a.c.c.C.[.[.[.[dispatcherServlet] - Servlet.service() for servlet [dispatcherServlet] in context with path [] threw exception [Request processing failed: org.springframework.dao.InvalidDataAccessApiUsageException: Argument [6cca92da-6264-4037-b825-f542e09b1eb2] of type [java.lang.String] did not match parameter type [java.util.UUID (n/a)]] with root cause
org.hibernate.query.QueryArgumentException: Argument [6cca92da-6264-4037-b825-f542e09b1eb2] of type [java.lang.String] did not match parameter type [java.util.UUID (n/a)]
	at org.hibernate.query.spi.QueryParameterBindingValidator.validate(QueryParameterBindingValidator.java:85)
	at org.hibernate.query.spi.QueryParameterBindingValidator.validate(QueryParameterBindingValidator.java:32)
	at org.hibernate.query.internal.QueryParameterBindingImpl.validate(QueryParameterBindingImpl.java:366)
	at org.hibernate.query.internal.QueryParameterBindingImpl.setBindValue(QueryParameterBindingImpl.java:142)
	at org.hibernate.query.spi.AbstractCommonQueryContract.setParameter(AbstractCommonQueryContract.java:835)
	at org.hibernate.query.spi.AbstractSelectionQuery.setParameter(AbstractSelectionQuery.java:602)
	at org.hibernate.query.sqm.internal.QuerySqmImpl.setParameter(QuerySqmImpl.java:1061)
	at org.hibernate.query.sqm.internal.QuerySqmImpl.setParameter(QuerySqmImpl.java:125)
	at org.springframework.data.jpa.repository.query.QueryParameterSetter$BindableQuery.setParameter(QueryParameterSetter.java:326)
	at org.springframework.data.jpa.repository.query.QueryParameterSetter$NamedOrIndexedQueryParameterSetter.lambda$4(QueryParameterSetter.java:117)
	at org.springframework.data.jpa.repository.query.QueryParameterSetter$ErrorHandling$1.execute(QueryParameterSetter.java:140)
	at org.springframework.data.jpa.repository.query.QueryParameterSetter$NamedOrIndexedQueryParameterSetter.setParameter(QueryParameterSetter.java:117)
	at org.springframework.data.jpa.repository.query.ParameterBinder.bind(ParameterBinder.java:86)
	at org.springframework.data.jpa.repository.query.ParameterBinder.bind(ParameterBinder.java:78)
	at org.springframework.data.jpa.repository.query.ParameterBinder.bindAndPrepare(ParameterBinder.java:100)
	at org.springframework.data.jpa.repository.query.AbstractStringBasedJpaQuery.doCreateQuery(AbstractStringBasedJpaQuery.java:128)
	at org.springframework.data.jpa.repository.query.AbstractJpaQuery.createQuery(AbstractJpaQuery.java:243)
	at org.springframework.data.jpa.repository.query.JpaQueryExecution$CollectionExecution.doExecute(JpaQueryExecution.java:130)
	at org.springframework.data.jpa.repository.query.JpaQueryExecution.execute(JpaQueryExecution.java:93)
	at org.springframework.data.jpa.repository.query.AbstractJpaQuery.doExecute(AbstractJpaQuery.java:152)
	at org.springframework.data.jpa.repository.query.AbstractJpaQuery.execute(AbstractJpaQuery.java:140)
	at org.springframework.data.repository.core.support.RepositoryMethodInvoker.doInvoke(RepositoryMethodInvoker.java:170)
	at org.springframework.data.repository.core.support.RepositoryMethodInvoker.invoke(RepositoryMethodInvoker.java:158)
	at org.springframework.data.repository.core.support.QueryExecutorMethodInterceptor.doInvoke(QueryExecutorMethodInterceptor.java:170)
	at org.springframework.data.repository.core.support.QueryExecutorMethodInterceptor.invoke(QueryExecutorMethodInterceptor.java:149)
	at org.springframework.aop.framework.ReflectiveMethodInvocation.proceed(ReflectiveMethodInvocation.java:184)
	at org.springframework.data.projection.DefaultMethodInvokingMethodInterceptor.invoke(DefaultMethodInvokingMethodInterceptor.java:69)
	at org.springframework.aop.framework.ReflectiveMethodInvocation.proceed(ReflectiveMethodInvocation.java:184)
	at org.springframework.transaction.interceptor.TransactionAspectSupport.invokeWithinTransaction(TransactionAspectSupport.java:380)
	at org.springframework.transaction.interceptor.TransactionInterceptor.invoke(TransactionInterceptor.java:119)
	at org.springframework.aop.framework.ReflectiveMethodInvocation.proceed(ReflectiveMethodInvocation.java:184)
	at org.springframework.dao.support.PersistenceExceptionTranslationInterceptor.invoke(PersistenceExceptionTranslationInterceptor.java:138)
	at org.springframework.aop.framework.ReflectiveMethodInvocation.proceed(ReflectiveMethodInvocation.java:184)
	at org.springframework.data.jpa.repository.support.CrudMethodMetadataPostProcessor$CrudMethodMetadataPopulatingMethodInterceptor.invoke(CrudMethodMetadataPostProcessor.java:136)
	at org.springframework.aop.framework.ReflectiveMethodInvocation.proceed(ReflectiveMethodInvocation.java:184)
	at org.springframework.aop.framework.JdkDynamicAopProxy.invoke(JdkDynamicAopProxy.java:223)
	at jdk.proxy2/jdk.proxy2.$Proxy160.findByUserIdAndWeekStartDate(Unknown Source)
	at com.zenova.back_end.service.impl.ScoreServiceImpl.getWeeklyReward(ScoreServiceImpl.java:82)
	at java.base/jdk.internal.reflect.NativeMethodAccessorImpl.invoke0(Native Method)
	at java.base/jdk.internal.reflect.NativeMethodAccessorImpl.invoke(NativeMethodAccessorImpl.java:77)
	at java.base/jdk.internal.reflect.DelegatingMethodAccessorImpl.invoke(DelegatingMethodAccessorImpl.java:43)
	at java.base/java.lang.reflect.Method.invoke(Method.java:568)
	at org.springframework.aop.support.AopUtils.invokeJoinpointUsingReflection(AopUtils.java:359)
	at org.springframework.aop.framework.CglibAopProxy$DynamicAdvisedInterceptor.intercept(CglibAopProxy.java:723)
	at com.zenova.back_end.service.impl.ScoreServiceImpl$$SpringCGLIB$$0.getWeeklyReward(<generated>)
	at com.zenova.back_end.controller.RewardController.getWeeklyReward(RewardController.java:42)
	at java.base/jdk.internal.reflect.NativeMethodAccessorImpl.invoke0(Native Method)
	at java.base/jdk.internal.reflect.NativeMethodAccessorImpl.invoke(NativeMethodAccessorImpl.java:77)
	at java.base/jdk.internal.reflect.DelegatingMethodAccessorImpl.invoke(DelegatingMethodAccessorImpl.java:43)
	at java.base/java.lang.reflect.Method.invoke(Method.java:568)
	at org.springframework.web.method.support.InvocableHandlerMethod.doInvoke(InvocableHandlerMethod.java:257)
	at org.springframework.web.method.support.InvocableHandlerMethod.invokeForRequest(InvocableHandlerMethod.java:190)
	at org.springframework.web.servlet.mvc.method.annotation.ServletInvocableHandlerMethod.invokeAndHandle(ServletInvocableHandlerMethod.java:118)
	at org.springframework.web.servlet.mvc.method.annotation.RequestMappingHandlerAdapter.invokeHandlerMethod(RequestMappingHandlerAdapter.java:986)
	at org.springframework.web.servlet.mvc.method.annotation.RequestMappingHandlerAdapter.handleInternal(RequestMappingHandlerAdapter.java:891)
	at org.springframework.web.servlet.mvc.method.AbstractHandlerMethodAdapter.handle(AbstractHandlerMethodAdapter.java:87)
	at org.springframework.web.servlet.DispatcherServlet.doDispatch(DispatcherServlet.java:1088)
	at org.springframework.web.servlet.DispatcherServlet.doService(DispatcherServlet.java:978)
	at org.springframework.web.servlet.FrameworkServlet.processRequest(FrameworkServlet.java:1014)
	at org.springframework.web.servlet.FrameworkServlet.doGet(FrameworkServlet.java:903)
	at jakarta.servlet.http.HttpServlet.service(HttpServlet.java:564)
	at org.springframework.web.servlet.FrameworkServlet.service(FrameworkServlet.java:885)
	at jakarta.servlet.http.HttpServlet.service(HttpServlet.java:658)
	at org.apache.catalina.core.ApplicationFilterChain.internalDoFilter(ApplicationFilterChain.java:195)
	at org.apache.catalina.core.ApplicationFilterChain.doFilter(ApplicationFilterChain.java:140)
	at org.apache.tomcat.websocket.server.WsFilter.doFilter(WsFilter.java:51)
	at org.apache.catalina.core.ApplicationFilterChain.internalDoFilter(ApplicationFilterChain.java:164)
	at org.apache.catalina.core.ApplicationFilterChain.doFilter(ApplicationFilterChain.java:140)
	at org.springframework.web.filter.OncePerRequestFilter.doFilter(OncePerRequestFilter.java:110)
	at org.apache.catalina.core.ApplicationFilterChain.internalDoFilter(ApplicationFilterChain.java:164)
	at org.apache.catalina.core.ApplicationFilterChain.doFilter(ApplicationFilterChain.java:140)
	at org.springframework.web.filter.CompositeFilter$VirtualFilterChain.doFilter(CompositeFilter.java:108)
	at org.springframework.security.web.FilterChainProxy.lambda$doFilterInternal$3(FilterChainProxy.java:231)
	at org.springframework.security.web.FilterChainProxy$VirtualFilterChain.doFilter(FilterChainProxy.java:365)
	at org.springframework.security.web.access.intercept.AuthorizationFilter.doFilter(AuthorizationFilter.java:101)
	at org.springframework.security.web.FilterChainProxy$VirtualFilterChain.doFilter(FilterChainProxy.java:374)
	at org.springframework.security.web.access.ExceptionTranslationFilter.doFilter(ExceptionTranslationFilter.java:126)
	at org.springframework.security.web.access.ExceptionTranslationFilter.doFilter(ExceptionTranslationFilter.java:120)
	at org.springframework.security.web.FilterChainProxy$VirtualFilterChain.doFilter(FilterChainProxy.java:374)
	at org.springframework.security.web.session.SessionManagementFilter.doFilter(SessionManagementFilter.java:131)
	at org.springframework.security.web.session.SessionManagementFilter.doFilter(SessionManagementFilter.java:85)
	at org.springframework.security.web.FilterChainProxy$VirtualFilterChain.doFilter(FilterChainProxy.java:374)
	at org.springframework.security.web.authentication.AnonymousAuthenticationFilter.doFilter(AnonymousAuthenticationFilter.java:100)
	at org.springframework.security.web.FilterChainProxy$VirtualFilterChain.doFilter(FilterChainProxy.java:374)
	at org.springframework.security.web.servletapi.SecurityContextHolderAwareRequestFilter.doFilter(SecurityContextHolderAwareRequestFilter.java:179)
	at org.springframework.security.web.FilterChainProxy$VirtualFilterChain.doFilter(FilterChainProxy.java:374)
	at org.springframework.security.web.savedrequest.RequestCacheAwareFilter.doFilter(RequestCacheAwareFilter.java:63)
	at org.springframework.security.web.FilterChainProxy$VirtualFilterChain.doFilter(FilterChainProxy.java:374)
	at com.zenova.back_end.config.JwtFilter.doFilterInternal(JwtFilter.java:69)
	at org.springframework.web.filter.OncePerRequestFilter.doFilter(OncePerRequestFilter.java:116)
	at org.springframework.security.web.FilterChainProxy$VirtualFilterChain.doFilter(FilterChainProxy.java:374)
	at org.springframework.security.web.authentication.logout.LogoutFilter.doFilter(LogoutFilter.java:107)
	at org.springframework.security.web.authentication.logout.LogoutFilter.doFilter(LogoutFilter.java:93)
	at org.springframework.security.web.FilterChainProxy$VirtualFilterChain.doFilter(FilterChainProxy.java:374)
	at org.springframework.security.web.header.HeaderWriterFilter.doHeadersAfter(HeaderWriterFilter.java:90)
	at org.springframework.security.web.header.HeaderWriterFilter.doFilterInternal(HeaderWriterFilter.java:75)
	at org.springframework.web.filter.OncePerRequestFilter.doFilter(OncePerRequestFilter.java:116)
	at org.springframework.security.web.FilterChainProxy$VirtualFilterChain.doFilter(FilterChainProxy.java:374)
	at org.springframework.security.web.context.SecurityContextHolderFilter.doFilter(SecurityContextHolderFilter.java:82)
	at org.springframework.security.web.context.SecurityContextHolderFilter.doFilter(SecurityContextHolderFilter.java:69)
	at org.springframework.security.web.FilterChainProxy$VirtualFilterChain.doFilter(FilterChainProxy.java:374)
	at org.springframework.security.web.context.request.async.WebAsyncManagerIntegrationFilter.doFilterInternal(WebAsyncManagerIntegrationFilter.java:62)
	at org.springframework.web.filter.OncePerRequestFilter.doFilter(OncePerRequestFilter.java:116)
	at org.springframework.security.web.FilterChainProxy$VirtualFilterChain.doFilter(FilterChainProxy.java:374)
	at org.springframework.security.web.session.DisableEncodeUrlFilter.doFilterInternal(DisableEncodeUrlFilter.java:42)
	at org.springframework.web.filter.OncePerRequestFilter.doFilter(OncePerRequestFilter.java:116)
	at org.springframework.security.web.FilterChainProxy$VirtualFilterChain.doFilter(FilterChainProxy.java:374)
	at org.springframework.security.web.FilterChainProxy.doFilterInternal(FilterChainProxy.java:233)
	at org.springframework.security.web.FilterChainProxy.doFilter(FilterChainProxy.java:191)
	at org.springframework.web.filter.CompositeFilter$VirtualFilterChain.doFilter(CompositeFilter.java:113)
	at org.springframework.web.servlet.handler.HandlerMappingIntrospector.lambda$createCacheFilter$3(HandlerMappingIntrospector.java:243)
	at org.springframework.web.filter.CompositeFilter$VirtualFilterChain.doFilter(CompositeFilter.java:113)
	at org.springframework.web.filter.CompositeFilter.doFilter(CompositeFilter.java:74)
	at org.springframework.security.config.annotation.web.configuration.WebMvcSecurityConfiguration$CompositeFilterChainProxy.doFilter(WebMvcSecurityConfiguration.java:238)
	at org.springframework.web.filter.DelegatingFilterProxy.invokeDelegate(DelegatingFilterProxy.java:362)
	at org.springframework.web.filter.DelegatingFilterProxy.doFilter(DelegatingFilterProxy.java:278)
	at org.apache.catalina.core.ApplicationFilterChain.internalDoFilter(ApplicationFilterChain.java:164)
	at org.apache.catalina.core.ApplicationFilterChain.doFilter(ApplicationFilterChain.java:140)
	at org.springframework.web.filter.CorsFilter.doFilterInternal(CorsFilter.java:91)
	at org.springframework.web.filter.OncePerRequestFilter.doFilter(OncePerRequestFilter.java:116)
	at org.apache.catalina.core.ApplicationFilterChain.internalDoFilter(ApplicationFilterChain.java:164)
	at org.apache.catalina.core.ApplicationFilterChain.doFilter(ApplicationFilterChain.java:140)
	at org.springframework.web.filter.RequestContextFilter.doFilterInternal(RequestContextFilter.java:100)
	at org.springframework.web.filter.OncePerRequestFilter.doFilter(OncePerRequestFilter.java:116)
	at org.apache.catalina.core.ApplicationFilterChain.internalDoFilter(ApplicationFilterChain.java:164)
	at org.apache.catalina.core.ApplicationFilterChain.doFilter(ApplicationFilterChain.java:140)
	at org.springframework.web.filter.FormContentFilter.doFilterInternal(FormContentFilter.java:93)
	at org.springframework.web.filter.OncePerRequestFilter.doFilter(OncePerRequestFilter.java:116)
	at org.apache.catalina.core.ApplicationFilterChain.internalDoFilter(ApplicationFilterChain.java:164)
	at org.apache.catalina.core.ApplicationFilterChain.doFilter(ApplicationFilterChain.java:140)
	at org.springframework.web.filter.CharacterEncodingFilter.doFilterInternal(CharacterEncodingFilter.java:201)
	at org.springframework.web.filter.OncePerRequestFilter.doFilter(OncePerRequestFilter.java:116)
	at org.apache.catalina.core.ApplicationFilterChain.internalDoFilter(ApplicationFilterChain.java:164)
	at org.apache.catalina.core.ApplicationFilterChain.doFilter(ApplicationFilterChain.java:140)
	at org.apache.catalina.core.StandardWrapperValve.invoke(StandardWrapperValve.java:167)
	at org.apache.catalina.core.StandardContextValve.invoke(StandardContextValve.java:90)
	at org.apache.catalina.authenticator.AuthenticatorBase.invoke(AuthenticatorBase.java:483)
	at org.apache.catalina.core.StandardHostValve.invoke(StandardHostValve.java:115)
	at org.apache.catalina.valves.ErrorReportValve.invoke(ErrorReportValve.java:93)
	at org.apache.catalina.core.StandardEngineValve.invoke(StandardEngineValve.java:74)
	at org.apache.catalina.connector.CoyoteAdapter.service(CoyoteAdapter.java:344)
	at org.apache.coyote.http11.Http11Processor.service(Http11Processor.java:397)
	at org.apache.coyote.AbstractProcessorLight.process(AbstractProcessorLight.java:63)
	at org.apache.coyote.AbstractProtocol$ConnectionHandler.process(AbstractProtocol.java:905)
	at org.apache.tomcat.util.net.NioEndpoint$SocketProcessor.doRun(NioEndpoint.java:1741)
	at org.apache.tomcat.util.net.SocketProcessorBase.run(SocketProcessorBase.java:52)
	at org.apache.tomcat.util.threads.ThreadPoolExecutor.runWorker(ThreadPoolExecutor.java:1190)
	at org.apache.tomcat.util.threads.ThreadPoolExecutor$Worker.run(ThreadPoolExecutor.java:659)
	at org.apache.tomcat.util.threads.TaskThread$WrappingRunnable.run(TaskThread.java:63)
	at java.base/java.lang.Thread.run(Thread.java:833)
2025-04-19 20:19:05 [http-nio-8080-exec-4] DEBUG o.s.security.web.FilterChainProxy - Securing GET /error
2025-04-19 20:19:05 [http-nio-8080-exec-4] DEBUG o.s.s.w.a.AnonymousAuthenticationFilter - Set SecurityContextHolder to anonymous SecurityContext
2025-04-19 20:19:05 [http-nio-8080-exec-4] DEBUG o.s.s.w.a.Http403ForbiddenEntryPoint - Pre-authenticated entry point called. Rejecting access
2025-04-19 20:19:05 [http-nio-8080-exec-5] DEBUG o.s.security.web.FilterChainProxy - Securing GET /api/v1/reward/weekly
2025-04-19 20:19:05 [http-nio-8080-exec-5] DEBUG o.s.security.web.FilterChainProxy - Secured GET /api/v1/reward/weekly
2025-04-19 20:19:05 [http-nio-8080-exec-5] DEBUG o.s.web.servlet.DispatcherServlet - GET "/api/v1/reward/weekly", parameters={}
2025-04-19 20:19:05 [http-nio-8080-exec-5] DEBUG o.s.w.s.m.m.a.RequestMappingHandlerMapping - Mapped to com.zenova.back_end.controller.RewardController#getWeeklyReward(String)
2025-04-19 20:19:05 [http-nio-8080-exec-5] DEBUG o.s.web.servlet.DispatcherServlet - Failed to complete request: org.springframework.dao.InvalidDataAccessApiUsageException: Argument [6cca92da-6264-4037-b825-f542e09b1eb2] of type [java.lang.String] did not match parameter type [java.util.UUID (n/a)]
2025-04-19 20:19:05 [http-nio-8080-exec-5] ERROR o.a.c.c.C.[.[.[.[dispatcherServlet] - Servlet.service() for servlet [dispatcherServlet] in context with path [] threw exception [Request processing failed: org.springframework.dao.InvalidDataAccessApiUsageException: Argument [6cca92da-6264-4037-b825-f542e09b1eb2] of type [java.lang.String] did not match parameter type [java.util.UUID (n/a)]] with root cause
org.hibernate.query.QueryArgumentException: Argument [6cca92da-6264-4037-b825-f542e09b1eb2] of type [java.lang.String] did not match parameter type [java.util.UUID (n/a)]
	at org.hibernate.query.spi.QueryParameterBindingValidator.validate(QueryParameterBindingValidator.java:85)
	at org.hibernate.query.spi.QueryParameterBindingValidator.validate(QueryParameterBindingValidator.java:32)
	at org.hibernate.query.internal.QueryParameterBindingImpl.validate(QueryParameterBindingImpl.java:366)
	at org.hibernate.query.internal.QueryParameterBindingImpl.setBindValue(QueryParameterBindingImpl.java:142)
	at org.hibernate.query.spi.AbstractCommonQueryContract.setParameter(AbstractCommonQueryContract.java:835)
	at org.hibernate.query.spi.AbstractSelectionQuery.setParameter(AbstractSelectionQuery.java:602)
	at org.hibernate.query.sqm.internal.QuerySqmImpl.setParameter(QuerySqmImpl.java:1061)
	at org.hibernate.query.sqm.internal.QuerySqmImpl.setParameter(QuerySqmImpl.java:125)
	at org.springframework.data.jpa.repository.query.QueryParameterSetter$BindableQuery.setParameter(QueryParameterSetter.java:326)
	at org.springframework.data.jpa.repository.query.QueryParameterSetter$NamedOrIndexedQueryParameterSetter.lambda$4(QueryParameterSetter.java:117)
	at org.springframework.data.jpa.repository.query.QueryParameterSetter$ErrorHandling$1.execute(QueryParameterSetter.java:140)
	at org.springframework.data.jpa.repository.query.QueryParameterSetter$NamedOrIndexedQueryParameterSetter.setParameter(QueryParameterSetter.java:117)
	at org.springframework.data.jpa.repository.query.ParameterBinder.bind(ParameterBinder.java:86)
	at org.springframework.data.jpa.repository.query.ParameterBinder.bind(ParameterBinder.java:78)
	at org.springframework.data.jpa.repository.query.ParameterBinder.bindAndPrepare(ParameterBinder.java:100)
	at org.springframework.data.jpa.repository.query.AbstractStringBasedJpaQuery.doCreateQuery(AbstractStringBasedJpaQuery.java:128)
	at org.springframework.data.jpa.repository.query.AbstractJpaQuery.createQuery(AbstractJpaQuery.java:243)
	at org.springframework.data.jpa.repository.query.JpaQueryExecution$CollectionExecution.doExecute(JpaQueryExecution.java:130)
	at org.springframework.data.jpa.repository.query.JpaQueryExecution.execute(JpaQueryExecution.java:93)
	at org.springframework.data.jpa.repository.query.AbstractJpaQuery.doExecute(AbstractJpaQuery.java:152)
	at org.springframework.data.jpa.repository.query.AbstractJpaQuery.execute(AbstractJpaQuery.java:140)
	at org.springframework.data.repository.core.support.RepositoryMethodInvoker.doInvoke(RepositoryMethodInvoker.java:170)
	at org.springframework.data.repository.core.support.RepositoryMethodInvoker.invoke(RepositoryMethodInvoker.java:158)
	at org.springframework.data.repository.core.support.QueryExecutorMethodInterceptor.doInvoke(QueryExecutorMethodInterceptor.java:170)
	at org.springframework.data.repository.core.support.QueryExecutorMethodInterceptor.invoke(QueryExecutorMethodInterceptor.java:149)
	at org.springframework.aop.framework.ReflectiveMethodInvocation.proceed(ReflectiveMethodInvocation.java:184)
	at org.springframework.data.projection.DefaultMethodInvokingMethodInterceptor.invoke(DefaultMethodInvokingMethodInterceptor.java:69)
	at org.springframework.aop.framework.ReflectiveMethodInvocation.proceed(ReflectiveMethodInvocation.java:184)
	at org.springframework.transaction.interceptor.TransactionAspectSupport.invokeWithinTransaction(TransactionAspectSupport.java:380)
	at org.springframework.transaction.interceptor.TransactionInterceptor.invoke(TransactionInterceptor.java:119)
	at org.springframework.aop.framework.ReflectiveMethodInvocation.proceed(ReflectiveMethodInvocation.java:184)
	at org.springframework.dao.support.PersistenceExceptionTranslationInterceptor.invoke(PersistenceExceptionTranslationInterceptor.java:138)
	at org.springframework.aop.framework.ReflectiveMethodInvocation.proceed(ReflectiveMethodInvocation.java:184)
	at org.springframework.data.jpa.repository.support.CrudMethodMetadataPostProcessor$CrudMethodMetadataPopulatingMethodInterceptor.invoke(CrudMethodMetadataPostProcessor.java:136)
	at org.springframework.aop.framework.ReflectiveMethodInvocation.proceed(ReflectiveMethodInvocation.java:184)
	at org.springframework.aop.framework.JdkDynamicAopProxy.invoke(JdkDynamicAopProxy.java:223)
	at jdk.proxy2/jdk.proxy2.$Proxy160.findByUserIdAndWeekStartDate(Unknown Source)
	at com.zenova.back_end.service.impl.ScoreServiceImpl.getWeeklyReward(ScoreServiceImpl.java:82)
	at java.base/jdk.internal.reflect.NativeMethodAccessorImpl.invoke0(Native Method)
	at java.base/jdk.internal.reflect.NativeMethodAccessorImpl.invoke(NativeMethodAccessorImpl.java:77)
	at java.base/jdk.internal.reflect.DelegatingMethodAccessorImpl.invoke(DelegatingMethodAccessorImpl.java:43)
	at java.base/java.lang.reflect.Method.invoke(Method.java:568)
	at org.springframework.aop.support.AopUtils.invokeJoinpointUsingReflection(AopUtils.java:359)
	at org.springframework.aop.framework.CglibAopProxy$DynamicAdvisedInterceptor.intercept(CglibAopProxy.java:723)
	at com.zenova.back_end.service.impl.ScoreServiceImpl$$SpringCGLIB$$0.getWeeklyReward(<generated>)
	at com.zenova.back_end.controller.RewardController.getWeeklyReward(RewardController.java:42)
	at java.base/jdk.internal.reflect.NativeMethodAccessorImpl.invoke0(Native Method)
	at java.base/jdk.internal.reflect.NativeMethodAccessorImpl.invoke(NativeMethodAccessorImpl.java:77)
	at java.base/jdk.internal.reflect.DelegatingMethodAccessorImpl.invoke(DelegatingMethodAccessorImpl.java:43)
	at java.base/java.lang.reflect.Method.invoke(Method.java:568)
	at org.springframework.web.method.support.InvocableHandlerMethod.doInvoke(InvocableHandlerMethod.java:257)
	at org.springframework.web.method.support.InvocableHandlerMethod.invokeForRequest(InvocableHandlerMethod.java:190)
	at org.springframework.web.servlet.mvc.method.annotation.ServletInvocableHandlerMethod.invokeAndHandle(ServletInvocableHandlerMethod.java:118)
	at org.springframework.web.servlet.mvc.method.annotation.RequestMappingHandlerAdapter.invokeHandlerMethod(RequestMappingHandlerAdapter.java:986)
	at org.springframework.web.servlet.mvc.method.annotation.RequestMappingHandlerAdapter.handleInternal(RequestMappingHandlerAdapter.java:891)
	at org.springframework.web.servlet.mvc.method.AbstractHandlerMethodAdapter.handle(AbstractHandlerMethodAdapter.java:87)
	at org.springframework.web.servlet.DispatcherServlet.doDispatch(DispatcherServlet.java:1088)
	at org.springframework.web.servlet.DispatcherServlet.doService(DispatcherServlet.java:978)
	at org.springframework.web.servlet.FrameworkServlet.processRequest(FrameworkServlet.java:1014)
	at org.springframework.web.servlet.FrameworkServlet.doGet(FrameworkServlet.java:903)
	at jakarta.servlet.http.HttpServlet.service(HttpServlet.java:564)
	at org.springframework.web.servlet.FrameworkServlet.service(FrameworkServlet.java:885)
	at jakarta.servlet.http.HttpServlet.service(HttpServlet.java:658)
	at org.apache.catalina.core.ApplicationFilterChain.internalDoFilter(ApplicationFilterChain.java:195)
	at org.apache.catalina.core.ApplicationFilterChain.doFilter(ApplicationFilterChain.java:140)
	at org.apache.tomcat.websocket.server.WsFilter.doFilter(WsFilter.java:51)
	at org.apache.catalina.core.ApplicationFilterChain.internalDoFilter(ApplicationFilterChain.java:164)
	at org.apache.catalina.core.ApplicationFilterChain.doFilter(ApplicationFilterChain.java:140)
	at org.springframework.web.filter.OncePerRequestFilter.doFilter(OncePerRequestFilter.java:110)
	at org.apache.catalina.core.ApplicationFilterChain.internalDoFilter(ApplicationFilterChain.java:164)
	at org.apache.catalina.core.ApplicationFilterChain.doFilter(ApplicationFilterChain.java:140)
	at org.springframework.web.filter.CompositeFilter$VirtualFilterChain.doFilter(CompositeFilter.java:108)
	at org.springframework.security.web.FilterChainProxy.lambda$doFilterInternal$3(FilterChainProxy.java:231)
	at org.springframework.security.web.FilterChainProxy$VirtualFilterChain.doFilter(FilterChainProxy.java:365)
	at org.springframework.security.web.access.intercept.AuthorizationFilter.doFilter(AuthorizationFilter.java:101)
	at org.springframework.security.web.FilterChainProxy$VirtualFilterChain.doFilter(FilterChainProxy.java:374)
	at org.springframework.security.web.access.ExceptionTranslationFilter.doFilter(ExceptionTranslationFilter.java:126)
	at org.springframework.security.web.access.ExceptionTranslationFilter.doFilter(ExceptionTranslationFilter.java:120)
	at org.springframework.security.web.FilterChainProxy$VirtualFilterChain.doFilter(FilterChainProxy.java:374)
	at org.springframework.security.web.session.SessionManagementFilter.doFilter(SessionManagementFilter.java:131)
	at org.springframework.security.web.session.SessionManagementFilter.doFilter(SessionManagementFilter.java:85)
	at org.springframework.security.web.FilterChainProxy$VirtualFilterChain.doFilter(FilterChainProxy.java:374)
	at org.springframework.security.web.authentication.AnonymousAuthenticationFilter.doFilter(AnonymousAuthenticationFilter.java:100)
	at org.springframework.security.web.FilterChainProxy$VirtualFilterChain.doFilter(FilterChainProxy.java:374)
	at org.springframework.security.web.servletapi.SecurityContextHolderAwareRequestFilter.doFilter(SecurityContextHolderAwareRequestFilter.java:179)
	at org.springframework.security.web.FilterChainProxy$VirtualFilterChain.doFilter(FilterChainProxy.java:374)
	at org.springframework.security.web.savedrequest.RequestCacheAwareFilter.doFilter(RequestCacheAwareFilter.java:63)
	at org.springframework.security.web.FilterChainProxy$VirtualFilterChain.doFilter(FilterChainProxy.java:374)
	at com.zenova.back_end.config.JwtFilter.doFilterInternal(JwtFilter.java:69)
	at org.springframework.web.filter.OncePerRequestFilter.doFilter(OncePerRequestFilter.java:116)
	at org.springframework.security.web.FilterChainProxy$VirtualFilterChain.doFilter(FilterChainProxy.java:374)
	at org.springframework.security.web.authentication.logout.LogoutFilter.doFilter(LogoutFilter.java:107)
	at org.springframework.security.web.authentication.logout.LogoutFilter.doFilter(LogoutFilter.java:93)
	at org.springframework.security.web.FilterChainProxy$VirtualFilterChain.doFilter(FilterChainProxy.java:374)
	at org.springframework.security.web.header.HeaderWriterFilter.doHeadersAfter(HeaderWriterFilter.java:90)
	at org.springframework.security.web.header.HeaderWriterFilter.doFilterInternal(HeaderWriterFilter.java:75)
	at org.springframework.web.filter.OncePerRequestFilter.doFilter(OncePerRequestFilter.java:116)
	at org.springframework.security.web.FilterChainProxy$VirtualFilterChain.doFilter(FilterChainProxy.java:374)
	at org.springframework.security.web.context.SecurityContextHolderFilter.doFilter(SecurityContextHolderFilter.java:82)
	at org.springframework.security.web.context.SecurityContextHolderFilter.doFilter(SecurityContextHolderFilter.java:69)
	at org.springframework.security.web.FilterChainProxy$VirtualFilterChain.doFilter(FilterChainProxy.java:374)
	at org.springframework.security.web.context.request.async.WebAsyncManagerIntegrationFilter.doFilterInternal(WebAsyncManagerIntegrationFilter.java:62)
	at org.springframework.web.filter.OncePerRequestFilter.doFilter(OncePerRequestFilter.java:116)
	at org.springframework.security.web.FilterChainProxy$VirtualFilterChain.doFilter(FilterChainProxy.java:374)
	at org.springframework.security.web.session.DisableEncodeUrlFilter.doFilterInternal(DisableEncodeUrlFilter.java:42)
	at org.springframework.web.filter.OncePerRequestFilter.doFilter(OncePerRequestFilter.java:116)
	at org.springframework.security.web.FilterChainProxy$VirtualFilterChain.doFilter(FilterChainProxy.java:374)
	at org.springframework.security.web.FilterChainProxy.doFilterInternal(FilterChainProxy.java:233)
	at org.springframework.security.web.FilterChainProxy.doFilter(FilterChainProxy.java:191)
	at org.springframework.web.filter.CompositeFilter$VirtualFilterChain.doFilter(CompositeFilter.java:113)
	at org.springframework.web.servlet.handler.HandlerMappingIntrospector.lambda$createCacheFilter$3(HandlerMappingIntrospector.java:243)
	at org.springframework.web.filter.CompositeFilter$VirtualFilterChain.doFilter(CompositeFilter.java:113)
	at org.springframework.web.filter.CompositeFilter.doFilter(CompositeFilter.java:74)
	at org.springframework.security.config.annotation.web.configuration.WebMvcSecurityConfiguration$CompositeFilterChainProxy.doFilter(WebMvcSecurityConfiguration.java:238)
	at org.springframework.web.filter.DelegatingFilterProxy.invokeDelegate(DelegatingFilterProxy.java:362)
	at org.springframework.web.filter.DelegatingFilterProxy.doFilter(DelegatingFilterProxy.java:278)
	at org.apache.catalina.core.ApplicationFilterChain.internalDoFilter(ApplicationFilterChain.java:164)
	at org.apache.catalina.core.ApplicationFilterChain.doFilter(ApplicationFilterChain.java:140)
	at org.springframework.web.filter.CorsFilter.doFilterInternal(CorsFilter.java:91)
	at org.springframework.web.filter.OncePerRequestFilter.doFilter(OncePerRequestFilter.java:116)
	at org.apache.catalina.core.ApplicationFilterChain.internalDoFilter(ApplicationFilterChain.java:164)
	at org.apache.catalina.core.ApplicationFilterChain.doFilter(ApplicationFilterChain.java:140)
	at org.springframework.web.filter.RequestContextFilter.doFilterInternal(RequestContextFilter.java:100)
	at org.springframework.web.filter.OncePerRequestFilter.doFilter(OncePerRequestFilter.java:116)
	at org.apache.catalina.core.ApplicationFilterChain.internalDoFilter(ApplicationFilterChain.java:164)
	at org.apache.catalina.core.ApplicationFilterChain.doFilter(ApplicationFilterChain.java:140)
	at org.springframework.web.filter.FormContentFilter.doFilterInternal(FormContentFilter.java:93)
	at org.springframework.web.filter.OncePerRequestFilter.doFilter(OncePerRequestFilter.java:116)
	at org.apache.catalina.core.ApplicationFilterChain.internalDoFilter(ApplicationFilterChain.java:164)
	at org.apache.catalina.core.ApplicationFilterChain.doFilter(ApplicationFilterChain.java:140)
	at org.springframework.web.filter.CharacterEncodingFilter.doFilterInternal(CharacterEncodingFilter.java:201)
	at org.springframework.web.filter.OncePerRequestFilter.doFilter(OncePerRequestFilter.java:116)
	at org.apache.catalina.core.ApplicationFilterChain.internalDoFilter(ApplicationFilterChain.java:164)
	at org.apache.catalina.core.ApplicationFilterChain.doFilter(ApplicationFilterChain.java:140)
	at org.apache.catalina.core.StandardWrapperValve.invoke(StandardWrapperValve.java:167)
	at org.apache.catalina.core.StandardContextValve.invoke(StandardContextValve.java:90)
	at org.apache.catalina.authenticator.AuthenticatorBase.invoke(AuthenticatorBase.java:483)
	at org.apache.catalina.core.StandardHostValve.invoke(StandardHostValve.java:115)
	at org.apache.catalina.valves.ErrorReportValve.invoke(ErrorReportValve.java:93)
	at org.apache.catalina.core.StandardEngineValve.invoke(StandardEngineValve.java:74)
	at org.apache.catalina.connector.CoyoteAdapter.service(CoyoteAdapter.java:344)
	at org.apache.coyote.http11.Http11Processor.service(Http11Processor.java:397)
	at org.apache.coyote.AbstractProcessorLight.process(AbstractProcessorLight.java:63)
	at org.apache.coyote.AbstractProtocol$ConnectionHandler.process(AbstractProtocol.java:905)
	at org.apache.tomcat.util.net.NioEndpoint$SocketProcessor.doRun(NioEndpoint.java:1741)
	at org.apache.tomcat.util.net.SocketProcessorBase.run(SocketProcessorBase.java:52)
	at org.apache.tomcat.util.threads.ThreadPoolExecutor.runWorker(ThreadPoolExecutor.java:1190)
	at org.apache.tomcat.util.threads.ThreadPoolExecutor$Worker.run(ThreadPoolExecutor.java:659)
	at org.apache.tomcat.util.threads.TaskThread$WrappingRunnable.run(TaskThread.java:63)
	at java.base/java.lang.Thread.run(Thread.java:833)
2025-04-19 20:19:05 [http-nio-8080-exec-5] DEBUG o.s.security.web.FilterChainProxy - Securing GET /error
2025-04-19 20:19:05 [http-nio-8080-exec-5] DEBUG o.s.s.w.a.AnonymousAuthenticationFilter - Set SecurityContextHolder to anonymous SecurityContext
2025-04-19 20:19:05 [http-nio-8080-exec-5] DEBUG o.s.s.w.a.Http403ForbiddenEntryPoint - Pre-authenticated entry point called. Rejecting access
2025-04-19 20:19:34 [SpringApplicationShutdownHook] INFO  o.s.b.w.e.tomcat.GracefulShutdown - Commencing graceful shutdown. Waiting for active requests to complete
2025-04-19 20:19:34 [tomcat-shutdown] INFO  o.s.b.w.e.tomcat.GracefulShutdown - Graceful shutdown complete
2025-04-19 20:19:34 [SpringApplicationShutdownHook] DEBUG org.springframework.web.SimpLogging - clientOutboundChannel removed SubProtocolWebSocketHandler[StompSubProtocolHandler[v10.stomp, v11.stomp, v12.stomp]]
2025-04-19 20:19:34 [SpringApplicationShutdownHook] DEBUG org.springframework.web.SimpLogging - clientInboundChannel removed WebSocketAnnotationMethodMessageHandler[prefixes=[/app/]]
2025-04-19 20:19:34 [SpringApplicationShutdownHook] INFO  o.s.m.s.b.SimpleBrokerMessageHandler - Stopping...
2025-04-19 20:19:34 [SpringApplicationShutdownHook] INFO  o.s.m.s.b.SimpleBrokerMessageHandler - BrokerAvailabilityEvent[available=false, SimpleBrokerMessageHandler [org.springframework.messaging.simp.broker.DefaultSubscriptionRegistry@7c96ee9e]]
2025-04-19 20:19:34 [SpringApplicationShutdownHook] DEBUG org.springframework.web.SimpLogging - clientInboundChannel removed SimpleBrokerMessageHandler [org.springframework.messaging.simp.broker.DefaultSubscriptionRegistry@7c96ee9e]
2025-04-19 20:19:34 [SpringApplicationShutdownHook] DEBUG org.springframework.web.SimpLogging - brokerChannel removed SimpleBrokerMessageHandler [org.springframework.messaging.simp.broker.DefaultSubscriptionRegistry@7c96ee9e]
2025-04-19 20:19:34 [SpringApplicationShutdownHook] INFO  o.s.m.s.b.SimpleBrokerMessageHandler - Stopped.
2025-04-19 20:19:34 [SpringApplicationShutdownHook] DEBUG org.springframework.web.SimpLogging - clientInboundChannel removed UserDestinationMessageHandler[DefaultUserDestinationResolver[prefix=/user/]]
2025-04-19 20:19:34 [SpringApplicationShutdownHook] DEBUG org.springframework.web.SimpLogging - brokerChannel removed UserDestinationMessageHandler[DefaultUserDestinationResolver[prefix=/user/]]
2025-04-19 20:19:34 [SpringApplicationShutdownHook] INFO  o.s.o.j.LocalContainerEntityManagerFactoryBean - Closing JPA EntityManagerFactory for persistence unit 'default'
2025-04-19 20:19:34 [SpringApplicationShutdownHook] INFO  com.zaxxer.hikari.HikariDataSource - HikariPool-1 - Shutdown initiated...
2025-04-19 20:19:34 [SpringApplicationShutdownHook] INFO  com.zaxxer.hikari.HikariDataSource - HikariPool-1 - Shutdown completed.
2025-04-19 20:19:40 [main] INFO  c.z.b.SpringwithjwtApplication - Starting SpringwithjwtApplication using Java 17.0.7 with PID 719078 (/home/user/Documents/Desktop/GamePlatform/backend/target/classes started by user in /home/user/Documents/Desktop/GamePlatform)
2025-04-19 20:19:40 [main] INFO  c.z.b.SpringwithjwtApplication - No active profile set, falling back to 1 default profile: "default"
2025-04-19 20:19:42 [main] INFO  o.s.d.r.c.RepositoryConfigurationDelegate - Multiple Spring Data modules found, entering strict repository configuration mode
2025-04-19 20:19:42 [main] INFO  o.s.d.r.c.RepositoryConfigurationDelegate - Bootstrapping Spring Data JPA repositories in DEFAULT mode.
2025-04-19 20:19:42 [main] INFO  o.s.d.r.c.RepositoryConfigurationDelegate - Finished Spring Data repository scanning in 243 ms. Found 6 JPA repository interfaces.
2025-04-19 20:19:42 [main] INFO  o.s.d.r.c.RepositoryConfigurationDelegate - Multiple Spring Data modules found, entering strict repository configuration mode
2025-04-19 20:19:42 [main] INFO  o.s.d.r.c.RepositoryConfigurationDelegate - Bootstrapping Spring Data Redis repositories in DEFAULT mode.
2025-04-19 20:19:42 [main] INFO  o.s.d.r.c.RepositoryConfigurationExtensionSupport - Spring Data Redis - Could not safely identify store assignment for repository candidate interface com.zenova.back_end.repo.CategoryRepository; If you want this repository to be a Redis repository, consider annotating your entities with one of these annotations: org.springframework.data.redis.core.RedisHash (preferred), or consider extending one of the following types with your repository: org.springframework.data.keyvalue.repository.KeyValueRepository
2025-04-19 20:19:42 [main] INFO  o.s.d.r.c.RepositoryConfigurationExtensionSupport - Spring Data Redis - Could not safely identify store assignment for repository candidate interface com.zenova.back_end.repo.GameRepository; If you want this repository to be a Redis repository, consider annotating your entities with one of these annotations: org.springframework.data.redis.core.RedisHash (preferred), or consider extending one of the following types with your repository: org.springframework.data.keyvalue.repository.KeyValueRepository
2025-04-19 20:19:42 [main] INFO  o.s.d.r.c.RepositoryConfigurationExtensionSupport - Spring Data Redis - Could not safely identify store assignment for repository candidate interface com.zenova.back_end.repo.PurchaseRepository; If you want this repository to be a Redis repository, consider annotating your entities with one of these annotations: org.springframework.data.redis.core.RedisHash (preferred), or consider extending one of the following types with your repository: org.springframework.data.keyvalue.repository.KeyValueRepository
2025-04-19 20:19:42 [main] INFO  o.s.d.r.c.RepositoryConfigurationExtensionSupport - Spring Data Redis - Could not safely identify store assignment for repository candidate interface com.zenova.back_end.repo.RewardEntryRepository; If you want this repository to be a Redis repository, consider annotating your entities with one of these annotations: org.springframework.data.redis.core.RedisHash (preferred), or consider extending one of the following types with your repository: org.springframework.data.keyvalue.repository.KeyValueRepository
2025-04-19 20:19:42 [main] INFO  o.s.d.r.c.RepositoryConfigurationExtensionSupport - Spring Data Redis - Could not safely identify store assignment for repository candidate interface com.zenova.back_end.repo.ScoreRepository; If you want this repository to be a Redis repository, consider annotating your entities with one of these annotations: org.springframework.data.redis.core.RedisHash (preferred), or consider extending one of the following types with your repository: org.springframework.data.keyvalue.repository.KeyValueRepository
2025-04-19 20:19:42 [main] INFO  o.s.d.r.c.RepositoryConfigurationExtensionSupport - Spring Data Redis - Could not safely identify store assignment for repository candidate interface com.zenova.back_end.repo.UserRepository; If you want this repository to be a Redis repository, consider annotating your entities with one of these annotations: org.springframework.data.redis.core.RedisHash (preferred), or consider extending one of the following types with your repository: org.springframework.data.keyvalue.repository.KeyValueRepository
2025-04-19 20:19:42 [main] INFO  o.s.d.r.c.RepositoryConfigurationDelegate - Finished Spring Data repository scanning in 11 ms. Found 0 Redis repository interfaces.
2025-04-19 20:19:43 [main] INFO  o.s.b.w.e.tomcat.TomcatWebServer - Tomcat initialized with port 8080 (http)
2025-04-19 20:19:43 [main] INFO  o.a.catalina.core.StandardService - Starting service [Tomcat]
2025-04-19 20:19:43 [main] INFO  o.a.catalina.core.StandardEngine - Starting Servlet engine: [Apache Tomcat/10.1.34]
2025-04-19 20:19:43 [main] INFO  o.a.c.c.C.[Tomcat].[localhost].[/] - Initializing Spring embedded WebApplicationContext
2025-04-19 20:19:43 [main] INFO  o.s.b.w.s.c.ServletWebServerApplicationContext - Root WebApplicationContext: initialization completed in 2707 ms
2025-04-19 20:19:43 [main] INFO  o.h.jpa.internal.util.LogHelper - HHH000204: Processing PersistenceUnitInfo [name: default]
2025-04-19 20:19:43 [main] INFO  org.hibernate.Version - HHH000412: Hibernate ORM core version 6.6.5.Final
2025-04-19 20:19:44 [main] INFO  o.h.c.i.RegionFactoryInitiator - HHH000026: Second-level cache disabled
2025-04-19 20:19:44 [main] INFO  o.s.o.j.p.SpringPersistenceUnitInfo - No LoadTimeWeaver setup: ignoring JPA class transformer
2025-04-19 20:19:44 [main] INFO  com.zaxxer.hikari.HikariDataSource - HikariPool-1 - Starting...
2025-04-19 20:19:44 [main] INFO  com.zaxxer.hikari.pool.HikariPool - HikariPool-1 - Added connection com.mysql.cj.jdbc.ConnectionImpl@40ddf339
2025-04-19 20:19:44 [main] INFO  com.zaxxer.hikari.HikariDataSource - HikariPool-1 - Start completed.
2025-04-19 20:19:44 [main] WARN  org.hibernate.orm.deprecation - HHH90000025: MySQL8Dialect does not need to be specified explicitly using 'hibernate.dialect' (remove the property setting and it will be selected by default)
2025-04-19 20:19:44 [main] WARN  org.hibernate.orm.deprecation - HHH90000026: MySQL8Dialect has been deprecated; use org.hibernate.dialect.MySQLDialect instead
2025-04-19 20:19:44 [main] INFO  o.hibernate.orm.connections.pooling - HHH10001005: Database info:
	Database JDBC URL [Connecting through datasource 'HikariDataSource (HikariPool-1)']
	Database driver: undefined/unknown
	Database version: 8.0
	Autocommit mode: undefined/unknown
	Isolation level: undefined/unknown
	Minimum pool size: undefined/unknown
	Maximum pool size: undefined/unknown
2025-04-19 20:19:46 [main] INFO  o.h.e.t.j.p.i.JtaPlatformInitiator - HHH000489: No JTA platform available (set 'hibernate.transaction.jta.platform' to enable JTA platform integration)
2025-04-19 20:19:46 [main] INFO  o.s.o.j.LocalContainerEntityManagerFactoryBean - Initialized JPA EntityManagerFactory for persistence unit 'default'
2025-04-19 20:19:46 [main] DEBUG o.s.web.filter.CorsFilter - Filter 'corsFilter' configured for use
2025-04-19 20:19:47 [main] INFO  o.s.s.c.a.a.c.InitializeUserDetailsBeanManagerConfigurer$InitializeUserDetailsManagerConfigurer - Global AuthenticationManager configured with UserDetailsService bean with name userServiceImpl
2025-04-19 20:19:47 [main] INFO  o.s.d.j.r.query.QueryEnhancerFactory - Hibernate is in classpath; If applicable, HQL parser will be used.
2025-04-19 20:19:48 [main] DEBUG o.s.w.s.s.s.WebSocketHandlerMapping - Patterns [/ws/**] in 'stompWebSocketHandlerMapping'
2025-04-19 20:19:49 [main] DEBUG o.s.w.s.m.m.a.RequestMappingHandlerMapping - 33 mappings in 'requestMappingHandlerMapping'
2025-04-19 20:19:49 [main] DEBUG o.s.w.s.h.SimpleUrlHandlerMapping - Patterns [/webjars/**, /**, /swagger-ui*/*swagger-initializer.js, /swagger-ui*/**] in 'resourceHandlerMapping'
2025-04-19 20:19:49 [main] WARN  o.s.s.c.a.w.c.AuthorizeHttpRequestsConfigurer$AuthorizationManagerRequestMatcherRegistry - One of the patterns in [api/v1/reward/weekly, /api/v1/game/, /api/v1/game/upload, /api/livekit/token, /api/v1/leaderboard/top, /api/v1/deploy/vercel, /api/v1/auth/authenticate, /api/v1/user/register, /api/v1/user/login, /api/v1/user/**, /api/v1/auth/refreshToken, /api/v1/category/add, /api/v1/category/**, /api/v1/category/all-active, /api/v1/game/add, /api/v1/game/**, /api/v1/user/**, /api/v1/play/**, /v3/api-docs/**, /swagger-ui/**, /swagger-ui.html] is missing a leading slash. This is discouraged; please include the leading slash in all your request matcher patterns. In future versions of Spring Security, leaving out the leading slash will result in an exception.
2025-04-19 20:19:49 [main] DEBUG o.s.s.web.DefaultSecurityFilterChain - Will secure any request with filters: DisableEncodeUrlFilter, WebAsyncManagerIntegrationFilter, SecurityContextHolderFilter, HeaderWriterFilter, LogoutFilter, JwtFilter, RequestCacheAwareFilter, SecurityContextHolderAwareRequestFilter, AnonymousAuthenticationFilter, SessionManagementFilter, ExceptionTranslationFilter, AuthorizationFilter
2025-04-19 20:19:49 [main] DEBUG o.s.w.s.m.WebSocketAnnotationMethodMessageHandler - 
	c.z.b.c.AuthController:
	
2025-04-19 20:19:49 [main] DEBUG o.s.w.s.m.WebSocketAnnotationMethodMessageHandler - 
	c.z.b.c.CategoryController:
	
2025-04-19 20:19:49 [main] DEBUG o.s.w.s.m.WebSocketAnnotationMethodMessageHandler - 
	c.z.b.c.ChatController:
	{[MESSAGE],[/chat]}: handleChatMessage(ChatMessage)
2025-04-19 20:19:49 [main] DEBUG o.s.w.s.m.WebSocketAnnotationMethodMessageHandler - 
	c.z.b.c.GameController:
	
2025-04-19 20:19:49 [main] DEBUG o.s.w.s.m.WebSocketAnnotationMethodMessageHandler - 
	c.z.b.c.LeaderBoardController:
	
2025-04-19 20:19:49 [main] DEBUG o.s.w.s.m.WebSocketAnnotationMethodMessageHandler - 
	c.z.b.c.LiveKitController:
	
2025-04-19 20:19:49 [main] DEBUG o.s.w.s.m.WebSocketAnnotationMethodMessageHandler - 
	c.z.b.c.PlayController:
	
2025-04-19 20:19:49 [main] DEBUG o.s.w.s.m.WebSocketAnnotationMethodMessageHandler - 
	c.z.b.c.RewardController:
	
2025-04-19 20:19:49 [main] DEBUG o.s.w.s.m.WebSocketAnnotationMethodMessageHandler - 
	c.z.b.c.UserController:
	
2025-04-19 20:19:49 [main] DEBUG o.s.w.s.m.WebSocketAnnotationMethodMessageHandler - 
	c.z.b.u.a.GlobalExceptionHandler:
	
2025-04-19 20:19:49 [main] DEBUG o.s.w.s.m.WebSocketAnnotationMethodMessageHandler - 
	o.s.b.a.w.s.e.BasicErrorController:
	
2025-04-19 20:19:49 [main] DEBUG o.s.w.s.m.WebSocketAnnotationMethodMessageHandler - 
	o.s.w.a.OpenApiWebMvcResource:
	
2025-04-19 20:19:49 [main] DEBUG o.s.w.s.m.WebSocketAnnotationMethodMessageHandler - 
	o.s.w.u.SwaggerWelcomeWebMvc:
	
2025-04-19 20:19:49 [main] DEBUG o.s.w.s.m.WebSocketAnnotationMethodMessageHandler - 
	o.s.w.u.SwaggerConfigResource:
	
2025-04-19 20:19:49 [main] DEBUG o.s.w.s.m.m.a.RequestMappingHandlerAdapter - ControllerAdvice beans: 0 @ModelAttribute, 0 @InitBinder, 1 RequestBodyAdvice, 1 ResponseBodyAdvice
2025-04-19 20:19:49 [main] WARN  o.s.b.a.t.ThymeleafAutoConfiguration$DefaultTemplateResolverConfiguration - Cannot find template location: classpath:/templates/ (please add some templates, check your Thymeleaf configuration, or set spring.thymeleaf.check-template-location=false)
2025-04-19 20:19:49 [main] DEBUG o.s.w.s.m.m.a.ExceptionHandlerExceptionResolver - ControllerAdvice beans: 1 @ExceptionHandler, 1 ResponseBodyAdvice
2025-04-19 20:19:50 [main] DEBUG org.springframework.web.SimpLogging - clientOutboundChannel added SubProtocolWebSocketHandler[StompSubProtocolHandler[v10.stomp, v11.stomp, v12.stomp]]
2025-04-19 20:19:50 [main] DEBUG org.springframework.web.SimpLogging - clientInboundChannel added WebSocketAnnotationMethodMessageHandler[prefixes=[/app/]]
2025-04-19 20:19:50 [main] INFO  o.s.m.s.b.SimpleBrokerMessageHandler - Starting...
2025-04-19 20:19:50 [main] DEBUG org.springframework.web.SimpLogging - clientInboundChannel added SimpleBrokerMessageHandler [org.springframework.messaging.simp.broker.DefaultSubscriptionRegistry@40190f7f]
2025-04-19 20:19:50 [main] DEBUG org.springframework.web.SimpLogging - brokerChannel added SimpleBrokerMessageHandler [org.springframework.messaging.simp.broker.DefaultSubscriptionRegistry@40190f7f]
2025-04-19 20:19:50 [main] INFO  o.s.m.s.b.SimpleBrokerMessageHandler - BrokerAvailabilityEvent[available=true, SimpleBrokerMessageHandler [org.springframework.messaging.simp.broker.DefaultSubscriptionRegistry@40190f7f]]
2025-04-19 20:19:50 [main] INFO  o.s.m.s.b.SimpleBrokerMessageHandler - Started.
2025-04-19 20:19:50 [main] DEBUG org.springframework.web.SimpLogging - clientInboundChannel added UserDestinationMessageHandler[DefaultUserDestinationResolver[prefix=/user/]]
2025-04-19 20:19:50 [main] DEBUG org.springframework.web.SimpLogging - brokerChannel added UserDestinationMessageHandler[DefaultUserDestinationResolver[prefix=/user/]]
2025-04-19 20:19:50 [main] INFO  o.s.b.w.e.tomcat.TomcatWebServer - Tomcat started on port 8080 (http) with context path '/'
2025-04-19 20:19:50 [main] INFO  c.z.b.SpringwithjwtApplication - Started SpringwithjwtApplication in 10.721 seconds (process running for 11.571)
2025-04-19 20:19:57 [http-nio-8080-exec-1] INFO  o.a.c.c.C.[Tomcat].[localhost].[/] - Initializing Spring DispatcherServlet 'dispatcherServlet'
2025-04-19 20:19:57 [http-nio-8080-exec-1] INFO  o.s.web.servlet.DispatcherServlet - Initializing Servlet 'dispatcherServlet'
2025-04-19 20:19:57 [http-nio-8080-exec-1] DEBUG o.s.web.servlet.DispatcherServlet - Detected StandardServletMultipartResolver
2025-04-19 20:19:57 [http-nio-8080-exec-1] DEBUG o.s.web.servlet.DispatcherServlet - Detected AcceptHeaderLocaleResolver
2025-04-19 20:19:57 [http-nio-8080-exec-1] DEBUG o.s.web.servlet.DispatcherServlet - Detected FixedThemeResolver
2025-04-19 20:19:57 [http-nio-8080-exec-1] DEBUG o.s.web.servlet.DispatcherServlet - Detected org.springframework.web.servlet.view.DefaultRequestToViewNameTranslator@76d404ab
2025-04-19 20:19:57 [http-nio-8080-exec-1] DEBUG o.s.web.servlet.DispatcherServlet - Detected org.springframework.web.servlet.support.SessionFlashMapManager@52294ab7
2025-04-19 20:19:57 [http-nio-8080-exec-1] DEBUG o.s.web.servlet.DispatcherServlet - enableLoggingRequestDetails='false': request parameters and headers will be masked to prevent unsafe logging of potentially sensitive data
2025-04-19 20:19:57 [http-nio-8080-exec-1] INFO  o.s.web.servlet.DispatcherServlet - Completed initialization in 4 ms
2025-04-19 20:19:57 [http-nio-8080-exec-1] DEBUG o.s.security.web.FilterChainProxy - Securing GET /api/v1/game/all
2025-04-19 20:19:57 [http-nio-8080-exec-1] DEBUG o.s.security.web.FilterChainProxy - Secured GET /api/v1/game/all
2025-04-19 20:19:57 [http-nio-8080-exec-1] DEBUG o.s.web.servlet.DispatcherServlet - GET "/api/v1/game/all", parameters={}
2025-04-19 20:19:57 [http-nio-8080-exec-1] DEBUG o.s.w.s.m.m.a.RequestMappingHandlerMapping - Mapped to com.zenova.back_end.controller.GameController#getAllGames()
2025-04-19 20:19:57 [http-nio-8080-exec-1] DEBUG o.s.w.s.m.m.a.HttpEntityMethodProcessor - Using 'application/json', given [application/json, text/plain, */*] and supported [application/json, application/*+json, application/yaml]
2025-04-19 20:19:57 [http-nio-8080-exec-1] DEBUG o.s.w.s.m.m.a.HttpEntityMethodProcessor - Writing [[GameDTO(id=14, name=Fast Food Rush, description=You're at Burger King, sinking your teeth into a ju (truncated)...]
2025-04-19 20:19:57 [http-nio-8080-exec-1] DEBUG o.s.web.servlet.DispatcherServlet - Completed 200 OK
2025-04-19 20:19:57 [http-nio-8080-exec-2] DEBUG o.s.security.web.FilterChainProxy - Securing GET /api/v1/game/all
2025-04-19 20:19:57 [http-nio-8080-exec-2] DEBUG o.s.security.web.FilterChainProxy - Secured GET /api/v1/game/all
2025-04-19 20:19:57 [http-nio-8080-exec-2] DEBUG o.s.web.servlet.DispatcherServlet - GET "/api/v1/game/all", parameters={}
2025-04-19 20:19:57 [http-nio-8080-exec-2] DEBUG o.s.w.s.m.m.a.RequestMappingHandlerMapping - Mapped to com.zenova.back_end.controller.GameController#getAllGames()
2025-04-19 20:19:57 [http-nio-8080-exec-2] DEBUG o.s.w.s.m.m.a.HttpEntityMethodProcessor - Using 'application/json', given [application/json, text/plain, */*] and supported [application/json, application/*+json, application/yaml]
2025-04-19 20:19:57 [http-nio-8080-exec-2] DEBUG o.s.w.s.m.m.a.HttpEntityMethodProcessor - Writing [[GameDTO(id=14, name=Fast Food Rush, description=You're at Burger King, sinking your teeth into a ju (truncated)...]
2025-04-19 20:19:57 [http-nio-8080-exec-2] DEBUG o.s.web.servlet.DispatcherServlet - Completed 200 OK
2025-04-19 20:20:00 [http-nio-8080-exec-3] DEBUG o.s.security.web.FilterChainProxy - Securing GET /api/v1/reward/weekly
2025-04-19 20:20:00 [http-nio-8080-exec-3] DEBUG o.s.security.web.FilterChainProxy - Secured GET /api/v1/reward/weekly
2025-04-19 20:20:00 [http-nio-8080-exec-3] DEBUG o.s.web.servlet.DispatcherServlet - GET "/api/v1/reward/weekly", parameters={}
2025-04-19 20:20:00 [http-nio-8080-exec-3] DEBUG o.s.w.s.m.m.a.RequestMappingHandlerMapping - Mapped to com.zenova.back_end.controller.RewardController#getWeeklyReward(String)
2025-04-19 20:20:00 [http-nio-8080-exec-3] DEBUG o.s.w.s.m.m.a.HttpEntityMethodProcessor - Using 'application/json', given [*/*] and supported [application/json, application/*+json, application/yaml]
2025-04-19 20:20:00 [http-nio-8080-exec-3] DEBUG o.s.w.s.m.m.a.HttpEntityMethodProcessor - Writing [ResponseDTO(code=200, message=Weekly rewards are fetched, data=[RewardDTO(dayOfWeek=1, dayName=Monda (truncated)...]
2025-04-19 20:20:00 [http-nio-8080-exec-3] DEBUG o.s.web.servlet.DispatcherServlet - Completed 200 OK
2025-04-19 20:20:00 [http-nio-8080-exec-4] DEBUG o.s.security.web.FilterChainProxy - Securing GET /api/v1/reward/weekly
2025-04-19 20:20:00 [http-nio-8080-exec-4] DEBUG o.s.security.web.FilterChainProxy - Secured GET /api/v1/reward/weekly
2025-04-19 20:20:00 [http-nio-8080-exec-4] DEBUG o.s.web.servlet.DispatcherServlet - GET "/api/v1/reward/weekly", parameters={}
2025-04-19 20:20:00 [http-nio-8080-exec-4] DEBUG o.s.w.s.m.m.a.RequestMappingHandlerMapping - Mapped to com.zenova.back_end.controller.RewardController#getWeeklyReward(String)
2025-04-19 20:20:00 [http-nio-8080-exec-4] DEBUG o.s.w.s.m.m.a.HttpEntityMethodProcessor - Using 'application/json', given [*/*] and supported [application/json, application/*+json, application/yaml]
2025-04-19 20:20:00 [http-nio-8080-exec-4] DEBUG o.s.w.s.m.m.a.HttpEntityMethodProcessor - Writing [ResponseDTO(code=200, message=Weekly rewards are fetched, data=[RewardDTO(dayOfWeek=1, dayName=Monda (truncated)...]
2025-04-19 20:20:00 [http-nio-8080-exec-4] DEBUG o.s.web.servlet.DispatcherServlet - Completed 200 OK
2025-04-19 20:20:50 [MessageBroker-1] INFO  o.s.w.s.c.WebSocketMessageBrokerStats - WebSocketSession[0 current WS(0)-HttpStream(0)-HttpPoll(0), 0 total, 0 closed abnormally (0 connect failure, 0 send limit, 0 transport error)], stompSubProtocol[processed CONNECT(0)-CONNECTED(0)-DISCONNECT(0)], stompBrokerRelay[null], inboundChannel[pool size = 0, active threads = 0, queued tasks = 0, completed tasks = 0], outboundChannel[pool size = 0, active threads = 0, queued tasks = 0, completed tasks = 0], sockJsScheduler[pool size = 1, active threads = 1, queued tasks = 0, completed tasks = 0]
2025-04-19 20:27:58 [SpringApplicationShutdownHook] INFO  o.s.b.w.e.tomcat.GracefulShutdown - Commencing graceful shutdown. Waiting for active requests to complete
2025-04-19 20:27:58 [tomcat-shutdown] INFO  o.s.b.w.e.tomcat.GracefulShutdown - Graceful shutdown complete
2025-04-19 20:27:58 [SpringApplicationShutdownHook] DEBUG org.springframework.web.SimpLogging - clientOutboundChannel removed SubProtocolWebSocketHandler[StompSubProtocolHandler[v10.stomp, v11.stomp, v12.stomp]]
2025-04-19 20:27:58 [SpringApplicationShutdownHook] DEBUG org.springframework.web.SimpLogging - clientInboundChannel removed WebSocketAnnotationMethodMessageHandler[prefixes=[/app/]]
2025-04-19 20:27:58 [SpringApplicationShutdownHook] INFO  o.s.m.s.b.SimpleBrokerMessageHandler - Stopping...
2025-04-19 20:27:58 [SpringApplicationShutdownHook] INFO  o.s.m.s.b.SimpleBrokerMessageHandler - BrokerAvailabilityEvent[available=false, SimpleBrokerMessageHandler [org.springframework.messaging.simp.broker.DefaultSubscriptionRegistry@40190f7f]]
2025-04-19 20:27:58 [SpringApplicationShutdownHook] DEBUG org.springframework.web.SimpLogging - clientInboundChannel removed SimpleBrokerMessageHandler [org.springframework.messaging.simp.broker.DefaultSubscriptionRegistry@40190f7f]
2025-04-19 20:27:58 [SpringApplicationShutdownHook] DEBUG org.springframework.web.SimpLogging - brokerChannel removed SimpleBrokerMessageHandler [org.springframework.messaging.simp.broker.DefaultSubscriptionRegistry@40190f7f]
2025-04-19 20:27:58 [SpringApplicationShutdownHook] INFO  o.s.m.s.b.SimpleBrokerMessageHandler - Stopped.
2025-04-19 20:27:58 [SpringApplicationShutdownHook] DEBUG org.springframework.web.SimpLogging - clientInboundChannel removed UserDestinationMessageHandler[DefaultUserDestinationResolver[prefix=/user/]]
2025-04-19 20:27:58 [SpringApplicationShutdownHook] DEBUG org.springframework.web.SimpLogging - brokerChannel removed UserDestinationMessageHandler[DefaultUserDestinationResolver[prefix=/user/]]
2025-04-19 20:27:58 [SpringApplicationShutdownHook] INFO  o.s.o.j.LocalContainerEntityManagerFactoryBean - Closing JPA EntityManagerFactory for persistence unit 'default'
2025-04-19 20:27:58 [SpringApplicationShutdownHook] INFO  com.zaxxer.hikari.HikariDataSource - HikariPool-1 - Shutdown initiated...
2025-04-19 20:27:58 [SpringApplicationShutdownHook] INFO  com.zaxxer.hikari.HikariDataSource - HikariPool-1 - Shutdown completed.
2025-04-19 20:28:04 [main] INFO  c.z.b.SpringwithjwtApplication - Starting SpringwithjwtApplication using Java 17.0.7 with PID 719688 (/home/user/Documents/Desktop/GamePlatform/backend/target/classes started by user in /home/user/Documents/Desktop/GamePlatform)
2025-04-19 20:28:04 [main] INFO  c.z.b.SpringwithjwtApplication - No active profile set, falling back to 1 default profile: "default"
2025-04-19 20:28:05 [main] INFO  o.s.d.r.c.RepositoryConfigurationDelegate - Multiple Spring Data modules found, entering strict repository configuration mode
2025-04-19 20:28:05 [main] INFO  o.s.d.r.c.RepositoryConfigurationDelegate - Bootstrapping Spring Data JPA repositories in DEFAULT mode.
2025-04-19 20:28:06 [main] INFO  o.s.d.r.c.RepositoryConfigurationDelegate - Finished Spring Data repository scanning in 247 ms. Found 6 JPA repository interfaces.
2025-04-19 20:28:06 [main] INFO  o.s.d.r.c.RepositoryConfigurationDelegate - Multiple Spring Data modules found, entering strict repository configuration mode
2025-04-19 20:28:06 [main] INFO  o.s.d.r.c.RepositoryConfigurationDelegate - Bootstrapping Spring Data Redis repositories in DEFAULT mode.
2025-04-19 20:28:06 [main] INFO  o.s.d.r.c.RepositoryConfigurationExtensionSupport - Spring Data Redis - Could not safely identify store assignment for repository candidate interface com.zenova.back_end.repo.CategoryRepository; If you want this repository to be a Redis repository, consider annotating your entities with one of these annotations: org.springframework.data.redis.core.RedisHash (preferred), or consider extending one of the following types with your repository: org.springframework.data.keyvalue.repository.KeyValueRepository
2025-04-19 20:28:06 [main] INFO  o.s.d.r.c.RepositoryConfigurationExtensionSupport - Spring Data Redis - Could not safely identify store assignment for repository candidate interface com.zenova.back_end.repo.GameRepository; If you want this repository to be a Redis repository, consider annotating your entities with one of these annotations: org.springframework.data.redis.core.RedisHash (preferred), or consider extending one of the following types with your repository: org.springframework.data.keyvalue.repository.KeyValueRepository
2025-04-19 20:28:06 [main] INFO  o.s.d.r.c.RepositoryConfigurationExtensionSupport - Spring Data Redis - Could not safely identify store assignment for repository candidate interface com.zenova.back_end.repo.PurchaseRepository; If you want this repository to be a Redis repository, consider annotating your entities with one of these annotations: org.springframework.data.redis.core.RedisHash (preferred), or consider extending one of the following types with your repository: org.springframework.data.keyvalue.repository.KeyValueRepository
2025-04-19 20:28:06 [main] INFO  o.s.d.r.c.RepositoryConfigurationExtensionSupport - Spring Data Redis - Could not safely identify store assignment for repository candidate interface com.zenova.back_end.repo.RewardEntryRepository; If you want this repository to be a Redis repository, consider annotating your entities with one of these annotations: org.springframework.data.redis.core.RedisHash (preferred), or consider extending one of the following types with your repository: org.springframework.data.keyvalue.repository.KeyValueRepository
2025-04-19 20:28:06 [main] INFO  o.s.d.r.c.RepositoryConfigurationExtensionSupport - Spring Data Redis - Could not safely identify store assignment for repository candidate interface com.zenova.back_end.repo.ScoreRepository; If you want this repository to be a Redis repository, consider annotating your entities with one of these annotations: org.springframework.data.redis.core.RedisHash (preferred), or consider extending one of the following types with your repository: org.springframework.data.keyvalue.repository.KeyValueRepository
2025-04-19 20:28:06 [main] INFO  o.s.d.r.c.RepositoryConfigurationExtensionSupport - Spring Data Redis - Could not safely identify store assignment for repository candidate interface com.zenova.back_end.repo.UserRepository; If you want this repository to be a Redis repository, consider annotating your entities with one of these annotations: org.springframework.data.redis.core.RedisHash (preferred), or consider extending one of the following types with your repository: org.springframework.data.keyvalue.repository.KeyValueRepository
2025-04-19 20:28:06 [main] INFO  o.s.d.r.c.RepositoryConfigurationDelegate - Finished Spring Data repository scanning in 12 ms. Found 0 Redis repository interfaces.
2025-04-19 20:28:07 [main] INFO  o.s.b.w.e.tomcat.TomcatWebServer - Tomcat initialized with port 8080 (http)
2025-04-19 20:28:07 [main] INFO  o.a.catalina.core.StandardService - Starting service [Tomcat]
2025-04-19 20:28:07 [main] INFO  o.a.catalina.core.StandardEngine - Starting Servlet engine: [Apache Tomcat/10.1.34]
2025-04-19 20:28:07 [main] INFO  o.a.c.c.C.[Tomcat].[localhost].[/] - Initializing Spring embedded WebApplicationContext
2025-04-19 20:28:07 [main] INFO  o.s.b.w.s.c.ServletWebServerApplicationContext - Root WebApplicationContext: initialization completed in 2834 ms
2025-04-19 20:28:07 [main] INFO  o.h.jpa.internal.util.LogHelper - HHH000204: Processing PersistenceUnitInfo [name: default]
2025-04-19 20:28:07 [main] INFO  org.hibernate.Version - HHH000412: Hibernate ORM core version 6.6.5.Final
2025-04-19 20:28:07 [main] INFO  o.h.c.i.RegionFactoryInitiator - HHH000026: Second-level cache disabled
2025-04-19 20:28:08 [main] INFO  o.s.o.j.p.SpringPersistenceUnitInfo - No LoadTimeWeaver setup: ignoring JPA class transformer
2025-04-19 20:28:08 [main] INFO  com.zaxxer.hikari.HikariDataSource - HikariPool-1 - Starting...
2025-04-19 20:28:08 [main] INFO  com.zaxxer.hikari.pool.HikariPool - HikariPool-1 - Added connection com.mysql.cj.jdbc.ConnectionImpl@2b90cc1
2025-04-19 20:28:08 [main] INFO  com.zaxxer.hikari.HikariDataSource - HikariPool-1 - Start completed.
2025-04-19 20:28:08 [main] WARN  org.hibernate.orm.deprecation - HHH90000025: MySQL8Dialect does not need to be specified explicitly using 'hibernate.dialect' (remove the property setting and it will be selected by default)
2025-04-19 20:28:08 [main] WARN  org.hibernate.orm.deprecation - HHH90000026: MySQL8Dialect has been deprecated; use org.hibernate.dialect.MySQLDialect instead
2025-04-19 20:28:08 [main] INFO  o.hibernate.orm.connections.pooling - HHH10001005: Database info:
	Database JDBC URL [Connecting through datasource 'HikariDataSource (HikariPool-1)']
	Database driver: undefined/unknown
	Database version: 8.0
	Autocommit mode: undefined/unknown
	Isolation level: undefined/unknown
	Minimum pool size: undefined/unknown
	Maximum pool size: undefined/unknown
2025-04-19 20:28:09 [main] INFO  o.h.e.t.j.p.i.JtaPlatformInitiator - HHH000489: No JTA platform available (set 'hibernate.transaction.jta.platform' to enable JTA platform integration)
2025-04-19 20:28:10 [main] INFO  o.s.o.j.LocalContainerEntityManagerFactoryBean - Initialized JPA EntityManagerFactory for persistence unit 'default'
2025-04-19 20:28:10 [main] DEBUG o.s.web.filter.CorsFilter - Filter 'corsFilter' configured for use
2025-04-19 20:28:10 [main] INFO  o.s.s.c.a.a.c.InitializeUserDetailsBeanManagerConfigurer$InitializeUserDetailsManagerConfigurer - Global AuthenticationManager configured with UserDetailsService bean with name userServiceImpl
2025-04-19 20:28:10 [main] INFO  o.s.d.j.r.query.QueryEnhancerFactory - Hibernate is in classpath; If applicable, HQL parser will be used.
2025-04-19 20:28:12 [main] DEBUG o.s.w.s.s.s.WebSocketHandlerMapping - Patterns [/ws/**] in 'stompWebSocketHandlerMapping'
2025-04-19 20:28:12 [main] DEBUG o.s.w.s.m.m.a.RequestMappingHandlerMapping - 33 mappings in 'requestMappingHandlerMapping'
2025-04-19 20:28:12 [main] DEBUG o.s.w.s.h.SimpleUrlHandlerMapping - Patterns [/webjars/**, /**, /swagger-ui*/*swagger-initializer.js, /swagger-ui*/**] in 'resourceHandlerMapping'
2025-04-19 20:28:13 [main] WARN  o.s.s.c.a.w.c.AuthorizeHttpRequestsConfigurer$AuthorizationManagerRequestMatcherRegistry - One of the patterns in [api/v1/reward/weekly, /api/v1/game/, /api/v1/game/upload, /api/livekit/token, /api/v1/leaderboard/top, /api/v1/deploy/vercel, /api/v1/auth/authenticate, /api/v1/user/register, /api/v1/user/login, /api/v1/user/**, /api/v1/auth/refreshToken, /api/v1/category/add, /api/v1/category/**, /api/v1/category/all-active, /api/v1/game/add, /api/v1/game/**, /api/v1/user/**, /api/v1/play/**, /v3/api-docs/**, /swagger-ui/**, /swagger-ui.html] is missing a leading slash. This is discouraged; please include the leading slash in all your request matcher patterns. In future versions of Spring Security, leaving out the leading slash will result in an exception.
2025-04-19 20:28:13 [main] DEBUG o.s.s.web.DefaultSecurityFilterChain - Will secure any request with filters: DisableEncodeUrlFilter, WebAsyncManagerIntegrationFilter, SecurityContextHolderFilter, HeaderWriterFilter, LogoutFilter, JwtFilter, RequestCacheAwareFilter, SecurityContextHolderAwareRequestFilter, AnonymousAuthenticationFilter, SessionManagementFilter, ExceptionTranslationFilter, AuthorizationFilter
2025-04-19 20:28:13 [main] DEBUG o.s.w.s.m.WebSocketAnnotationMethodMessageHandler - 
	c.z.b.c.AuthController:
	
2025-04-19 20:28:13 [main] DEBUG o.s.w.s.m.WebSocketAnnotationMethodMessageHandler - 
	c.z.b.c.CategoryController:
	
2025-04-19 20:28:13 [main] DEBUG o.s.w.s.m.WebSocketAnnotationMethodMessageHandler - 
	c.z.b.c.ChatController:
	{[MESSAGE],[/chat]}: handleChatMessage(ChatMessage)
2025-04-19 20:28:13 [main] DEBUG o.s.w.s.m.WebSocketAnnotationMethodMessageHandler - 
	c.z.b.c.GameController:
	
2025-04-19 20:28:13 [main] DEBUG o.s.w.s.m.WebSocketAnnotationMethodMessageHandler - 
	c.z.b.c.LeaderBoardController:
	
2025-04-19 20:28:13 [main] DEBUG o.s.w.s.m.WebSocketAnnotationMethodMessageHandler - 
	c.z.b.c.LiveKitController:
	
2025-04-19 20:28:13 [main] DEBUG o.s.w.s.m.WebSocketAnnotationMethodMessageHandler - 
	c.z.b.c.PlayController:
	
2025-04-19 20:28:13 [main] DEBUG o.s.w.s.m.WebSocketAnnotationMethodMessageHandler - 
	c.z.b.c.RewardController:
	
2025-04-19 20:28:13 [main] DEBUG o.s.w.s.m.WebSocketAnnotationMethodMessageHandler - 
	c.z.b.c.UserController:
	
2025-04-19 20:28:13 [main] DEBUG o.s.w.s.m.WebSocketAnnotationMethodMessageHandler - 
	c.z.b.u.a.GlobalExceptionHandler:
	
2025-04-19 20:28:13 [main] DEBUG o.s.w.s.m.WebSocketAnnotationMethodMessageHandler - 
	o.s.b.a.w.s.e.BasicErrorController:
	
2025-04-19 20:28:13 [main] DEBUG o.s.w.s.m.WebSocketAnnotationMethodMessageHandler - 
	o.s.w.a.OpenApiWebMvcResource:
	
2025-04-19 20:28:13 [main] DEBUG o.s.w.s.m.WebSocketAnnotationMethodMessageHandler - 
	o.s.w.u.SwaggerWelcomeWebMvc:
	
2025-04-19 20:28:13 [main] DEBUG o.s.w.s.m.WebSocketAnnotationMethodMessageHandler - 
	o.s.w.u.SwaggerConfigResource:
	
2025-04-19 20:28:13 [main] DEBUG o.s.w.s.m.m.a.RequestMappingHandlerAdapter - ControllerAdvice beans: 0 @ModelAttribute, 0 @InitBinder, 1 RequestBodyAdvice, 1 ResponseBodyAdvice
2025-04-19 20:28:13 [main] WARN  o.s.b.a.t.ThymeleafAutoConfiguration$DefaultTemplateResolverConfiguration - Cannot find template location: classpath:/templates/ (please add some templates, check your Thymeleaf configuration, or set spring.thymeleaf.check-template-location=false)
2025-04-19 20:28:13 [main] DEBUG o.s.w.s.m.m.a.ExceptionHandlerExceptionResolver - ControllerAdvice beans: 1 @ExceptionHandler, 1 ResponseBodyAdvice
2025-04-19 20:28:14 [main] DEBUG org.springframework.web.SimpLogging - clientOutboundChannel added SubProtocolWebSocketHandler[StompSubProtocolHandler[v10.stomp, v11.stomp, v12.stomp]]
2025-04-19 20:28:14 [main] DEBUG org.springframework.web.SimpLogging - clientInboundChannel added WebSocketAnnotationMethodMessageHandler[prefixes=[/app/]]
2025-04-19 20:28:14 [main] INFO  o.s.m.s.b.SimpleBrokerMessageHandler - Starting...
2025-04-19 20:28:14 [main] DEBUG org.springframework.web.SimpLogging - clientInboundChannel added SimpleBrokerMessageHandler [org.springframework.messaging.simp.broker.DefaultSubscriptionRegistry@345b558f]
2025-04-19 20:28:14 [main] DEBUG org.springframework.web.SimpLogging - brokerChannel added SimpleBrokerMessageHandler [org.springframework.messaging.simp.broker.DefaultSubscriptionRegistry@345b558f]
2025-04-19 20:28:14 [main] INFO  o.s.m.s.b.SimpleBrokerMessageHandler - BrokerAvailabilityEvent[available=true, SimpleBrokerMessageHandler [org.springframework.messaging.simp.broker.DefaultSubscriptionRegistry@345b558f]]
2025-04-19 20:28:14 [main] INFO  o.s.m.s.b.SimpleBrokerMessageHandler - Started.
2025-04-19 20:28:14 [main] DEBUG org.springframework.web.SimpLogging - clientInboundChannel added UserDestinationMessageHandler[DefaultUserDestinationResolver[prefix=/user/]]
2025-04-19 20:28:14 [main] DEBUG org.springframework.web.SimpLogging - brokerChannel added UserDestinationMessageHandler[DefaultUserDestinationResolver[prefix=/user/]]
2025-04-19 20:28:14 [main] INFO  o.s.b.w.e.tomcat.TomcatWebServer - Tomcat started on port 8080 (http) with context path '/'
2025-04-19 20:28:14 [main] INFO  c.z.b.SpringwithjwtApplication - Started SpringwithjwtApplication in 11.274 seconds (process running for 12.585)
2025-04-19 20:28:47 [http-nio-8080-exec-1] INFO  o.a.c.c.C.[Tomcat].[localhost].[/] - Initializing Spring DispatcherServlet 'dispatcherServlet'
2025-04-19 20:28:47 [http-nio-8080-exec-1] INFO  o.s.web.servlet.DispatcherServlet - Initializing Servlet 'dispatcherServlet'
2025-04-19 20:28:47 [http-nio-8080-exec-1] DEBUG o.s.web.servlet.DispatcherServlet - Detected StandardServletMultipartResolver
2025-04-19 20:28:47 [http-nio-8080-exec-1] DEBUG o.s.web.servlet.DispatcherServlet - Detected AcceptHeaderLocaleResolver
2025-04-19 20:28:47 [http-nio-8080-exec-1] DEBUG o.s.web.servlet.DispatcherServlet - Detected FixedThemeResolver
2025-04-19 20:28:47 [http-nio-8080-exec-1] DEBUG o.s.web.servlet.DispatcherServlet - Detected org.springframework.web.servlet.view.DefaultRequestToViewNameTranslator@7167ca15
2025-04-19 20:28:47 [http-nio-8080-exec-1] DEBUG o.s.web.servlet.DispatcherServlet - Detected org.springframework.web.servlet.support.SessionFlashMapManager@5d706283
2025-04-19 20:28:47 [http-nio-8080-exec-1] DEBUG o.s.web.servlet.DispatcherServlet - enableLoggingRequestDetails='false': request parameters and headers will be masked to prevent unsafe logging of potentially sensitive data
2025-04-19 20:28:47 [http-nio-8080-exec-1] INFO  o.s.web.servlet.DispatcherServlet - Completed initialization in 6 ms
2025-04-19 20:28:47 [http-nio-8080-exec-1] DEBUG o.s.security.web.FilterChainProxy - Securing GET /api/v1/game/all
2025-04-19 20:28:48 [http-nio-8080-exec-1] DEBUG o.s.security.web.FilterChainProxy - Secured GET /api/v1/game/all
2025-04-19 20:28:48 [http-nio-8080-exec-1] DEBUG o.s.web.servlet.DispatcherServlet - GET "/api/v1/game/all", parameters={}
2025-04-19 20:28:48 [http-nio-8080-exec-1] DEBUG o.s.w.s.m.m.a.RequestMappingHandlerMapping - Mapped to com.zenova.back_end.controller.GameController#getAllGames()
2025-04-19 20:28:48 [http-nio-8080-exec-1] DEBUG o.s.w.s.m.m.a.HttpEntityMethodProcessor - Using 'application/json', given [application/json, text/plain, */*] and supported [application/json, application/*+json, application/yaml]
2025-04-19 20:28:48 [http-nio-8080-exec-1] DEBUG o.s.w.s.m.m.a.HttpEntityMethodProcessor - Writing [[GameDTO(id=14, name=Fast Food Rush, description=You're at Burger King, sinking your teeth into a ju (truncated)...]
2025-04-19 20:28:48 [http-nio-8080-exec-1] DEBUG o.s.web.servlet.DispatcherServlet - Completed 200 OK
2025-04-19 20:28:48 [http-nio-8080-exec-2] DEBUG o.s.security.web.FilterChainProxy - Securing GET /api/v1/game/all
2025-04-19 20:28:48 [http-nio-8080-exec-2] DEBUG o.s.security.web.FilterChainProxy - Secured GET /api/v1/game/all
2025-04-19 20:28:48 [http-nio-8080-exec-2] DEBUG o.s.web.servlet.DispatcherServlet - GET "/api/v1/game/all", parameters={}
2025-04-19 20:28:48 [http-nio-8080-exec-2] DEBUG o.s.w.s.m.m.a.RequestMappingHandlerMapping - Mapped to com.zenova.back_end.controller.GameController#getAllGames()
2025-04-19 20:28:48 [http-nio-8080-exec-2] DEBUG o.s.w.s.m.m.a.HttpEntityMethodProcessor - Using 'application/json', given [application/json, text/plain, */*] and supported [application/json, application/*+json, application/yaml]
2025-04-19 20:28:48 [http-nio-8080-exec-2] DEBUG o.s.w.s.m.m.a.HttpEntityMethodProcessor - Writing [[GameDTO(id=14, name=Fast Food Rush, description=You're at Burger King, sinking your teeth into a ju (truncated)...]
2025-04-19 20:28:48 [http-nio-8080-exec-2] DEBUG o.s.web.servlet.DispatcherServlet - Completed 200 OK
2025-04-19 20:28:51 [http-nio-8080-exec-3] DEBUG o.s.security.web.FilterChainProxy - Securing GET /api/v1/reward/weekly
2025-04-19 20:28:51 [http-nio-8080-exec-3] DEBUG o.s.security.web.FilterChainProxy - Secured GET /api/v1/reward/weekly
2025-04-19 20:28:51 [http-nio-8080-exec-3] DEBUG o.s.web.servlet.DispatcherServlet - GET "/api/v1/reward/weekly", parameters={}
2025-04-19 20:28:51 [http-nio-8080-exec-3] DEBUG o.s.w.s.m.m.a.RequestMappingHandlerMapping - Mapped to com.zenova.back_end.controller.RewardController#getWeeklyReward(String)
2025-04-19 20:28:51 [http-nio-8080-exec-3] DEBUG o.s.w.s.m.m.a.HttpEntityMethodProcessor - Using 'application/json', given [*/*] and supported [application/json, application/*+json, application/yaml]
2025-04-19 20:28:51 [http-nio-8080-exec-3] DEBUG o.s.w.s.m.m.a.HttpEntityMethodProcessor - Writing [ResponseDTO(code=200, message=Weekly rewards are fetched, data=[RewardDTO(dayOfWeek=1, dayName=Monda (truncated)...]
2025-04-19 20:28:51 [http-nio-8080-exec-3] DEBUG o.s.web.servlet.DispatcherServlet - Completed 200 OK
2025-04-19 20:28:51 [http-nio-8080-exec-4] DEBUG o.s.security.web.FilterChainProxy - Securing GET /api/v1/reward/weekly
2025-04-19 20:28:51 [http-nio-8080-exec-4] DEBUG o.s.security.web.FilterChainProxy - Secured GET /api/v1/reward/weekly
2025-04-19 20:28:51 [http-nio-8080-exec-4] DEBUG o.s.web.servlet.DispatcherServlet - GET "/api/v1/reward/weekly", parameters={}
2025-04-19 20:28:51 [http-nio-8080-exec-4] DEBUG o.s.w.s.m.m.a.RequestMappingHandlerMapping - Mapped to com.zenova.back_end.controller.RewardController#getWeeklyReward(String)
2025-04-19 20:28:51 [http-nio-8080-exec-4] DEBUG o.s.w.s.m.m.a.HttpEntityMethodProcessor - Using 'application/json', given [*/*] and supported [application/json, application/*+json, application/yaml]
2025-04-19 20:28:51 [http-nio-8080-exec-4] DEBUG o.s.w.s.m.m.a.HttpEntityMethodProcessor - Writing [ResponseDTO(code=200, message=Weekly rewards are fetched, data=[RewardDTO(dayOfWeek=1, dayName=Monda (truncated)...]
2025-04-19 20:28:51 [http-nio-8080-exec-4] DEBUG o.s.web.servlet.DispatcherServlet - Completed 200 OK
2025-04-19 20:29:14 [MessageBroker-1] INFO  o.s.w.s.c.WebSocketMessageBrokerStats - WebSocketSession[0 current WS(0)-HttpStream(0)-HttpPoll(0), 0 total, 0 closed abnormally (0 connect failure, 0 send limit, 0 transport error)], stompSubProtocol[processed CONNECT(0)-CONNECTED(0)-DISCONNECT(0)], stompBrokerRelay[null], inboundChannel[pool size = 0, active threads = 0, queued tasks = 0, completed tasks = 0], outboundChannel[pool size = 0, active threads = 0, queued tasks = 0, completed tasks = 0], sockJsScheduler[pool size = 1, active threads = 1, queued tasks = 0, completed tasks = 0]
2025-04-19 20:36:26 [http-nio-8080-exec-7] DEBUG o.s.security.web.FilterChainProxy - Securing GET /api/v1/reward/weekly
2025-04-19 20:36:26 [http-nio-8080-exec-7] DEBUG o.s.security.web.FilterChainProxy - Secured GET /api/v1/reward/weekly
2025-04-19 20:36:26 [http-nio-8080-exec-7] DEBUG o.s.web.servlet.DispatcherServlet - GET "/api/v1/reward/weekly", parameters={}
2025-04-19 20:36:26 [http-nio-8080-exec-7] DEBUG o.s.w.s.m.m.a.RequestMappingHandlerMapping - Mapped to com.zenova.back_end.controller.RewardController#getWeeklyReward(String)
2025-04-19 20:36:27 [http-nio-8080-exec-7] DEBUG o.s.w.s.m.m.a.HttpEntityMethodProcessor - Using 'application/json', given [*/*] and supported [application/json, application/*+json, application/yaml]
2025-04-19 20:36:27 [http-nio-8080-exec-7] DEBUG o.s.w.s.m.m.a.HttpEntityMethodProcessor - Writing [ResponseDTO(code=200, message=Weekly rewards are fetched, data=[RewardDTO(dayOfWeek=1, dayName=Monda (truncated)...]
2025-04-19 20:36:27 [http-nio-8080-exec-7] DEBUG o.s.web.servlet.DispatcherServlet - Completed 200 OK
2025-04-19 20:36:46 [http-nio-8080-exec-8] DEBUG o.s.security.web.FilterChainProxy - Securing GET /api/v1/reward/weekly
2025-04-19 20:36:46 [http-nio-8080-exec-8] DEBUG o.s.security.web.FilterChainProxy - Secured GET /api/v1/reward/weekly
2025-04-19 20:36:46 [http-nio-8080-exec-8] DEBUG o.s.web.servlet.DispatcherServlet - GET "/api/v1/reward/weekly", parameters={}
2025-04-19 20:36:46 [http-nio-8080-exec-8] DEBUG o.s.w.s.m.m.a.RequestMappingHandlerMapping - Mapped to com.zenova.back_end.controller.RewardController#getWeeklyReward(String)
2025-04-19 20:36:46 [http-nio-8080-exec-8] DEBUG o.s.w.s.m.m.a.HttpEntityMethodProcessor - Using 'application/json', given [*/*] and supported [application/json, application/*+json, application/yaml]
2025-04-19 20:36:46 [http-nio-8080-exec-8] DEBUG o.s.w.s.m.m.a.HttpEntityMethodProcessor - Writing [ResponseDTO(code=200, message=Weekly rewards are fetched, data=[RewardDTO(dayOfWeek=1, dayName=Monda (truncated)...]
2025-04-19 20:36:46 [http-nio-8080-exec-8] DEBUG o.s.web.servlet.DispatcherServlet - Completed 200 OK
2025-04-19 20:40:28 [http-nio-8080-exec-10] DEBUG o.s.security.web.FilterChainProxy - Securing GET /api/v1/reward/weekly
2025-04-19 20:40:28 [http-nio-8080-exec-10] DEBUG o.s.security.web.FilterChainProxy - Secured GET /api/v1/reward/weekly
2025-04-19 20:40:28 [http-nio-8080-exec-10] DEBUG o.s.web.servlet.DispatcherServlet - GET "/api/v1/reward/weekly", parameters={}
2025-04-19 20:40:28 [http-nio-8080-exec-10] DEBUG o.s.w.s.m.m.a.RequestMappingHandlerMapping - Mapped to com.zenova.back_end.controller.RewardController#getWeeklyReward(String)
2025-04-19 20:40:28 [http-nio-8080-exec-10] DEBUG o.s.w.s.m.m.a.HttpEntityMethodProcessor - Using 'application/json', given [*/*] and supported [application/json, application/*+json, application/yaml]
2025-04-19 20:40:28 [http-nio-8080-exec-10] DEBUG o.s.w.s.m.m.a.HttpEntityMethodProcessor - Writing [ResponseDTO(code=200, message=Weekly rewards are fetched, data=[RewardDTO(dayOfWeek=1, dayName=Monda (truncated)...]
2025-04-19 20:40:28 [http-nio-8080-exec-10] DEBUG o.s.web.servlet.DispatcherServlet - Completed 200 OK
2025-04-19 20:40:28 [http-nio-8080-exec-1] DEBUG o.s.security.web.FilterChainProxy - Securing GET /api/v1/reward/weekly
2025-04-19 20:40:28 [http-nio-8080-exec-1] DEBUG o.s.security.web.FilterChainProxy - Secured GET /api/v1/reward/weekly
2025-04-19 20:40:28 [http-nio-8080-exec-1] DEBUG o.s.web.servlet.DispatcherServlet - GET "/api/v1/reward/weekly", parameters={}
2025-04-19 20:40:28 [http-nio-8080-exec-1] DEBUG o.s.w.s.m.m.a.RequestMappingHandlerMapping - Mapped to com.zenova.back_end.controller.RewardController#getWeeklyReward(String)
2025-04-19 20:40:28 [http-nio-8080-exec-1] DEBUG o.s.w.s.m.m.a.HttpEntityMethodProcessor - Using 'application/json', given [*/*] and supported [application/json, application/*+json, application/yaml]
2025-04-19 20:40:28 [http-nio-8080-exec-1] DEBUG o.s.w.s.m.m.a.HttpEntityMethodProcessor - Writing [ResponseDTO(code=200, message=Weekly rewards are fetched, data=[RewardDTO(dayOfWeek=1, dayName=Monda (truncated)...]
2025-04-19 20:40:28 [http-nio-8080-exec-1] DEBUG o.s.web.servlet.DispatcherServlet - Completed 200 OK
2025-04-19 20:40:35 [http-nio-8080-exec-2] DEBUG o.s.security.web.FilterChainProxy - Securing GET /api/v1/reward/weekly
2025-04-19 20:40:35 [http-nio-8080-exec-2] DEBUG o.s.security.web.FilterChainProxy - Secured GET /api/v1/reward/weekly
2025-04-19 20:40:35 [http-nio-8080-exec-2] DEBUG o.s.web.servlet.DispatcherServlet - GET "/api/v1/reward/weekly", parameters={}
2025-04-19 20:40:35 [http-nio-8080-exec-2] DEBUG o.s.w.s.m.m.a.RequestMappingHandlerMapping - Mapped to com.zenova.back_end.controller.RewardController#getWeeklyReward(String)
2025-04-19 20:40:35 [http-nio-8080-exec-2] DEBUG o.s.w.s.m.m.a.HttpEntityMethodProcessor - Using 'application/json', given [*/*] and supported [application/json, application/*+json, application/yaml]
2025-04-19 20:40:35 [http-nio-8080-exec-2] DEBUG o.s.w.s.m.m.a.HttpEntityMethodProcessor - Writing [ResponseDTO(code=200, message=Weekly rewards are fetched, data=[RewardDTO(dayOfWeek=1, dayName=Monda (truncated)...]
2025-04-19 20:40:35 [http-nio-8080-exec-2] DEBUG o.s.web.servlet.DispatcherServlet - Completed 200 OK
2025-04-19 20:40:35 [http-nio-8080-exec-3] DEBUG o.s.security.web.FilterChainProxy - Securing GET /api/v1/reward/weekly
2025-04-19 20:40:35 [http-nio-8080-exec-3] DEBUG o.s.security.web.FilterChainProxy - Secured GET /api/v1/reward/weekly
2025-04-19 20:40:35 [http-nio-8080-exec-3] DEBUG o.s.web.servlet.DispatcherServlet - GET "/api/v1/reward/weekly", parameters={}
2025-04-19 20:40:35 [http-nio-8080-exec-3] DEBUG o.s.w.s.m.m.a.RequestMappingHandlerMapping - Mapped to com.zenova.back_end.controller.RewardController#getWeeklyReward(String)
2025-04-19 20:40:35 [http-nio-8080-exec-3] DEBUG o.s.w.s.m.m.a.HttpEntityMethodProcessor - Using 'application/json', given [*/*] and supported [application/json, application/*+json, application/yaml]
2025-04-19 20:40:35 [http-nio-8080-exec-3] DEBUG o.s.w.s.m.m.a.HttpEntityMethodProcessor - Writing [ResponseDTO(code=200, message=Weekly rewards are fetched, data=[RewardDTO(dayOfWeek=1, dayName=Monda (truncated)...]
2025-04-19 20:40:35 [http-nio-8080-exec-3] DEBUG o.s.web.servlet.DispatcherServlet - Completed 200 OK
2025-04-19 20:40:36 [http-nio-8080-exec-6] DEBUG o.s.security.web.FilterChainProxy - Securing GET /api/v1/user/me
2025-04-19 20:40:36 [http-nio-8080-exec-6] DEBUG o.s.security.web.FilterChainProxy - Secured GET /api/v1/user/me
2025-04-19 20:40:36 [http-nio-8080-exec-6] DEBUG o.s.web.servlet.DispatcherServlet - GET "/api/v1/user/me", parameters={}
2025-04-19 20:40:36 [http-nio-8080-exec-6] DEBUG o.s.w.s.m.m.a.RequestMappingHandlerMapping - Mapped to com.zenova.back_end.controller.UserController#getMe(String)
2025-04-19 20:40:36 [http-nio-8080-exec-6] DEBUG o.s.w.s.m.m.a.HttpEntityMethodProcessor - Using 'application/json', given [application/json, text/plain, */*] and supported [application/json, application/*+json, application/yaml]
2025-04-19 20:40:36 [http-nio-8080-exec-6] DEBUG o.s.w.s.m.m.a.HttpEntityMethodProcessor - Writing [UserDTO(uid=6cca92da-6264-4037-b825-f542e09b1eb2, email=www.thilankathushani@gmail.com, password=$2a (truncated)...]
2025-04-19 20:40:36 [http-nio-8080-exec-6] DEBUG o.s.web.servlet.DispatcherServlet - Completed 200 OK
2025-04-19 20:40:36 [http-nio-8080-exec-7] DEBUG o.s.security.web.FilterChainProxy - Securing GET /api/v1/user/me
2025-04-19 20:40:36 [http-nio-8080-exec-7] DEBUG o.s.security.web.FilterChainProxy - Secured GET /api/v1/user/me
2025-04-19 20:40:36 [http-nio-8080-exec-7] DEBUG o.s.web.servlet.DispatcherServlet - GET "/api/v1/user/me", parameters={}
2025-04-19 20:40:36 [http-nio-8080-exec-7] DEBUG o.s.w.s.m.m.a.RequestMappingHandlerMapping - Mapped to com.zenova.back_end.controller.UserController#getMe(String)
2025-04-19 20:40:36 [http-nio-8080-exec-7] DEBUG o.s.w.s.m.m.a.HttpEntityMethodProcessor - Using 'application/json', given [application/json, text/plain, */*] and supported [application/json, application/*+json, application/yaml]
2025-04-19 20:40:36 [http-nio-8080-exec-7] DEBUG o.s.w.s.m.m.a.HttpEntityMethodProcessor - Writing [UserDTO(uid=6cca92da-6264-4037-b825-f542e09b1eb2, email=www.thilankathushani@gmail.com, password=$2a (truncated)...]
2025-04-19 20:40:36 [http-nio-8080-exec-7] DEBUG o.s.web.servlet.DispatcherServlet - Completed 200 OK
2025-04-19 20:41:15 [http-nio-8080-exec-8] DEBUG o.s.security.web.FilterChainProxy - Securing GET /api/v1/reward/weekly
2025-04-19 20:41:15 [http-nio-8080-exec-8] DEBUG o.s.security.web.FilterChainProxy - Secured GET /api/v1/reward/weekly
2025-04-19 20:41:15 [http-nio-8080-exec-8] DEBUG o.s.web.servlet.DispatcherServlet - GET "/api/v1/reward/weekly", parameters={}
2025-04-19 20:41:15 [http-nio-8080-exec-8] DEBUG o.s.w.s.m.m.a.RequestMappingHandlerMapping - Mapped to com.zenova.back_end.controller.RewardController#getWeeklyReward(String)
2025-04-19 20:41:15 [http-nio-8080-exec-8] DEBUG o.s.w.s.m.m.a.HttpEntityMethodProcessor - Using 'application/json', given [*/*] and supported [application/json, application/*+json, application/yaml]
2025-04-19 20:41:15 [http-nio-8080-exec-8] DEBUG o.s.w.s.m.m.a.HttpEntityMethodProcessor - Writing [ResponseDTO(code=200, message=Weekly rewards are fetched, data=[RewardDTO(dayOfWeek=1, dayName=Monda (truncated)...]
2025-04-19 20:41:15 [http-nio-8080-exec-8] DEBUG o.s.web.servlet.DispatcherServlet - Completed 200 OK
2025-04-19 20:41:15 [http-nio-8080-exec-9] DEBUG o.s.security.web.FilterChainProxy - Securing GET /api/v1/reward/weekly
2025-04-19 20:41:16 [http-nio-8080-exec-9] DEBUG o.s.security.web.FilterChainProxy - Secured GET /api/v1/reward/weekly
2025-04-19 20:41:16 [http-nio-8080-exec-9] DEBUG o.s.web.servlet.DispatcherServlet - GET "/api/v1/reward/weekly", parameters={}
2025-04-19 20:41:16 [http-nio-8080-exec-9] DEBUG o.s.w.s.m.m.a.RequestMappingHandlerMapping - Mapped to com.zenova.back_end.controller.RewardController#getWeeklyReward(String)
2025-04-19 20:41:16 [http-nio-8080-exec-9] DEBUG o.s.w.s.m.m.a.HttpEntityMethodProcessor - Using 'application/json', given [*/*] and supported [application/json, application/*+json, application/yaml]
2025-04-19 20:41:16 [http-nio-8080-exec-9] DEBUG o.s.w.s.m.m.a.HttpEntityMethodProcessor - Writing [ResponseDTO(code=200, message=Weekly rewards are fetched, data=[RewardDTO(dayOfWeek=1, dayName=Monda (truncated)...]
2025-04-19 20:41:16 [http-nio-8080-exec-9] DEBUG o.s.web.servlet.DispatcherServlet - Completed 200 OK
2025-04-19 20:41:17 [http-nio-8080-exec-10] DEBUG o.s.security.web.FilterChainProxy - Securing GET /api/v1/game/all
2025-04-19 20:41:17 [http-nio-8080-exec-10] DEBUG o.s.security.web.FilterChainProxy - Secured GET /api/v1/game/all
2025-04-19 20:41:17 [http-nio-8080-exec-10] DEBUG o.s.web.servlet.DispatcherServlet - GET "/api/v1/game/all", parameters={}
2025-04-19 20:41:17 [http-nio-8080-exec-10] DEBUG o.s.w.s.m.m.a.RequestMappingHandlerMapping - Mapped to com.zenova.back_end.controller.GameController#getAllGames()
2025-04-19 20:41:17 [http-nio-8080-exec-10] DEBUG o.s.w.s.m.m.a.HttpEntityMethodProcessor - Using 'application/json', given [application/json, text/plain, */*] and supported [application/json, application/*+json, application/yaml]
2025-04-19 20:41:17 [http-nio-8080-exec-10] DEBUG o.s.w.s.m.m.a.HttpEntityMethodProcessor - Writing [[GameDTO(id=14, name=Fast Food Rush, description=You're at Burger King, sinking your teeth into a ju (truncated)...]
2025-04-19 20:41:17 [http-nio-8080-exec-10] DEBUG o.s.web.servlet.DispatcherServlet - Completed 200 OK
2025-04-19 20:41:17 [http-nio-8080-exec-1] DEBUG o.s.security.web.FilterChainProxy - Securing GET /api/v1/game/all
2025-04-19 20:41:17 [http-nio-8080-exec-1] DEBUG o.s.security.web.FilterChainProxy - Secured GET /api/v1/game/all
2025-04-19 20:41:17 [http-nio-8080-exec-1] DEBUG o.s.web.servlet.DispatcherServlet - GET "/api/v1/game/all", parameters={}
2025-04-19 20:41:17 [http-nio-8080-exec-1] DEBUG o.s.w.s.m.m.a.RequestMappingHandlerMapping - Mapped to com.zenova.back_end.controller.GameController#getAllGames()
2025-04-19 20:41:17 [http-nio-8080-exec-1] DEBUG o.s.w.s.m.m.a.HttpEntityMethodProcessor - Using 'application/json', given [application/json, text/plain, */*] and supported [application/json, application/*+json, application/yaml]
2025-04-19 20:41:17 [http-nio-8080-exec-1] DEBUG o.s.w.s.m.m.a.HttpEntityMethodProcessor - Writing [[GameDTO(id=14, name=Fast Food Rush, description=You're at Burger King, sinking your teeth into a ju (truncated)...]
2025-04-19 20:41:17 [http-nio-8080-exec-1] DEBUG o.s.web.servlet.DispatcherServlet - Completed 200 OK
2025-04-19 20:59:14 [MessageBroker-1] INFO  o.s.w.s.c.WebSocketMessageBrokerStats - WebSocketSession[0 current WS(0)-HttpStream(0)-HttpPoll(0), 0 total, 0 closed abnormally (0 connect failure, 0 send limit, 0 transport error)], stompSubProtocol[processed CONNECT(0)-CONNECTED(0)-DISCONNECT(0)], stompBrokerRelay[null], inboundChannel[pool size = 0, active threads = 0, queued tasks = 0, completed tasks = 0], outboundChannel[pool size = 0, active threads = 0, queued tasks = 0, completed tasks = 0], sockJsScheduler[pool size = 2, active threads = 1, queued tasks = 0, completed tasks = 1]
2025-04-19 21:08:05 [SpringApplicationShutdownHook] INFO  o.s.b.w.e.tomcat.GracefulShutdown - Commencing graceful shutdown. Waiting for active requests to complete
2025-04-19 21:08:05 [tomcat-shutdown] INFO  o.s.b.w.e.tomcat.GracefulShutdown - Graceful shutdown complete
2025-04-19 21:08:05 [SpringApplicationShutdownHook] DEBUG org.springframework.web.SimpLogging - clientOutboundChannel removed SubProtocolWebSocketHandler[StompSubProtocolHandler[v10.stomp, v11.stomp, v12.stomp]]
2025-04-19 21:08:05 [SpringApplicationShutdownHook] DEBUG org.springframework.web.SimpLogging - clientInboundChannel removed WebSocketAnnotationMethodMessageHandler[prefixes=[/app/]]
2025-04-19 21:08:05 [SpringApplicationShutdownHook] INFO  o.s.m.s.b.SimpleBrokerMessageHandler - Stopping...
2025-04-19 21:08:05 [SpringApplicationShutdownHook] INFO  o.s.m.s.b.SimpleBrokerMessageHandler - BrokerAvailabilityEvent[available=false, SimpleBrokerMessageHandler [org.springframework.messaging.simp.broker.DefaultSubscriptionRegistry@345b558f]]
2025-04-19 21:08:05 [SpringApplicationShutdownHook] DEBUG org.springframework.web.SimpLogging - clientInboundChannel removed SimpleBrokerMessageHandler [org.springframework.messaging.simp.broker.DefaultSubscriptionRegistry@345b558f]
2025-04-19 21:08:05 [SpringApplicationShutdownHook] DEBUG org.springframework.web.SimpLogging - brokerChannel removed SimpleBrokerMessageHandler [org.springframework.messaging.simp.broker.DefaultSubscriptionRegistry@345b558f]
2025-04-19 21:08:05 [SpringApplicationShutdownHook] INFO  o.s.m.s.b.SimpleBrokerMessageHandler - Stopped.
2025-04-19 21:08:05 [SpringApplicationShutdownHook] DEBUG org.springframework.web.SimpLogging - clientInboundChannel removed UserDestinationMessageHandler[DefaultUserDestinationResolver[prefix=/user/]]
2025-04-19 21:08:05 [SpringApplicationShutdownHook] DEBUG org.springframework.web.SimpLogging - brokerChannel removed UserDestinationMessageHandler[DefaultUserDestinationResolver[prefix=/user/]]
2025-04-19 21:08:05 [SpringApplicationShutdownHook] INFO  o.s.o.j.LocalContainerEntityManagerFactoryBean - Closing JPA EntityManagerFactory for persistence unit 'default'
2025-04-19 21:08:05 [SpringApplicationShutdownHook] INFO  com.zaxxer.hikari.HikariDataSource - HikariPool-1 - Shutdown initiated...
2025-04-19 21:08:05 [SpringApplicationShutdownHook] INFO  com.zaxxer.hikari.HikariDataSource - HikariPool-1 - Shutdown completed.
2025-04-19 21:13:17 [main] INFO  c.z.b.SpringwithjwtApplication - Starting SpringwithjwtApplication using Java 17.0.7 with PID 721539 (/home/user/Documents/Desktop/GamePlatform/backend/target/classes started by user in /home/user/Documents/Desktop/GamePlatform)
2025-04-19 21:13:17 [main] INFO  c.z.b.SpringwithjwtApplication - No active profile set, falling back to 1 default profile: "default"
2025-04-19 21:13:18 [main] INFO  o.s.d.r.c.RepositoryConfigurationDelegate - Multiple Spring Data modules found, entering strict repository configuration mode
2025-04-19 21:13:18 [main] INFO  o.s.d.r.c.RepositoryConfigurationDelegate - Bootstrapping Spring Data JPA repositories in DEFAULT mode.
2025-04-19 21:13:19 [main] INFO  o.s.d.r.c.RepositoryConfigurationDelegate - Finished Spring Data repository scanning in 255 ms. Found 6 JPA repository interfaces.
2025-04-19 21:13:19 [main] INFO  o.s.d.r.c.RepositoryConfigurationDelegate - Multiple Spring Data modules found, entering strict repository configuration mode
2025-04-19 21:13:19 [main] INFO  o.s.d.r.c.RepositoryConfigurationDelegate - Bootstrapping Spring Data Redis repositories in DEFAULT mode.
2025-04-19 21:13:19 [main] INFO  o.s.d.r.c.RepositoryConfigurationExtensionSupport - Spring Data Redis - Could not safely identify store assignment for repository candidate interface com.zenova.back_end.repo.CategoryRepository; If you want this repository to be a Redis repository, consider annotating your entities with one of these annotations: org.springframework.data.redis.core.RedisHash (preferred), or consider extending one of the following types with your repository: org.springframework.data.keyvalue.repository.KeyValueRepository
2025-04-19 21:13:19 [main] INFO  o.s.d.r.c.RepositoryConfigurationExtensionSupport - Spring Data Redis - Could not safely identify store assignment for repository candidate interface com.zenova.back_end.repo.GameRepository; If you want this repository to be a Redis repository, consider annotating your entities with one of these annotations: org.springframework.data.redis.core.RedisHash (preferred), or consider extending one of the following types with your repository: org.springframework.data.keyvalue.repository.KeyValueRepository
2025-04-19 21:13:19 [main] INFO  o.s.d.r.c.RepositoryConfigurationExtensionSupport - Spring Data Redis - Could not safely identify store assignment for repository candidate interface com.zenova.back_end.repo.PurchaseRepository; If you want this repository to be a Redis repository, consider annotating your entities with one of these annotations: org.springframework.data.redis.core.RedisHash (preferred), or consider extending one of the following types with your repository: org.springframework.data.keyvalue.repository.KeyValueRepository
2025-04-19 21:13:19 [main] INFO  o.s.d.r.c.RepositoryConfigurationExtensionSupport - Spring Data Redis - Could not safely identify store assignment for repository candidate interface com.zenova.back_end.repo.RewardEntryRepository; If you want this repository to be a Redis repository, consider annotating your entities with one of these annotations: org.springframework.data.redis.core.RedisHash (preferred), or consider extending one of the following types with your repository: org.springframework.data.keyvalue.repository.KeyValueRepository
2025-04-19 21:13:19 [main] INFO  o.s.d.r.c.RepositoryConfigurationExtensionSupport - Spring Data Redis - Could not safely identify store assignment for repository candidate interface com.zenova.back_end.repo.ScoreRepository; If you want this repository to be a Redis repository, consider annotating your entities with one of these annotations: org.springframework.data.redis.core.RedisHash (preferred), or consider extending one of the following types with your repository: org.springframework.data.keyvalue.repository.KeyValueRepository
2025-04-19 21:13:19 [main] INFO  o.s.d.r.c.RepositoryConfigurationExtensionSupport - Spring Data Redis - Could not safely identify store assignment for repository candidate interface com.zenova.back_end.repo.UserRepository; If you want this repository to be a Redis repository, consider annotating your entities with one of these annotations: org.springframework.data.redis.core.RedisHash (preferred), or consider extending one of the following types with your repository: org.springframework.data.keyvalue.repository.KeyValueRepository
2025-04-19 21:13:19 [main] INFO  o.s.d.r.c.RepositoryConfigurationDelegate - Finished Spring Data repository scanning in 11 ms. Found 0 Redis repository interfaces.
2025-04-19 21:13:20 [main] INFO  o.s.b.w.e.tomcat.TomcatWebServer - Tomcat initialized with port 8080 (http)
2025-04-19 21:13:20 [main] INFO  o.a.catalina.core.StandardService - Starting service [Tomcat]
2025-04-19 21:13:20 [main] INFO  o.a.catalina.core.StandardEngine - Starting Servlet engine: [Apache Tomcat/10.1.34]
2025-04-19 21:13:20 [main] INFO  o.a.c.c.C.[Tomcat].[localhost].[/] - Initializing Spring embedded WebApplicationContext
2025-04-19 21:13:20 [main] INFO  o.s.b.w.s.c.ServletWebServerApplicationContext - Root WebApplicationContext: initialization completed in 2684 ms
2025-04-19 21:13:20 [main] INFO  o.h.jpa.internal.util.LogHelper - HHH000204: Processing PersistenceUnitInfo [name: default]
2025-04-19 21:13:20 [main] INFO  org.hibernate.Version - HHH000412: Hibernate ORM core version 6.6.5.Final
2025-04-19 21:13:20 [main] INFO  o.h.c.i.RegionFactoryInitiator - HHH000026: Second-level cache disabled
2025-04-19 21:13:20 [main] INFO  o.s.o.j.p.SpringPersistenceUnitInfo - No LoadTimeWeaver setup: ignoring JPA class transformer
2025-04-19 21:13:21 [main] INFO  com.zaxxer.hikari.HikariDataSource - HikariPool-1 - Starting...
2025-04-19 21:13:21 [main] INFO  com.zaxxer.hikari.pool.HikariPool - HikariPool-1 - Added connection com.mysql.cj.jdbc.ConnectionImpl@57bac3f0
2025-04-19 21:13:21 [main] INFO  com.zaxxer.hikari.HikariDataSource - HikariPool-1 - Start completed.
2025-04-19 21:13:21 [main] WARN  org.hibernate.orm.deprecation - HHH90000025: MySQL8Dialect does not need to be specified explicitly using 'hibernate.dialect' (remove the property setting and it will be selected by default)
2025-04-19 21:13:21 [main] WARN  org.hibernate.orm.deprecation - HHH90000026: MySQL8Dialect has been deprecated; use org.hibernate.dialect.MySQLDialect instead
2025-04-19 21:13:21 [main] INFO  o.hibernate.orm.connections.pooling - HHH10001005: Database info:
	Database JDBC URL [Connecting through datasource 'HikariDataSource (HikariPool-1)']
	Database driver: undefined/unknown
	Database version: 8.0
	Autocommit mode: undefined/unknown
	Isolation level: undefined/unknown
	Minimum pool size: undefined/unknown
	Maximum pool size: undefined/unknown
2025-04-19 21:13:22 [main] INFO  o.h.e.t.j.p.i.JtaPlatformInitiator - HHH000489: No JTA platform available (set 'hibernate.transaction.jta.platform' to enable JTA platform integration)
2025-04-19 21:13:22 [main] INFO  o.s.o.j.LocalContainerEntityManagerFactoryBean - Initialized JPA EntityManagerFactory for persistence unit 'default'
2025-04-19 21:13:23 [main] DEBUG o.s.web.filter.CorsFilter - Filter 'corsFilter' configured for use
2025-04-19 21:13:23 [main] INFO  o.s.s.c.a.a.c.InitializeUserDetailsBeanManagerConfigurer$InitializeUserDetailsManagerConfigurer - Global AuthenticationManager configured with UserDetailsService bean with name userServiceImpl
2025-04-19 21:13:23 [main] INFO  o.s.d.j.r.query.QueryEnhancerFactory - Hibernate is in classpath; If applicable, HQL parser will be used.
2025-04-19 21:13:25 [main] DEBUG o.s.w.s.s.s.WebSocketHandlerMapping - Patterns [/ws/**] in 'stompWebSocketHandlerMapping'
2025-04-19 21:13:25 [main] DEBUG o.s.w.s.m.m.a.RequestMappingHandlerMapping - 34 mappings in 'requestMappingHandlerMapping'
2025-04-19 21:13:25 [main] DEBUG o.s.w.s.h.SimpleUrlHandlerMapping - Patterns [/webjars/**, /**, /swagger-ui*/*swagger-initializer.js, /swagger-ui*/**] in 'resourceHandlerMapping'
2025-04-19 21:13:25 [main] WARN  o.s.s.c.a.w.c.AuthorizeHttpRequestsConfigurer$AuthorizationManagerRequestMatcherRegistry - One of the patterns in [api/v1/reward/weekly, /api/v1/game/, /api/v1/game/upload, /api/livekit/token, /api/v1/leaderboard/top, /api/v1/deploy/vercel, /api/v1/auth/authenticate, /api/v1/user/register, /api/v1/user/login, /api/v1/user/**, /api/v1/auth/refreshToken, /api/v1/category/add, /api/v1/category/**, /api/v1/category/all-active, /api/v1/game/add, /api/v1/game/**, /api/v1/user/**, /api/v1/play/**, /v3/api-docs/**, /swagger-ui/**, /swagger-ui.html] is missing a leading slash. This is discouraged; please include the leading slash in all your request matcher patterns. In future versions of Spring Security, leaving out the leading slash will result in an exception.
2025-04-19 21:13:25 [main] DEBUG o.s.s.web.DefaultSecurityFilterChain - Will secure any request with filters: DisableEncodeUrlFilter, WebAsyncManagerIntegrationFilter, SecurityContextHolderFilter, HeaderWriterFilter, LogoutFilter, JwtFilter, RequestCacheAwareFilter, SecurityContextHolderAwareRequestFilter, AnonymousAuthenticationFilter, SessionManagementFilter, ExceptionTranslationFilter, AuthorizationFilter
2025-04-19 21:13:26 [main] DEBUG o.s.w.s.m.WebSocketAnnotationMethodMessageHandler - 
	c.z.b.c.AuthController:
	
2025-04-19 21:13:26 [main] DEBUG o.s.w.s.m.WebSocketAnnotationMethodMessageHandler - 
	c.z.b.c.CategoryController:
	
2025-04-19 21:13:26 [main] DEBUG o.s.w.s.m.WebSocketAnnotationMethodMessageHandler - 
	c.z.b.c.ChatController:
	{[MESSAGE],[/chat]}: handleChatMessage(ChatMessage)
2025-04-19 21:13:26 [main] DEBUG o.s.w.s.m.WebSocketAnnotationMethodMessageHandler - 
	c.z.b.c.GameController:
	
2025-04-19 21:13:26 [main] DEBUG o.s.w.s.m.WebSocketAnnotationMethodMessageHandler - 
	c.z.b.c.LeaderBoardController:
	
2025-04-19 21:13:26 [main] DEBUG o.s.w.s.m.WebSocketAnnotationMethodMessageHandler - 
	c.z.b.c.LiveKitController:
	
2025-04-19 21:13:26 [main] DEBUG o.s.w.s.m.WebSocketAnnotationMethodMessageHandler - 
	c.z.b.c.PlayController:
	
2025-04-19 21:13:26 [main] DEBUG o.s.w.s.m.WebSocketAnnotationMethodMessageHandler - 
	c.z.b.c.RewardController:
	
2025-04-19 21:13:26 [main] DEBUG o.s.w.s.m.WebSocketAnnotationMethodMessageHandler - 
	c.z.b.c.UserController:
	
2025-04-19 21:13:26 [main] DEBUG o.s.w.s.m.WebSocketAnnotationMethodMessageHandler - 
	c.z.b.u.a.GlobalExceptionHandler:
	
2025-04-19 21:13:26 [main] DEBUG o.s.w.s.m.WebSocketAnnotationMethodMessageHandler - 
	o.s.b.a.w.s.e.BasicErrorController:
	
2025-04-19 21:13:26 [main] DEBUG o.s.w.s.m.WebSocketAnnotationMethodMessageHandler - 
	o.s.w.a.OpenApiWebMvcResource:
	
2025-04-19 21:13:26 [main] DEBUG o.s.w.s.m.WebSocketAnnotationMethodMessageHandler - 
	o.s.w.u.SwaggerWelcomeWebMvc:
	
2025-04-19 21:13:26 [main] DEBUG o.s.w.s.m.WebSocketAnnotationMethodMessageHandler - 
	o.s.w.u.SwaggerConfigResource:
	
2025-04-19 21:13:26 [main] DEBUG o.s.w.s.m.m.a.RequestMappingHandlerAdapter - ControllerAdvice beans: 0 @ModelAttribute, 0 @InitBinder, 1 RequestBodyAdvice, 1 ResponseBodyAdvice
2025-04-19 21:13:26 [main] WARN  o.s.b.a.t.ThymeleafAutoConfiguration$DefaultTemplateResolverConfiguration - Cannot find template location: classpath:/templates/ (please add some templates, check your Thymeleaf configuration, or set spring.thymeleaf.check-template-location=false)
2025-04-19 21:13:26 [main] DEBUG o.s.w.s.m.m.a.ExceptionHandlerExceptionResolver - ControllerAdvice beans: 1 @ExceptionHandler, 1 ResponseBodyAdvice
2025-04-19 21:13:27 [main] DEBUG org.springframework.web.SimpLogging - clientOutboundChannel added SubProtocolWebSocketHandler[StompSubProtocolHandler[v10.stomp, v11.stomp, v12.stomp]]
2025-04-19 21:13:27 [main] DEBUG org.springframework.web.SimpLogging - clientInboundChannel added WebSocketAnnotationMethodMessageHandler[prefixes=[/app/]]
2025-04-19 21:13:27 [main] INFO  o.s.m.s.b.SimpleBrokerMessageHandler - Starting...
2025-04-19 21:13:27 [main] DEBUG org.springframework.web.SimpLogging - clientInboundChannel added SimpleBrokerMessageHandler [org.springframework.messaging.simp.broker.DefaultSubscriptionRegistry@7b1a32e]
2025-04-19 21:13:27 [main] DEBUG org.springframework.web.SimpLogging - brokerChannel added SimpleBrokerMessageHandler [org.springframework.messaging.simp.broker.DefaultSubscriptionRegistry@7b1a32e]
2025-04-19 21:13:27 [main] INFO  o.s.m.s.b.SimpleBrokerMessageHandler - BrokerAvailabilityEvent[available=true, SimpleBrokerMessageHandler [org.springframework.messaging.simp.broker.DefaultSubscriptionRegistry@7b1a32e]]
2025-04-19 21:13:27 [main] INFO  o.s.m.s.b.SimpleBrokerMessageHandler - Started.
2025-04-19 21:13:27 [main] DEBUG org.springframework.web.SimpLogging - clientInboundChannel added UserDestinationMessageHandler[DefaultUserDestinationResolver[prefix=/user/]]
2025-04-19 21:13:27 [main] DEBUG org.springframework.web.SimpLogging - brokerChannel added UserDestinationMessageHandler[DefaultUserDestinationResolver[prefix=/user/]]
2025-04-19 21:13:27 [main] INFO  o.s.b.w.e.tomcat.TomcatWebServer - Tomcat started on port 8080 (http) with context path '/'
2025-04-19 21:13:27 [main] INFO  c.z.b.SpringwithjwtApplication - Started SpringwithjwtApplication in 10.72 seconds (process running for 11.667)
2025-04-19 21:13:29 [http-nio-8080-exec-2] INFO  o.a.c.c.C.[Tomcat].[localhost].[/] - Initializing Spring DispatcherServlet 'dispatcherServlet'
2025-04-19 21:13:29 [http-nio-8080-exec-2] INFO  o.s.web.servlet.DispatcherServlet - Initializing Servlet 'dispatcherServlet'
2025-04-19 21:13:29 [http-nio-8080-exec-2] DEBUG o.s.web.servlet.DispatcherServlet - Detected StandardServletMultipartResolver
2025-04-19 21:13:29 [http-nio-8080-exec-2] DEBUG o.s.web.servlet.DispatcherServlet - Detected AcceptHeaderLocaleResolver
2025-04-19 21:13:29 [http-nio-8080-exec-2] DEBUG o.s.web.servlet.DispatcherServlet - Detected FixedThemeResolver
2025-04-19 21:13:29 [http-nio-8080-exec-2] DEBUG o.s.web.servlet.DispatcherServlet - Detected org.springframework.web.servlet.view.DefaultRequestToViewNameTranslator@76339283
2025-04-19 21:13:29 [http-nio-8080-exec-2] DEBUG o.s.web.servlet.DispatcherServlet - Detected org.springframework.web.servlet.support.SessionFlashMapManager@788c0028
2025-04-19 21:13:29 [http-nio-8080-exec-2] DEBUG o.s.web.servlet.DispatcherServlet - enableLoggingRequestDetails='false': request parameters and headers will be masked to prevent unsafe logging of potentially sensitive data
2025-04-19 21:13:29 [http-nio-8080-exec-2] INFO  o.s.web.servlet.DispatcherServlet - Completed initialization in 7 ms
2025-04-19 21:13:29 [http-nio-8080-exec-3] DEBUG o.s.security.web.FilterChainProxy - Securing GET /api/v1/game/all
2025-04-19 21:13:29 [http-nio-8080-exec-3] DEBUG o.s.security.web.FilterChainProxy - Secured GET /api/v1/game/all
2025-04-19 21:13:29 [http-nio-8080-exec-3] DEBUG o.s.web.servlet.DispatcherServlet - GET "/api/v1/game/all", parameters={}
2025-04-19 21:13:29 [http-nio-8080-exec-3] DEBUG o.s.w.s.m.m.a.RequestMappingHandlerMapping - Mapped to com.zenova.back_end.controller.GameController#getAllGames()
2025-04-19 21:13:29 [http-nio-8080-exec-3] DEBUG o.s.w.s.m.m.a.HttpEntityMethodProcessor - Using 'application/json', given [application/json, text/plain, */*] and supported [application/json, application/*+json, application/yaml]
2025-04-19 21:13:29 [http-nio-8080-exec-3] DEBUG o.s.w.s.m.m.a.HttpEntityMethodProcessor - Writing [[GameDTO(id=14, name=Fast Food Rush, description=You're at Burger King, sinking your teeth into a ju (truncated)...]
2025-04-19 21:13:29 [http-nio-8080-exec-4] DEBUG o.s.security.web.FilterChainProxy - Securing GET /api/v1/game/all
2025-04-19 21:13:29 [http-nio-8080-exec-3] DEBUG o.s.web.servlet.DispatcherServlet - Completed 200 OK
2025-04-19 21:13:29 [http-nio-8080-exec-4] DEBUG o.s.security.web.FilterChainProxy - Secured GET /api/v1/game/all
2025-04-19 21:13:29 [http-nio-8080-exec-4] DEBUG o.s.web.servlet.DispatcherServlet - GET "/api/v1/game/all", parameters={}
2025-04-19 21:13:29 [http-nio-8080-exec-4] DEBUG o.s.w.s.m.m.a.RequestMappingHandlerMapping - Mapped to com.zenova.back_end.controller.GameController#getAllGames()
2025-04-19 21:13:29 [http-nio-8080-exec-4] DEBUG o.s.w.s.m.m.a.HttpEntityMethodProcessor - Using 'application/json', given [application/json, text/plain, */*] and supported [application/json, application/*+json, application/yaml]
2025-04-19 21:13:29 [http-nio-8080-exec-4] DEBUG o.s.w.s.m.m.a.HttpEntityMethodProcessor - Writing [[GameDTO(id=14, name=Fast Food Rush, description=You're at Burger King, sinking your teeth into a ju (truncated)...]
2025-04-19 21:13:29 [http-nio-8080-exec-4] DEBUG o.s.web.servlet.DispatcherServlet - Completed 200 OK
2025-04-19 21:13:31 [http-nio-8080-exec-7] DEBUG o.s.security.web.FilterChainProxy - Securing GET /api/v1/reward/weekly
2025-04-19 21:13:31 [http-nio-8080-exec-7] DEBUG o.s.security.web.FilterChainProxy - Secured GET /api/v1/reward/weekly
2025-04-19 21:13:31 [http-nio-8080-exec-7] DEBUG o.s.web.servlet.DispatcherServlet - GET "/api/v1/reward/weekly", parameters={}
2025-04-19 21:13:31 [http-nio-8080-exec-7] DEBUG o.s.w.s.m.m.a.RequestMappingHandlerMapping - Mapped to com.zenova.back_end.controller.RewardController#getWeeklyReward(String)
2025-04-19 21:13:31 [http-nio-8080-exec-7] DEBUG o.s.w.s.m.m.a.HttpEntityMethodProcessor - Using 'application/json', given [*/*] and supported [application/json, application/*+json, application/yaml]
2025-04-19 21:13:31 [http-nio-8080-exec-7] DEBUG o.s.w.s.m.m.a.HttpEntityMethodProcessor - Writing [ResponseDTO(code=200, message=Weekly rewards are fetched, data=[RewardDTO(dayOfWeek=1, dayName=Monda (truncated)...]
2025-04-19 21:13:31 [http-nio-8080-exec-7] DEBUG o.s.web.servlet.DispatcherServlet - Completed 200 OK
2025-04-19 21:13:31 [http-nio-8080-exec-8] DEBUG o.s.security.web.FilterChainProxy - Securing GET /api/v1/reward/weekly
2025-04-19 21:13:31 [http-nio-8080-exec-8] DEBUG o.s.security.web.FilterChainProxy - Secured GET /api/v1/reward/weekly
2025-04-19 21:13:31 [http-nio-8080-exec-8] DEBUG o.s.web.servlet.DispatcherServlet - GET "/api/v1/reward/weekly", parameters={}
2025-04-19 21:13:31 [http-nio-8080-exec-8] DEBUG o.s.w.s.m.m.a.RequestMappingHandlerMapping - Mapped to com.zenova.back_end.controller.RewardController#getWeeklyReward(String)
2025-04-19 21:13:31 [http-nio-8080-exec-8] DEBUG o.s.w.s.m.m.a.HttpEntityMethodProcessor - Using 'application/json', given [*/*] and supported [application/json, application/*+json, application/yaml]
2025-04-19 21:13:31 [http-nio-8080-exec-8] DEBUG o.s.w.s.m.m.a.HttpEntityMethodProcessor - Writing [ResponseDTO(code=200, message=Weekly rewards are fetched, data=[RewardDTO(dayOfWeek=1, dayName=Monda (truncated)...]
2025-04-19 21:13:31 [http-nio-8080-exec-8] DEBUG o.s.web.servlet.DispatcherServlet - Completed 200 OK
2025-04-19 21:14:27 [MessageBroker-1] INFO  o.s.w.s.c.WebSocketMessageBrokerStats - WebSocketSession[0 current WS(0)-HttpStream(0)-HttpPoll(0), 0 total, 0 closed abnormally (0 connect failure, 0 send limit, 0 transport error)], stompSubProtocol[processed CONNECT(0)-CONNECTED(0)-DISCONNECT(0)], stompBrokerRelay[null], inboundChannel[pool size = 0, active threads = 0, queued tasks = 0, completed tasks = 0], outboundChannel[pool size = 0, active threads = 0, queued tasks = 0, completed tasks = 0], sockJsScheduler[pool size = 1, active threads = 1, queued tasks = 0, completed tasks = 0]
2025-04-19 21:16:21 [SpringApplicationShutdownHook] INFO  o.s.b.w.e.tomcat.GracefulShutdown - Commencing graceful shutdown. Waiting for active requests to complete
2025-04-19 21:16:21 [tomcat-shutdown] INFO  o.s.b.w.e.tomcat.GracefulShutdown - Graceful shutdown complete
2025-04-19 21:16:21 [SpringApplicationShutdownHook] DEBUG org.springframework.web.SimpLogging - clientOutboundChannel removed SubProtocolWebSocketHandler[StompSubProtocolHandler[v10.stomp, v11.stomp, v12.stomp]]
2025-04-19 21:16:21 [SpringApplicationShutdownHook] DEBUG org.springframework.web.SimpLogging - clientInboundChannel removed WebSocketAnnotationMethodMessageHandler[prefixes=[/app/]]
2025-04-19 21:16:21 [SpringApplicationShutdownHook] INFO  o.s.m.s.b.SimpleBrokerMessageHandler - Stopping...
2025-04-19 21:16:21 [SpringApplicationShutdownHook] INFO  o.s.m.s.b.SimpleBrokerMessageHandler - BrokerAvailabilityEvent[available=false, SimpleBrokerMessageHandler [org.springframework.messaging.simp.broker.DefaultSubscriptionRegistry@7b1a32e]]
2025-04-19 21:16:21 [SpringApplicationShutdownHook] DEBUG org.springframework.web.SimpLogging - clientInboundChannel removed SimpleBrokerMessageHandler [org.springframework.messaging.simp.broker.DefaultSubscriptionRegistry@7b1a32e]
2025-04-19 21:16:21 [SpringApplicationShutdownHook] DEBUG org.springframework.web.SimpLogging - brokerChannel removed SimpleBrokerMessageHandler [org.springframework.messaging.simp.broker.DefaultSubscriptionRegistry@7b1a32e]
2025-04-19 21:16:21 [SpringApplicationShutdownHook] INFO  o.s.m.s.b.SimpleBrokerMessageHandler - Stopped.
2025-04-19 21:16:21 [SpringApplicationShutdownHook] DEBUG org.springframework.web.SimpLogging - clientInboundChannel removed UserDestinationMessageHandler[DefaultUserDestinationResolver[prefix=/user/]]
2025-04-19 21:16:21 [SpringApplicationShutdownHook] DEBUG org.springframework.web.SimpLogging - brokerChannel removed UserDestinationMessageHandler[DefaultUserDestinationResolver[prefix=/user/]]
2025-04-19 21:16:21 [SpringApplicationShutdownHook] INFO  o.s.o.j.LocalContainerEntityManagerFactoryBean - Closing JPA EntityManagerFactory for persistence unit 'default'
2025-04-19 21:16:21 [SpringApplicationShutdownHook] INFO  com.zaxxer.hikari.HikariDataSource - HikariPool-1 - Shutdown initiated...
2025-04-19 21:16:21 [SpringApplicationShutdownHook] INFO  com.zaxxer.hikari.HikariDataSource - HikariPool-1 - Shutdown completed.
2025-04-19 21:16:26 [main] INFO  c.z.b.SpringwithjwtApplication - Starting SpringwithjwtApplication using Java 17.0.7 with PID 721912 (/home/user/Documents/Desktop/GamePlatform/backend/target/classes started by user in /home/user/Documents/Desktop/GamePlatform)
2025-04-19 21:16:26 [main] INFO  c.z.b.SpringwithjwtApplication - No active profile set, falling back to 1 default profile: "default"
2025-04-19 21:16:28 [main] INFO  o.s.d.r.c.RepositoryConfigurationDelegate - Multiple Spring Data modules found, entering strict repository configuration mode
2025-04-19 21:16:28 [main] INFO  o.s.d.r.c.RepositoryConfigurationDelegate - Bootstrapping Spring Data JPA repositories in DEFAULT mode.
2025-04-19 21:16:28 [main] INFO  o.s.d.r.c.RepositoryConfigurationDelegate - Finished Spring Data repository scanning in 245 ms. Found 6 JPA repository interfaces.
2025-04-19 21:16:28 [main] INFO  o.s.d.r.c.RepositoryConfigurationDelegate - Multiple Spring Data modules found, entering strict repository configuration mode
2025-04-19 21:16:28 [main] INFO  o.s.d.r.c.RepositoryConfigurationDelegate - Bootstrapping Spring Data Redis repositories in DEFAULT mode.
2025-04-19 21:16:28 [main] INFO  o.s.d.r.c.RepositoryConfigurationExtensionSupport - Spring Data Redis - Could not safely identify store assignment for repository candidate interface com.zenova.back_end.repo.CategoryRepository; If you want this repository to be a Redis repository, consider annotating your entities with one of these annotations: org.springframework.data.redis.core.RedisHash (preferred), or consider extending one of the following types with your repository: org.springframework.data.keyvalue.repository.KeyValueRepository
2025-04-19 21:16:28 [main] INFO  o.s.d.r.c.RepositoryConfigurationExtensionSupport - Spring Data Redis - Could not safely identify store assignment for repository candidate interface com.zenova.back_end.repo.GameRepository; If you want this repository to be a Redis repository, consider annotating your entities with one of these annotations: org.springframework.data.redis.core.RedisHash (preferred), or consider extending one of the following types with your repository: org.springframework.data.keyvalue.repository.KeyValueRepository
2025-04-19 21:16:28 [main] INFO  o.s.d.r.c.RepositoryConfigurationExtensionSupport - Spring Data Redis - Could not safely identify store assignment for repository candidate interface com.zenova.back_end.repo.PurchaseRepository; If you want this repository to be a Redis repository, consider annotating your entities with one of these annotations: org.springframework.data.redis.core.RedisHash (preferred), or consider extending one of the following types with your repository: org.springframework.data.keyvalue.repository.KeyValueRepository
2025-04-19 21:16:28 [main] INFO  o.s.d.r.c.RepositoryConfigurationExtensionSupport - Spring Data Redis - Could not safely identify store assignment for repository candidate interface com.zenova.back_end.repo.RewardEntryRepository; If you want this repository to be a Redis repository, consider annotating your entities with one of these annotations: org.springframework.data.redis.core.RedisHash (preferred), or consider extending one of the following types with your repository: org.springframework.data.keyvalue.repository.KeyValueRepository
2025-04-19 21:16:28 [main] INFO  o.s.d.r.c.RepositoryConfigurationExtensionSupport - Spring Data Redis - Could not safely identify store assignment for repository candidate interface com.zenova.back_end.repo.ScoreRepository; If you want this repository to be a Redis repository, consider annotating your entities with one of these annotations: org.springframework.data.redis.core.RedisHash (preferred), or consider extending one of the following types with your repository: org.springframework.data.keyvalue.repository.KeyValueRepository
2025-04-19 21:16:28 [main] INFO  o.s.d.r.c.RepositoryConfigurationExtensionSupport - Spring Data Redis - Could not safely identify store assignment for repository candidate interface com.zenova.back_end.repo.UserRepository; If you want this repository to be a Redis repository, consider annotating your entities with one of these annotations: org.springframework.data.redis.core.RedisHash (preferred), or consider extending one of the following types with your repository: org.springframework.data.keyvalue.repository.KeyValueRepository
2025-04-19 21:16:28 [main] INFO  o.s.d.r.c.RepositoryConfigurationDelegate - Finished Spring Data repository scanning in 11 ms. Found 0 Redis repository interfaces.
2025-04-19 21:16:29 [main] INFO  o.s.b.w.e.tomcat.TomcatWebServer - Tomcat initialized with port 8080 (http)
2025-04-19 21:16:29 [main] INFO  o.a.catalina.core.StandardService - Starting service [Tomcat]
2025-04-19 21:16:29 [main] INFO  o.a.catalina.core.StandardEngine - Starting Servlet engine: [Apache Tomcat/10.1.34]
2025-04-19 21:16:29 [main] INFO  o.a.c.c.C.[Tomcat].[localhost].[/] - Initializing Spring embedded WebApplicationContext
2025-04-19 21:16:29 [main] INFO  o.s.b.w.s.c.ServletWebServerApplicationContext - Root WebApplicationContext: initialization completed in 2652 ms
2025-04-19 21:16:29 [main] INFO  o.h.jpa.internal.util.LogHelper - HHH000204: Processing PersistenceUnitInfo [name: default]
2025-04-19 21:16:30 [main] INFO  org.hibernate.Version - HHH000412: Hibernate ORM core version 6.6.5.Final
2025-04-19 21:16:30 [main] INFO  o.h.c.i.RegionFactoryInitiator - HHH000026: Second-level cache disabled
2025-04-19 21:16:30 [main] INFO  o.s.o.j.p.SpringPersistenceUnitInfo - No LoadTimeWeaver setup: ignoring JPA class transformer
2025-04-19 21:16:30 [main] INFO  com.zaxxer.hikari.HikariDataSource - HikariPool-1 - Starting...
2025-04-19 21:16:30 [main] INFO  com.zaxxer.hikari.pool.HikariPool - HikariPool-1 - Added connection com.mysql.cj.jdbc.ConnectionImpl@79ec57b8
2025-04-19 21:16:30 [main] INFO  com.zaxxer.hikari.HikariDataSource - HikariPool-1 - Start completed.
2025-04-19 21:16:30 [main] WARN  org.hibernate.orm.deprecation - HHH90000025: MySQL8Dialect does not need to be specified explicitly using 'hibernate.dialect' (remove the property setting and it will be selected by default)
2025-04-19 21:16:30 [main] WARN  org.hibernate.orm.deprecation - HHH90000026: MySQL8Dialect has been deprecated; use org.hibernate.dialect.MySQLDialect instead
2025-04-19 21:16:30 [main] INFO  o.hibernate.orm.connections.pooling - HHH10001005: Database info:
	Database JDBC URL [Connecting through datasource 'HikariDataSource (HikariPool-1)']
	Database driver: undefined/unknown
	Database version: 8.0
	Autocommit mode: undefined/unknown
	Isolation level: undefined/unknown
	Minimum pool size: undefined/unknown
	Maximum pool size: undefined/unknown
2025-04-19 21:16:32 [main] INFO  o.h.e.t.j.p.i.JtaPlatformInitiator - HHH000489: No JTA platform available (set 'hibernate.transaction.jta.platform' to enable JTA platform integration)
2025-04-19 21:16:32 [main] INFO  o.s.o.j.LocalContainerEntityManagerFactoryBean - Initialized JPA EntityManagerFactory for persistence unit 'default'
2025-04-19 21:16:33 [main] DEBUG o.s.web.filter.CorsFilter - Filter 'corsFilter' configured for use
2025-04-19 21:16:33 [main] INFO  o.s.s.c.a.a.c.InitializeUserDetailsBeanManagerConfigurer$InitializeUserDetailsManagerConfigurer - Global AuthenticationManager configured with UserDetailsService bean with name userServiceImpl
2025-04-19 21:16:33 [main] INFO  o.s.d.j.r.query.QueryEnhancerFactory - Hibernate is in classpath; If applicable, HQL parser will be used.
2025-04-19 21:16:35 [main] DEBUG o.s.w.s.s.s.WebSocketHandlerMapping - Patterns [/ws/**] in 'stompWebSocketHandlerMapping'
2025-04-19 21:16:35 [main] DEBUG o.s.w.s.m.m.a.RequestMappingHandlerMapping - 34 mappings in 'requestMappingHandlerMapping'
2025-04-19 21:16:35 [main] DEBUG o.s.w.s.h.SimpleUrlHandlerMapping - Patterns [/webjars/**, /**, /swagger-ui*/*swagger-initializer.js, /swagger-ui*/**] in 'resourceHandlerMapping'
2025-04-19 21:16:35 [main] WARN  o.s.s.c.a.w.c.AuthorizeHttpRequestsConfigurer$AuthorizationManagerRequestMatcherRegistry - One of the patterns in [/api/v1/reward/claim/, api/v1/reward/weekly, /api/v1/game/, /api/v1/game/upload, /api/livekit/token, /api/v1/leaderboard/top, /api/v1/deploy/vercel, /api/v1/auth/authenticate, /api/v1/user/register, /api/v1/user/login, /api/v1/user/**, /api/v1/auth/refreshToken, /api/v1/category/add, /api/v1/category/**, /api/v1/category/all-active, /api/v1/game/add, /api/v1/game/**, /api/v1/user/**, /api/v1/play/**, /v3/api-docs/**, /swagger-ui/**, /swagger-ui.html] is missing a leading slash. This is discouraged; please include the leading slash in all your request matcher patterns. In future versions of Spring Security, leaving out the leading slash will result in an exception.
2025-04-19 21:16:35 [main] DEBUG o.s.s.web.DefaultSecurityFilterChain - Will secure any request with filters: DisableEncodeUrlFilter, WebAsyncManagerIntegrationFilter, SecurityContextHolderFilter, HeaderWriterFilter, LogoutFilter, JwtFilter, RequestCacheAwareFilter, SecurityContextHolderAwareRequestFilter, AnonymousAuthenticationFilter, SessionManagementFilter, ExceptionTranslationFilter, AuthorizationFilter
2025-04-19 21:16:35 [main] DEBUG o.s.w.s.m.WebSocketAnnotationMethodMessageHandler - 
	c.z.b.c.AuthController:
	
2025-04-19 21:16:35 [main] DEBUG o.s.w.s.m.WebSocketAnnotationMethodMessageHandler - 
	c.z.b.c.CategoryController:
	
2025-04-19 21:16:35 [main] DEBUG o.s.w.s.m.WebSocketAnnotationMethodMessageHandler - 
	c.z.b.c.ChatController:
	{[MESSAGE],[/chat]}: handleChatMessage(ChatMessage)
2025-04-19 21:16:35 [main] DEBUG o.s.w.s.m.WebSocketAnnotationMethodMessageHandler - 
	c.z.b.c.GameController:
	
2025-04-19 21:16:35 [main] DEBUG o.s.w.s.m.WebSocketAnnotationMethodMessageHandler - 
	c.z.b.c.LeaderBoardController:
	
2025-04-19 21:16:35 [main] DEBUG o.s.w.s.m.WebSocketAnnotationMethodMessageHandler - 
	c.z.b.c.LiveKitController:
	
2025-04-19 21:16:35 [main] DEBUG o.s.w.s.m.WebSocketAnnotationMethodMessageHandler - 
	c.z.b.c.PlayController:
	
2025-04-19 21:16:35 [main] DEBUG o.s.w.s.m.WebSocketAnnotationMethodMessageHandler - 
	c.z.b.c.RewardController:
	
2025-04-19 21:16:35 [main] DEBUG o.s.w.s.m.WebSocketAnnotationMethodMessageHandler - 
	c.z.b.c.UserController:
	
2025-04-19 21:16:35 [main] DEBUG o.s.w.s.m.WebSocketAnnotationMethodMessageHandler - 
	c.z.b.u.a.GlobalExceptionHandler:
	
2025-04-19 21:16:35 [main] DEBUG o.s.w.s.m.WebSocketAnnotationMethodMessageHandler - 
	o.s.b.a.w.s.e.BasicErrorController:
	
2025-04-19 21:16:35 [main] DEBUG o.s.w.s.m.WebSocketAnnotationMethodMessageHandler - 
	o.s.w.a.OpenApiWebMvcResource:
	
2025-04-19 21:16:35 [main] DEBUG o.s.w.s.m.WebSocketAnnotationMethodMessageHandler - 
	o.s.w.u.SwaggerWelcomeWebMvc:
	
2025-04-19 21:16:35 [main] DEBUG o.s.w.s.m.WebSocketAnnotationMethodMessageHandler - 
	o.s.w.u.SwaggerConfigResource:
	
2025-04-19 21:16:35 [main] DEBUG o.s.w.s.m.m.a.RequestMappingHandlerAdapter - ControllerAdvice beans: 0 @ModelAttribute, 0 @InitBinder, 1 RequestBodyAdvice, 1 ResponseBodyAdvice
2025-04-19 21:16:35 [main] WARN  o.s.b.a.t.ThymeleafAutoConfiguration$DefaultTemplateResolverConfiguration - Cannot find template location: classpath:/templates/ (please add some templates, check your Thymeleaf configuration, or set spring.thymeleaf.check-template-location=false)
2025-04-19 21:16:35 [main] DEBUG o.s.w.s.m.m.a.ExceptionHandlerExceptionResolver - ControllerAdvice beans: 1 @ExceptionHandler, 1 ResponseBodyAdvice
2025-04-19 21:16:36 [main] DEBUG org.springframework.web.SimpLogging - clientOutboundChannel added SubProtocolWebSocketHandler[StompSubProtocolHandler[v10.stomp, v11.stomp, v12.stomp]]
2025-04-19 21:16:36 [main] DEBUG org.springframework.web.SimpLogging - clientInboundChannel added WebSocketAnnotationMethodMessageHandler[prefixes=[/app/]]
2025-04-19 21:16:36 [main] INFO  o.s.m.s.b.SimpleBrokerMessageHandler - Starting...
2025-04-19 21:16:36 [main] DEBUG org.springframework.web.SimpLogging - clientInboundChannel added SimpleBrokerMessageHandler [org.springframework.messaging.simp.broker.DefaultSubscriptionRegistry@3614cd03]
2025-04-19 21:16:36 [main] DEBUG org.springframework.web.SimpLogging - brokerChannel added SimpleBrokerMessageHandler [org.springframework.messaging.simp.broker.DefaultSubscriptionRegistry@3614cd03]
2025-04-19 21:16:36 [main] INFO  o.s.m.s.b.SimpleBrokerMessageHandler - BrokerAvailabilityEvent[available=true, SimpleBrokerMessageHandler [org.springframework.messaging.simp.broker.DefaultSubscriptionRegistry@3614cd03]]
2025-04-19 21:16:36 [main] INFO  o.s.m.s.b.SimpleBrokerMessageHandler - Started.
2025-04-19 21:16:36 [main] DEBUG org.springframework.web.SimpLogging - clientInboundChannel added UserDestinationMessageHandler[DefaultUserDestinationResolver[prefix=/user/]]
2025-04-19 21:16:36 [main] DEBUG org.springframework.web.SimpLogging - brokerChannel added UserDestinationMessageHandler[DefaultUserDestinationResolver[prefix=/user/]]
2025-04-19 21:16:36 [main] INFO  o.s.b.w.e.tomcat.TomcatWebServer - Tomcat started on port 8080 (http) with context path '/'
2025-04-19 21:16:36 [main] INFO  c.z.b.SpringwithjwtApplication - Started SpringwithjwtApplication in 10.746 seconds (process running for 11.598)
2025-04-19 21:17:36 [MessageBroker-1] INFO  o.s.w.s.c.WebSocketMessageBrokerStats - WebSocketSession[0 current WS(0)-HttpStream(0)-HttpPoll(0), 0 total, 0 closed abnormally (0 connect failure, 0 send limit, 0 transport error)], stompSubProtocol[processed CONNECT(0)-CONNECTED(0)-DISCONNECT(0)], stompBrokerRelay[null], inboundChannel[pool size = 0, active threads = 0, queued tasks = 0, completed tasks = 0], outboundChannel[pool size = 0, active threads = 0, queued tasks = 0, completed tasks = 0], sockJsScheduler[pool size = 1, active threads = 1, queued tasks = 0, completed tasks = 0]
2025-04-19 21:17:46 [http-nio-8080-exec-1] INFO  o.a.c.c.C.[Tomcat].[localhost].[/] - Initializing Spring DispatcherServlet 'dispatcherServlet'
2025-04-19 21:17:46 [http-nio-8080-exec-1] INFO  o.s.web.servlet.DispatcherServlet - Initializing Servlet 'dispatcherServlet'
2025-04-19 21:17:46 [http-nio-8080-exec-1] DEBUG o.s.web.servlet.DispatcherServlet - Detected StandardServletMultipartResolver
2025-04-19 21:17:46 [http-nio-8080-exec-1] DEBUG o.s.web.servlet.DispatcherServlet - Detected AcceptHeaderLocaleResolver
2025-04-19 21:17:46 [http-nio-8080-exec-1] DEBUG o.s.web.servlet.DispatcherServlet - Detected FixedThemeResolver
2025-04-19 21:17:46 [http-nio-8080-exec-1] DEBUG o.s.web.servlet.DispatcherServlet - Detected org.springframework.web.servlet.view.DefaultRequestToViewNameTranslator@23cf86c0
2025-04-19 21:17:46 [http-nio-8080-exec-1] DEBUG o.s.web.servlet.DispatcherServlet - Detected org.springframework.web.servlet.support.SessionFlashMapManager@3a6ba61b
2025-04-19 21:17:46 [http-nio-8080-exec-1] DEBUG o.s.web.servlet.DispatcherServlet - enableLoggingRequestDetails='false': request parameters and headers will be masked to prevent unsafe logging of potentially sensitive data
2025-04-19 21:17:46 [http-nio-8080-exec-1] INFO  o.s.web.servlet.DispatcherServlet - Completed initialization in 5 ms
2025-04-19 21:17:46 [http-nio-8080-exec-1] DEBUG o.s.security.web.FilterChainProxy - Securing GET /api/v1/reward/weekly
2025-04-19 21:17:46 [http-nio-8080-exec-1] DEBUG o.s.security.web.FilterChainProxy - Secured GET /api/v1/reward/weekly
2025-04-19 21:17:46 [http-nio-8080-exec-1] DEBUG o.s.web.servlet.DispatcherServlet - GET "/api/v1/reward/weekly", parameters={}
2025-04-19 21:17:46 [http-nio-8080-exec-1] DEBUG o.s.w.s.m.m.a.RequestMappingHandlerMapping - Mapped to com.zenova.back_end.controller.RewardController#getWeeklyReward(String)
2025-04-19 21:17:47 [http-nio-8080-exec-1] DEBUG o.s.w.s.m.m.a.HttpEntityMethodProcessor - Using 'application/json', given [*/*] and supported [application/json, application/*+json, application/yaml]
2025-04-19 21:17:47 [http-nio-8080-exec-1] DEBUG o.s.w.s.m.m.a.HttpEntityMethodProcessor - Writing [ResponseDTO(code=200, message=Weekly rewards are fetched, data=[RewardDTO(dayOfWeek=1, dayName=Monda (truncated)...]
2025-04-19 21:17:47 [http-nio-8080-exec-1] DEBUG o.s.web.servlet.DispatcherServlet - Completed 200 OK
2025-04-19 21:17:51 [http-nio-8080-exec-3] DEBUG o.s.security.web.FilterChainProxy - Securing POST /api/v1/reward/claim/1
2025-04-19 21:17:51 [http-nio-8080-exec-3] DEBUG o.s.security.web.FilterChainProxy - Secured POST /api/v1/reward/claim/1
2025-04-19 21:17:51 [http-nio-8080-exec-3] DEBUG o.s.web.servlet.DispatcherServlet - POST "/api/v1/reward/claim/1", parameters={}
2025-04-19 21:17:51 [http-nio-8080-exec-3] DEBUG o.s.w.s.m.m.a.RequestMappingHandlerMapping - Mapped to com.zenova.back_end.controller.RewardController#claimReward(String, int)
2025-04-19 21:17:51 [http-nio-8080-exec-3] DEBUG o.s.w.s.m.m.a.HttpEntityMethodProcessor - Using 'application/json', given [*/*] and supported [application/json, application/*+json, application/yaml]
2025-04-19 21:17:51 [http-nio-8080-exec-3] DEBUG o.s.w.s.m.m.a.HttpEntityMethodProcessor - Writing [ResponseDTO(code=200, message=Reward claimed successfully, data=null)]
2025-04-19 21:17:51 [http-nio-8080-exec-3] DEBUG o.s.web.servlet.DispatcherServlet - Completed 200 OK
2025-04-19 21:18:03 [http-nio-8080-exec-4] DEBUG o.s.security.web.FilterChainProxy - Securing GET /api/v1/game/all
2025-04-19 21:18:03 [http-nio-8080-exec-4] DEBUG o.s.security.web.FilterChainProxy - Secured GET /api/v1/game/all
2025-04-19 21:18:03 [http-nio-8080-exec-4] DEBUG o.s.web.servlet.DispatcherServlet - GET "/api/v1/game/all", parameters={}
2025-04-19 21:18:03 [http-nio-8080-exec-4] DEBUG o.s.w.s.m.m.a.RequestMappingHandlerMapping - Mapped to com.zenova.back_end.controller.GameController#getAllGames()
2025-04-19 21:18:03 [http-nio-8080-exec-4] DEBUG o.s.w.s.m.m.a.HttpEntityMethodProcessor - Using 'application/json', given [application/json, text/plain, */*] and supported [application/json, application/*+json, application/yaml]
2025-04-19 21:18:03 [http-nio-8080-exec-4] DEBUG o.s.w.s.m.m.a.HttpEntityMethodProcessor - Writing [[GameDTO(id=14, name=Fast Food Rush, description=You're at Burger King, sinking your teeth into a ju (truncated)...]
2025-04-19 21:18:03 [http-nio-8080-exec-4] DEBUG o.s.web.servlet.DispatcherServlet - Completed 200 OK
2025-04-19 21:18:03 [http-nio-8080-exec-5] DEBUG o.s.security.web.FilterChainProxy - Securing GET /api/v1/game/all
2025-04-19 21:18:03 [http-nio-8080-exec-5] DEBUG o.s.security.web.FilterChainProxy - Secured GET /api/v1/game/all
2025-04-19 21:18:03 [http-nio-8080-exec-5] DEBUG o.s.web.servlet.DispatcherServlet - GET "/api/v1/game/all", parameters={}
2025-04-19 21:18:03 [http-nio-8080-exec-5] DEBUG o.s.w.s.m.m.a.RequestMappingHandlerMapping - Mapped to com.zenova.back_end.controller.GameController#getAllGames()
2025-04-19 21:18:03 [http-nio-8080-exec-5] DEBUG o.s.w.s.m.m.a.HttpEntityMethodProcessor - Using 'application/json', given [application/json, text/plain, */*] and supported [application/json, application/*+json, application/yaml]
2025-04-19 21:18:03 [http-nio-8080-exec-5] DEBUG o.s.w.s.m.m.a.HttpEntityMethodProcessor - Writing [[GameDTO(id=14, name=Fast Food Rush, description=You're at Burger King, sinking your teeth into a ju (truncated)...]
2025-04-19 21:18:03 [http-nio-8080-exec-5] DEBUG o.s.web.servlet.DispatcherServlet - Completed 200 OK
2025-04-19 21:18:05 [http-nio-8080-exec-6] DEBUG o.s.security.web.FilterChainProxy - Securing GET /api/v1/reward/weekly
2025-04-19 21:18:05 [http-nio-8080-exec-6] DEBUG o.s.security.web.FilterChainProxy - Secured GET /api/v1/reward/weekly
2025-04-19 21:18:05 [http-nio-8080-exec-6] DEBUG o.s.web.servlet.DispatcherServlet - GET "/api/v1/reward/weekly", parameters={}
2025-04-19 21:18:05 [http-nio-8080-exec-6] DEBUG o.s.w.s.m.m.a.RequestMappingHandlerMapping - Mapped to com.zenova.back_end.controller.RewardController#getWeeklyReward(String)
2025-04-19 21:18:05 [http-nio-8080-exec-6] DEBUG o.s.w.s.m.m.a.HttpEntityMethodProcessor - Using 'application/json', given [*/*] and supported [application/json, application/*+json, application/yaml]
2025-04-19 21:18:05 [http-nio-8080-exec-6] DEBUG o.s.w.s.m.m.a.HttpEntityMethodProcessor - Writing [ResponseDTO(code=200, message=Weekly rewards are fetched, data=[RewardDTO(dayOfWeek=1, dayName=Monda (truncated)...]
2025-04-19 21:18:05 [http-nio-8080-exec-6] DEBUG o.s.web.servlet.DispatcherServlet - Completed 200 OK
2025-04-19 21:18:05 [http-nio-8080-exec-7] DEBUG o.s.security.web.FilterChainProxy - Securing GET /api/v1/reward/weekly
2025-04-19 21:18:05 [http-nio-8080-exec-7] DEBUG o.s.security.web.FilterChainProxy - Secured GET /api/v1/reward/weekly
2025-04-19 21:18:05 [http-nio-8080-exec-7] DEBUG o.s.web.servlet.DispatcherServlet - GET "/api/v1/reward/weekly", parameters={}
2025-04-19 21:18:05 [http-nio-8080-exec-7] DEBUG o.s.w.s.m.m.a.RequestMappingHandlerMapping - Mapped to com.zenova.back_end.controller.RewardController#getWeeklyReward(String)
2025-04-19 21:18:05 [http-nio-8080-exec-7] DEBUG o.s.w.s.m.m.a.HttpEntityMethodProcessor - Using 'application/json', given [*/*] and supported [application/json, application/*+json, application/yaml]
2025-04-19 21:18:05 [http-nio-8080-exec-7] DEBUG o.s.w.s.m.m.a.HttpEntityMethodProcessor - Writing [ResponseDTO(code=200, message=Weekly rewards are fetched, data=[RewardDTO(dayOfWeek=1, dayName=Monda (truncated)...]
2025-04-19 21:18:05 [http-nio-8080-exec-7] DEBUG o.s.web.servlet.DispatcherServlet - Completed 200 OK
2025-04-19 21:31:32 [http-nio-8080-exec-1] DEBUG o.s.security.web.FilterChainProxy - Securing POST /api/v1/reward/claim/2
2025-04-19 21:31:32 [http-nio-8080-exec-1] DEBUG o.s.security.web.FilterChainProxy - Secured POST /api/v1/reward/claim/2
2025-04-19 21:31:32 [http-nio-8080-exec-1] DEBUG o.s.web.servlet.DispatcherServlet - POST "/api/v1/reward/claim/2", parameters={}
2025-04-19 21:31:32 [http-nio-8080-exec-1] DEBUG o.s.w.s.m.m.a.RequestMappingHandlerMapping - Mapped to com.zenova.back_end.controller.RewardController#claimReward(String, int)
2025-04-19 21:31:32 [http-nio-8080-exec-1] DEBUG o.s.w.s.m.m.a.HttpEntityMethodProcessor - Using 'application/json', given [*/*] and supported [application/json, application/*+json, application/yaml]
2025-04-19 21:31:32 [http-nio-8080-exec-1] DEBUG o.s.w.s.m.m.a.HttpEntityMethodProcessor - Writing [ResponseDTO(code=200, message=Reward claimed successfully, data=null)]
2025-04-19 21:31:32 [http-nio-8080-exec-1] DEBUG o.s.web.servlet.DispatcherServlet - Completed 200 OK
2025-04-19 21:31:33 [http-nio-8080-exec-3] DEBUG o.s.security.web.FilterChainProxy - Securing POST /api/v1/reward/claim/3
2025-04-19 21:31:33 [http-nio-8080-exec-3] DEBUG o.s.security.web.FilterChainProxy - Secured POST /api/v1/reward/claim/3
2025-04-19 21:31:33 [http-nio-8080-exec-3] DEBUG o.s.web.servlet.DispatcherServlet - POST "/api/v1/reward/claim/3", parameters={}
2025-04-19 21:31:33 [http-nio-8080-exec-3] DEBUG o.s.w.s.m.m.a.RequestMappingHandlerMapping - Mapped to com.zenova.back_end.controller.RewardController#claimReward(String, int)
2025-04-19 21:31:33 [http-nio-8080-exec-3] DEBUG o.s.w.s.m.m.a.HttpEntityMethodProcessor - Using 'application/json', given [*/*] and supported [application/json, application/*+json, application/yaml]
2025-04-19 21:31:33 [http-nio-8080-exec-3] DEBUG o.s.w.s.m.m.a.HttpEntityMethodProcessor - Writing [ResponseDTO(code=200, message=Reward claimed successfully, data=null)]
2025-04-19 21:31:33 [http-nio-8080-exec-3] DEBUG o.s.web.servlet.DispatcherServlet - Completed 200 OK
2025-04-19 21:31:34 [http-nio-8080-exec-5] DEBUG o.s.security.web.FilterChainProxy - Securing POST /api/v1/reward/claim/4
2025-04-19 21:31:34 [http-nio-8080-exec-5] DEBUG o.s.security.web.FilterChainProxy - Secured POST /api/v1/reward/claim/4
2025-04-19 21:31:34 [http-nio-8080-exec-5] DEBUG o.s.web.servlet.DispatcherServlet - POST "/api/v1/reward/claim/4", parameters={}
2025-04-19 21:31:34 [http-nio-8080-exec-5] DEBUG o.s.w.s.m.m.a.RequestMappingHandlerMapping - Mapped to com.zenova.back_end.controller.RewardController#claimReward(String, int)
2025-04-19 21:31:34 [http-nio-8080-exec-5] DEBUG o.s.w.s.m.m.a.HttpEntityMethodProcessor - Using 'application/json', given [*/*] and supported [application/json, application/*+json, application/yaml]
2025-04-19 21:31:34 [http-nio-8080-exec-5] DEBUG o.s.w.s.m.m.a.HttpEntityMethodProcessor - Writing [ResponseDTO(code=200, message=Reward claimed successfully, data=null)]
2025-04-19 21:31:34 [http-nio-8080-exec-5] DEBUG o.s.web.servlet.DispatcherServlet - Completed 200 OK
2025-04-19 21:31:34 [http-nio-8080-exec-7] DEBUG o.s.security.web.FilterChainProxy - Securing POST /api/v1/reward/claim/5
2025-04-19 21:31:34 [http-nio-8080-exec-7] DEBUG o.s.security.web.FilterChainProxy - Secured POST /api/v1/reward/claim/5
2025-04-19 21:31:34 [http-nio-8080-exec-7] DEBUG o.s.web.servlet.DispatcherServlet - POST "/api/v1/reward/claim/5", parameters={}
2025-04-19 21:31:34 [http-nio-8080-exec-7] DEBUG o.s.w.s.m.m.a.RequestMappingHandlerMapping - Mapped to com.zenova.back_end.controller.RewardController#claimReward(String, int)
2025-04-19 21:31:35 [http-nio-8080-exec-7] DEBUG o.s.w.s.m.m.a.HttpEntityMethodProcessor - Using 'application/json', given [*/*] and supported [application/json, application/*+json, application/yaml]
2025-04-19 21:31:35 [http-nio-8080-exec-7] DEBUG o.s.w.s.m.m.a.HttpEntityMethodProcessor - Writing [ResponseDTO(code=200, message=Reward claimed successfully, data=null)]
2025-04-19 21:31:35 [http-nio-8080-exec-7] DEBUG o.s.web.servlet.DispatcherServlet - Completed 200 OK
2025-04-19 21:31:35 [http-nio-8080-exec-9] DEBUG o.s.security.web.FilterChainProxy - Securing POST /api/v1/reward/claim/6
2025-04-19 21:31:35 [http-nio-8080-exec-9] DEBUG o.s.security.web.FilterChainProxy - Secured POST /api/v1/reward/claim/6
2025-04-19 21:31:35 [http-nio-8080-exec-9] DEBUG o.s.web.servlet.DispatcherServlet - POST "/api/v1/reward/claim/6", parameters={}
2025-04-19 21:31:35 [http-nio-8080-exec-9] DEBUG o.s.w.s.m.m.a.RequestMappingHandlerMapping - Mapped to com.zenova.back_end.controller.RewardController#claimReward(String, int)
2025-04-19 21:31:35 [http-nio-8080-exec-9] DEBUG o.s.w.s.m.m.a.HttpEntityMethodProcessor - Using 'application/json', given [*/*] and supported [application/json, application/*+json, application/yaml]
2025-04-19 21:31:35 [http-nio-8080-exec-9] DEBUG o.s.w.s.m.m.a.HttpEntityMethodProcessor - Writing [ResponseDTO(code=200, message=Reward claimed successfully, data=null)]
2025-04-19 21:31:35 [http-nio-8080-exec-9] DEBUG o.s.web.servlet.DispatcherServlet - Completed 200 OK
2025-04-19 21:31:36 [http-nio-8080-exec-1] DEBUG o.s.security.web.FilterChainProxy - Securing POST /api/v1/reward/claim/7
2025-04-19 21:31:36 [http-nio-8080-exec-1] DEBUG o.s.security.web.FilterChainProxy - Secured POST /api/v1/reward/claim/7
2025-04-19 21:31:36 [http-nio-8080-exec-1] DEBUG o.s.web.servlet.DispatcherServlet - POST "/api/v1/reward/claim/7", parameters={}
2025-04-19 21:31:36 [http-nio-8080-exec-1] DEBUG o.s.w.s.m.m.a.RequestMappingHandlerMapping - Mapped to com.zenova.back_end.controller.RewardController#claimReward(String, int)
2025-04-19 21:31:36 [http-nio-8080-exec-1] DEBUG o.s.w.s.m.m.a.HttpEntityMethodProcessor - Using 'application/json', given [*/*] and supported [application/json, application/*+json, application/yaml]
2025-04-19 21:31:36 [http-nio-8080-exec-1] DEBUG o.s.w.s.m.m.a.HttpEntityMethodProcessor - Writing [ResponseDTO(code=200, message=Reward claimed successfully, data=null)]
2025-04-19 21:31:36 [http-nio-8080-exec-1] DEBUG o.s.web.servlet.DispatcherServlet - Completed 200 OK
2025-04-19 21:46:52 [http-nio-8080-exec-3] DEBUG o.s.security.web.FilterChainProxy - Securing GET /api/v1/game/all
2025-04-19 21:46:52 [http-nio-8080-exec-3] DEBUG o.s.security.web.FilterChainProxy - Secured GET /api/v1/game/all
2025-04-19 21:46:52 [http-nio-8080-exec-3] DEBUG o.s.web.servlet.DispatcherServlet - GET "/api/v1/game/all", parameters={}
2025-04-19 21:46:52 [http-nio-8080-exec-3] DEBUG o.s.w.s.m.m.a.RequestMappingHandlerMapping - Mapped to com.zenova.back_end.controller.GameController#getAllGames()
2025-04-19 21:46:52 [http-nio-8080-exec-3] DEBUG o.s.w.s.m.m.a.HttpEntityMethodProcessor - Using 'application/json', given [application/json, text/plain, */*] and supported [application/json, application/*+json, application/yaml]
2025-04-19 21:46:52 [http-nio-8080-exec-3] DEBUG o.s.w.s.m.m.a.HttpEntityMethodProcessor - Writing [[GameDTO(id=14, name=Fast Food Rush, description=You're at Burger King, sinking your teeth into a ju (truncated)...]
2025-04-19 21:46:52 [http-nio-8080-exec-3] DEBUG o.s.web.servlet.DispatcherServlet - Completed 200 OK
2025-04-19 21:46:52 [http-nio-8080-exec-4] DEBUG o.s.security.web.FilterChainProxy - Securing GET /api/v1/game/all
2025-04-19 21:46:52 [http-nio-8080-exec-4] DEBUG o.s.security.web.FilterChainProxy - Secured GET /api/v1/game/all
2025-04-19 21:46:52 [http-nio-8080-exec-4] DEBUG o.s.web.servlet.DispatcherServlet - GET "/api/v1/game/all", parameters={}
2025-04-19 21:46:52 [http-nio-8080-exec-4] DEBUG o.s.w.s.m.m.a.RequestMappingHandlerMapping - Mapped to com.zenova.back_end.controller.GameController#getAllGames()
2025-04-19 21:46:52 [http-nio-8080-exec-4] DEBUG o.s.w.s.m.m.a.HttpEntityMethodProcessor - Using 'application/json', given [application/json, text/plain, */*] and supported [application/json, application/*+json, application/yaml]
2025-04-19 21:46:52 [http-nio-8080-exec-4] DEBUG o.s.w.s.m.m.a.HttpEntityMethodProcessor - Writing [[GameDTO(id=14, name=Fast Food Rush, description=You're at Burger King, sinking your teeth into a ju (truncated)...]
2025-04-19 21:46:52 [http-nio-8080-exec-4] DEBUG o.s.web.servlet.DispatcherServlet - Completed 200 OK
2025-04-19 21:47:36 [MessageBroker-1] INFO  o.s.w.s.c.WebSocketMessageBrokerStats - WebSocketSession[0 current WS(0)-HttpStream(0)-HttpPoll(0), 0 total, 0 closed abnormally (0 connect failure, 0 send limit, 0 transport error)], stompSubProtocol[processed CONNECT(0)-CONNECTED(0)-DISCONNECT(0)], stompBrokerRelay[null], inboundChannel[pool size = 0, active threads = 0, queued tasks = 0, completed tasks = 0], outboundChannel[pool size = 0, active threads = 0, queued tasks = 0, completed tasks = 0], sockJsScheduler[pool size = 2, active threads = 1, queued tasks = 0, completed tasks = 1]
2025-04-19 21:49:17 [http-nio-8080-exec-7] DEBUG o.s.security.web.FilterChainProxy - Securing GET /api/v1/reward/weekly
2025-04-19 21:49:18 [http-nio-8080-exec-7] DEBUG o.s.security.web.FilterChainProxy - Secured GET /api/v1/reward/weekly
2025-04-19 21:49:18 [http-nio-8080-exec-7] DEBUG o.s.web.servlet.DispatcherServlet - GET "/api/v1/reward/weekly", parameters={}
2025-04-19 21:49:18 [http-nio-8080-exec-7] DEBUG o.s.w.s.m.m.a.RequestMappingHandlerMapping - Mapped to com.zenova.back_end.controller.RewardController#getWeeklyReward(String)
2025-04-19 21:49:18 [http-nio-8080-exec-7] DEBUG o.s.w.s.m.m.a.HttpEntityMethodProcessor - Using 'application/json', given [*/*] and supported [application/json, application/*+json, application/yaml]
2025-04-19 21:49:18 [http-nio-8080-exec-7] DEBUG o.s.w.s.m.m.a.HttpEntityMethodProcessor - Writing [ResponseDTO(code=200, message=Weekly rewards are fetched, data=[RewardDTO(dayOfWeek=1, dayName=Monda (truncated)...]
2025-04-19 21:49:18 [http-nio-8080-exec-7] DEBUG o.s.web.servlet.DispatcherServlet - Completed 200 OK
2025-04-19 21:49:18 [http-nio-8080-exec-8] DEBUG o.s.security.web.FilterChainProxy - Securing GET /api/v1/reward/weekly
2025-04-19 21:49:18 [http-nio-8080-exec-8] DEBUG o.s.security.web.FilterChainProxy - Secured GET /api/v1/reward/weekly
2025-04-19 21:49:18 [http-nio-8080-exec-8] DEBUG o.s.web.servlet.DispatcherServlet - GET "/api/v1/reward/weekly", parameters={}
2025-04-19 21:49:18 [http-nio-8080-exec-8] DEBUG o.s.w.s.m.m.a.RequestMappingHandlerMapping - Mapped to com.zenova.back_end.controller.RewardController#getWeeklyReward(String)
2025-04-19 21:49:18 [http-nio-8080-exec-8] DEBUG o.s.w.s.m.m.a.HttpEntityMethodProcessor - Using 'application/json', given [*/*] and supported [application/json, application/*+json, application/yaml]
2025-04-19 21:49:18 [http-nio-8080-exec-8] DEBUG o.s.w.s.m.m.a.HttpEntityMethodProcessor - Writing [ResponseDTO(code=200, message=Weekly rewards are fetched, data=[RewardDTO(dayOfWeek=1, dayName=Monda (truncated)...]
2025-04-19 21:49:18 [http-nio-8080-exec-8] DEBUG o.s.web.servlet.DispatcherServlet - Completed 200 OK
2025-04-19 21:49:18 [http-nio-8080-exec-9] DEBUG o.s.security.web.FilterChainProxy - Securing GET /api/v1/reward/weekly
2025-04-19 21:49:18 [http-nio-8080-exec-9] DEBUG o.s.security.web.FilterChainProxy - Secured GET /api/v1/reward/weekly
2025-04-19 21:49:18 [http-nio-8080-exec-9] DEBUG o.s.web.servlet.DispatcherServlet - GET "/api/v1/reward/weekly", parameters={}
2025-04-19 21:49:18 [http-nio-8080-exec-9] DEBUG o.s.w.s.m.m.a.RequestMappingHandlerMapping - Mapped to com.zenova.back_end.controller.RewardController#getWeeklyReward(String)
2025-04-19 21:49:18 [http-nio-8080-exec-9] DEBUG o.s.w.s.m.m.a.HttpEntityMethodProcessor - Using 'application/json', given [*/*] and supported [application/json, application/*+json, application/yaml]
2025-04-19 21:49:18 [http-nio-8080-exec-9] DEBUG o.s.w.s.m.m.a.HttpEntityMethodProcessor - Writing [ResponseDTO(code=200, message=Weekly rewards are fetched, data=[RewardDTO(dayOfWeek=1, dayName=Monda (truncated)...]
2025-04-19 21:49:18 [http-nio-8080-exec-9] DEBUG o.s.web.servlet.DispatcherServlet - Completed 200 OK
2025-04-19 21:49:27 [http-nio-8080-exec-10] DEBUG o.s.security.web.FilterChainProxy - Securing GET /api/v1/game/all
2025-04-19 21:49:27 [http-nio-8080-exec-10] DEBUG o.s.security.web.FilterChainProxy - Secured GET /api/v1/game/all
2025-04-19 21:49:27 [http-nio-8080-exec-10] DEBUG o.s.web.servlet.DispatcherServlet - GET "/api/v1/game/all", parameters={}
2025-04-19 21:49:27 [http-nio-8080-exec-10] DEBUG o.s.w.s.m.m.a.RequestMappingHandlerMapping - Mapped to com.zenova.back_end.controller.GameController#getAllGames()
2025-04-19 21:49:27 [http-nio-8080-exec-10] DEBUG o.s.w.s.m.m.a.HttpEntityMethodProcessor - Using 'application/json', given [application/json, text/plain, */*] and supported [application/json, application/*+json, application/yaml]
2025-04-19 21:49:27 [http-nio-8080-exec-10] DEBUG o.s.w.s.m.m.a.HttpEntityMethodProcessor - Writing [[GameDTO(id=14, name=Fast Food Rush, description=You're at Burger King, sinking your teeth into a ju (truncated)...]
2025-04-19 21:49:27 [http-nio-8080-exec-10] DEBUG o.s.web.servlet.DispatcherServlet - Completed 200 OK
2025-04-19 21:49:27 [http-nio-8080-exec-1] DEBUG o.s.security.web.FilterChainProxy - Securing GET /api/v1/game/all
2025-04-19 21:49:27 [http-nio-8080-exec-1] DEBUG o.s.security.web.FilterChainProxy - Secured GET /api/v1/game/all
2025-04-19 21:49:27 [http-nio-8080-exec-1] DEBUG o.s.web.servlet.DispatcherServlet - GET "/api/v1/game/all", parameters={}
2025-04-19 21:49:27 [http-nio-8080-exec-1] DEBUG o.s.w.s.m.m.a.RequestMappingHandlerMapping - Mapped to com.zenova.back_end.controller.GameController#getAllGames()
2025-04-19 21:49:27 [http-nio-8080-exec-1] DEBUG o.s.w.s.m.m.a.HttpEntityMethodProcessor - Using 'application/json', given [application/json, text/plain, */*] and supported [application/json, application/*+json, application/yaml]
2025-04-19 21:49:27 [http-nio-8080-exec-1] DEBUG o.s.w.s.m.m.a.HttpEntityMethodProcessor - Writing [[GameDTO(id=14, name=Fast Food Rush, description=You're at Burger King, sinking your teeth into a ju (truncated)...]
2025-04-19 21:49:27 [http-nio-8080-exec-1] DEBUG o.s.web.servlet.DispatcherServlet - Completed 200 OK
2025-04-19 21:49:37 [http-nio-8080-exec-2] DEBUG o.s.security.web.FilterChainProxy - Securing GET /api/v1/reward/weekly
2025-04-19 21:49:37 [http-nio-8080-exec-2] DEBUG o.s.security.web.FilterChainProxy - Secured GET /api/v1/reward/weekly
2025-04-19 21:49:37 [http-nio-8080-exec-2] DEBUG o.s.web.servlet.DispatcherServlet - GET "/api/v1/reward/weekly", parameters={}
2025-04-19 21:49:37 [http-nio-8080-exec-2] DEBUG o.s.w.s.m.m.a.RequestMappingHandlerMapping - Mapped to com.zenova.back_end.controller.RewardController#getWeeklyReward(String)
2025-04-19 21:49:37 [http-nio-8080-exec-2] DEBUG o.s.w.s.m.m.a.HttpEntityMethodProcessor - Using 'application/json', given [*/*] and supported [application/json, application/*+json, application/yaml]
2025-04-19 21:49:37 [http-nio-8080-exec-2] DEBUG o.s.w.s.m.m.a.HttpEntityMethodProcessor - Writing [ResponseDTO(code=200, message=Weekly rewards are fetched, data=[RewardDTO(dayOfWeek=1, dayName=Monda (truncated)...]
2025-04-19 21:49:37 [http-nio-8080-exec-2] DEBUG o.s.web.servlet.DispatcherServlet - Completed 200 OK
2025-04-19 21:49:37 [http-nio-8080-exec-3] DEBUG o.s.security.web.FilterChainProxy - Securing GET /api/v1/reward/weekly
2025-04-19 21:49:37 [http-nio-8080-exec-3] DEBUG o.s.security.web.FilterChainProxy - Secured GET /api/v1/reward/weekly
2025-04-19 21:49:37 [http-nio-8080-exec-3] DEBUG o.s.web.servlet.DispatcherServlet - GET "/api/v1/reward/weekly", parameters={}
2025-04-19 21:49:37 [http-nio-8080-exec-3] DEBUG o.s.w.s.m.m.a.RequestMappingHandlerMapping - Mapped to com.zenova.back_end.controller.RewardController#getWeeklyReward(String)
2025-04-19 21:49:37 [http-nio-8080-exec-3] DEBUG o.s.w.s.m.m.a.HttpEntityMethodProcessor - Using 'application/json', given [*/*] and supported [application/json, application/*+json, application/yaml]
2025-04-19 21:49:37 [http-nio-8080-exec-3] DEBUG o.s.w.s.m.m.a.HttpEntityMethodProcessor - Writing [ResponseDTO(code=200, message=Weekly rewards are fetched, data=[RewardDTO(dayOfWeek=1, dayName=Monda (truncated)...]
2025-04-19 21:49:37 [http-nio-8080-exec-3] DEBUG o.s.web.servlet.DispatcherServlet - Completed 200 OK
2025-04-19 21:50:10 [http-nio-8080-exec-4] DEBUG o.s.security.web.FilterChainProxy - Securing GET /api/v1/game/all
2025-04-19 21:50:10 [http-nio-8080-exec-4] DEBUG o.s.security.web.FilterChainProxy - Secured GET /api/v1/game/all
2025-04-19 21:50:10 [http-nio-8080-exec-4] DEBUG o.s.web.servlet.DispatcherServlet - GET "/api/v1/game/all", parameters={}
2025-04-19 21:50:10 [http-nio-8080-exec-4] DEBUG o.s.w.s.m.m.a.RequestMappingHandlerMapping - Mapped to com.zenova.back_end.controller.GameController#getAllGames()
2025-04-19 21:50:10 [http-nio-8080-exec-4] DEBUG o.s.w.s.m.m.a.HttpEntityMethodProcessor - Using 'application/json', given [application/json, text/plain, */*] and supported [application/json, application/*+json, application/yaml]
2025-04-19 21:50:10 [http-nio-8080-exec-4] DEBUG o.s.w.s.m.m.a.HttpEntityMethodProcessor - Writing [[GameDTO(id=14, name=Fast Food Rush, description=You're at Burger King, sinking your teeth into a ju (truncated)...]
2025-04-19 21:50:10 [http-nio-8080-exec-4] DEBUG o.s.web.servlet.DispatcherServlet - Completed 200 OK
2025-04-19 21:50:10 [http-nio-8080-exec-5] DEBUG o.s.security.web.FilterChainProxy - Securing GET /api/v1/game/all
2025-04-19 21:50:10 [http-nio-8080-exec-5] DEBUG o.s.security.web.FilterChainProxy - Secured GET /api/v1/game/all
2025-04-19 21:50:10 [http-nio-8080-exec-5] DEBUG o.s.web.servlet.DispatcherServlet - GET "/api/v1/game/all", parameters={}
2025-04-19 21:50:10 [http-nio-8080-exec-5] DEBUG o.s.w.s.m.m.a.RequestMappingHandlerMapping - Mapped to com.zenova.back_end.controller.GameController#getAllGames()
2025-04-19 21:50:10 [http-nio-8080-exec-5] DEBUG o.s.w.s.m.m.a.HttpEntityMethodProcessor - Using 'application/json', given [application/json, text/plain, */*] and supported [application/json, application/*+json, application/yaml]
2025-04-19 21:50:10 [http-nio-8080-exec-5] DEBUG o.s.w.s.m.m.a.HttpEntityMethodProcessor - Writing [[GameDTO(id=14, name=Fast Food Rush, description=You're at Burger King, sinking your teeth into a ju (truncated)...]
2025-04-19 21:50:10 [http-nio-8080-exec-5] DEBUG o.s.web.servlet.DispatcherServlet - Completed 200 OK
2025-04-19 21:50:14 [http-nio-8080-exec-6] DEBUG o.s.security.web.FilterChainProxy - Securing GET /api/v1/reward/weekly
2025-04-19 21:50:14 [http-nio-8080-exec-6] DEBUG o.s.security.web.FilterChainProxy - Secured GET /api/v1/reward/weekly
2025-04-19 21:50:14 [http-nio-8080-exec-6] DEBUG o.s.web.servlet.DispatcherServlet - GET "/api/v1/reward/weekly", parameters={}
2025-04-19 21:50:14 [http-nio-8080-exec-6] DEBUG o.s.w.s.m.m.a.RequestMappingHandlerMapping - Mapped to com.zenova.back_end.controller.RewardController#getWeeklyReward(String)
2025-04-19 21:50:14 [http-nio-8080-exec-6] DEBUG o.s.w.s.m.m.a.HttpEntityMethodProcessor - Using 'application/json', given [*/*] and supported [application/json, application/*+json, application/yaml]
2025-04-19 21:50:14 [http-nio-8080-exec-6] DEBUG o.s.w.s.m.m.a.HttpEntityMethodProcessor - Writing [ResponseDTO(code=200, message=Weekly rewards are fetched, data=[RewardDTO(dayOfWeek=1, dayName=Monda (truncated)...]
2025-04-19 21:50:14 [http-nio-8080-exec-6] DEBUG o.s.web.servlet.DispatcherServlet - Completed 200 OK
2025-04-19 21:50:14 [http-nio-8080-exec-7] DEBUG o.s.security.web.FilterChainProxy - Securing GET /api/v1/reward/weekly
2025-04-19 21:50:14 [http-nio-8080-exec-7] DEBUG o.s.security.web.FilterChainProxy - Secured GET /api/v1/reward/weekly
2025-04-19 21:50:14 [http-nio-8080-exec-7] DEBUG o.s.web.servlet.DispatcherServlet - GET "/api/v1/reward/weekly", parameters={}
2025-04-19 21:50:14 [http-nio-8080-exec-7] DEBUG o.s.w.s.m.m.a.RequestMappingHandlerMapping - Mapped to com.zenova.back_end.controller.RewardController#getWeeklyReward(String)
2025-04-19 21:50:14 [http-nio-8080-exec-7] DEBUG o.s.w.s.m.m.a.HttpEntityMethodProcessor - Using 'application/json', given [*/*] and supported [application/json, application/*+json, application/yaml]
2025-04-19 21:50:14 [http-nio-8080-exec-7] DEBUG o.s.w.s.m.m.a.HttpEntityMethodProcessor - Writing [ResponseDTO(code=200, message=Weekly rewards are fetched, data=[RewardDTO(dayOfWeek=1, dayName=Monda (truncated)...]
2025-04-19 21:50:14 [http-nio-8080-exec-7] DEBUG o.s.web.servlet.DispatcherServlet - Completed 200 OK
2025-04-19 21:53:48 [http-nio-8080-exec-10] DEBUG o.s.security.web.FilterChainProxy - Securing GET /api/v1/game/all
2025-04-19 21:53:48 [http-nio-8080-exec-10] DEBUG o.s.security.web.FilterChainProxy - Secured GET /api/v1/game/all
2025-04-19 21:53:48 [http-nio-8080-exec-10] DEBUG o.s.web.servlet.DispatcherServlet - GET "/api/v1/game/all", parameters={}
2025-04-19 21:53:48 [http-nio-8080-exec-10] DEBUG o.s.w.s.m.m.a.RequestMappingHandlerMapping - Mapped to com.zenova.back_end.controller.GameController#getAllGames()
2025-04-19 21:53:48 [http-nio-8080-exec-10] DEBUG o.s.w.s.m.m.a.HttpEntityMethodProcessor - Using 'application/json', given [application/json, text/plain, */*] and supported [application/json, application/*+json, application/yaml]
2025-04-19 21:53:48 [http-nio-8080-exec-10] DEBUG o.s.w.s.m.m.a.HttpEntityMethodProcessor - Writing [[GameDTO(id=14, name=Fast Food Rush, description=You're at Burger King, sinking your teeth into a ju (truncated)...]
2025-04-19 21:53:48 [http-nio-8080-exec-10] DEBUG o.s.web.servlet.DispatcherServlet - Completed 200 OK
2025-04-19 21:53:48 [http-nio-8080-exec-10] DEBUG o.s.security.web.FilterChainProxy - Securing GET /api/v1/game/all
2025-04-19 21:53:48 [http-nio-8080-exec-10] DEBUG o.s.security.web.FilterChainProxy - Secured GET /api/v1/game/all
2025-04-19 21:53:48 [http-nio-8080-exec-10] DEBUG o.s.web.servlet.DispatcherServlet - GET "/api/v1/game/all", parameters={}
2025-04-19 21:53:48 [http-nio-8080-exec-10] DEBUG o.s.w.s.m.m.a.RequestMappingHandlerMapping - Mapped to com.zenova.back_end.controller.GameController#getAllGames()
2025-04-19 21:53:48 [http-nio-8080-exec-10] DEBUG o.s.w.s.m.m.a.HttpEntityMethodProcessor - Using 'application/json', given [application/json, text/plain, */*] and supported [application/json, application/*+json, application/yaml]
2025-04-19 21:53:48 [http-nio-8080-exec-10] DEBUG o.s.w.s.m.m.a.HttpEntityMethodProcessor - Writing [[GameDTO(id=14, name=Fast Food Rush, description=You're at Burger King, sinking your teeth into a ju (truncated)...]
2025-04-19 21:53:48 [http-nio-8080-exec-10] DEBUG o.s.web.servlet.DispatcherServlet - Completed 200 OK
2025-04-19 21:54:18 [http-nio-8080-exec-2] DEBUG o.s.security.web.FilterChainProxy - Securing GET /api/v1/reward/weekly
2025-04-19 21:54:18 [http-nio-8080-exec-2] DEBUG o.s.security.web.FilterChainProxy - Secured GET /api/v1/reward/weekly
2025-04-19 21:54:18 [http-nio-8080-exec-2] DEBUG o.s.web.servlet.DispatcherServlet - GET "/api/v1/reward/weekly", parameters={}
2025-04-19 21:54:18 [http-nio-8080-exec-2] DEBUG o.s.w.s.m.m.a.RequestMappingHandlerMapping - Mapped to com.zenova.back_end.controller.RewardController#getWeeklyReward(String)
2025-04-19 21:54:18 [http-nio-8080-exec-2] DEBUG o.s.w.s.m.m.a.HttpEntityMethodProcessor - Using 'application/json', given [*/*] and supported [application/json, application/*+json, application/yaml]
2025-04-19 21:54:18 [http-nio-8080-exec-2] DEBUG o.s.w.s.m.m.a.HttpEntityMethodProcessor - Writing [ResponseDTO(code=200, message=Weekly rewards are fetched, data=[RewardDTO(dayOfWeek=1, dayName=Monda (truncated)...]
2025-04-19 21:54:18 [http-nio-8080-exec-2] DEBUG o.s.web.servlet.DispatcherServlet - Completed 200 OK
2025-04-19 21:54:18 [http-nio-8080-exec-3] DEBUG o.s.security.web.FilterChainProxy - Securing GET /api/v1/reward/weekly
2025-04-19 21:54:18 [http-nio-8080-exec-3] DEBUG o.s.security.web.FilterChainProxy - Secured GET /api/v1/reward/weekly
2025-04-19 21:54:18 [http-nio-8080-exec-3] DEBUG o.s.web.servlet.DispatcherServlet - GET "/api/v1/reward/weekly", parameters={}
2025-04-19 21:54:18 [http-nio-8080-exec-3] DEBUG o.s.w.s.m.m.a.RequestMappingHandlerMapping - Mapped to com.zenova.back_end.controller.RewardController#getWeeklyReward(String)
2025-04-19 21:54:18 [http-nio-8080-exec-3] DEBUG o.s.w.s.m.m.a.HttpEntityMethodProcessor - Using 'application/json', given [*/*] and supported [application/json, application/*+json, application/yaml]
2025-04-19 21:54:18 [http-nio-8080-exec-3] DEBUG o.s.w.s.m.m.a.HttpEntityMethodProcessor - Writing [ResponseDTO(code=200, message=Weekly rewards are fetched, data=[RewardDTO(dayOfWeek=1, dayName=Monda (truncated)...]
2025-04-19 21:54:18 [http-nio-8080-exec-3] DEBUG o.s.web.servlet.DispatcherServlet - Completed 200 OK
2025-04-19 21:54:21 [http-nio-8080-exec-4] DEBUG o.s.security.web.FilterChainProxy - Securing GET /api/v1/game/all
2025-04-19 21:54:21 [http-nio-8080-exec-4] DEBUG o.s.security.web.FilterChainProxy - Secured GET /api/v1/game/all
2025-04-19 21:54:21 [http-nio-8080-exec-4] DEBUG o.s.web.servlet.DispatcherServlet - GET "/api/v1/game/all", parameters={}
2025-04-19 21:54:21 [http-nio-8080-exec-4] DEBUG o.s.w.s.m.m.a.RequestMappingHandlerMapping - Mapped to com.zenova.back_end.controller.GameController#getAllGames()
2025-04-19 21:54:21 [http-nio-8080-exec-4] DEBUG o.s.w.s.m.m.a.HttpEntityMethodProcessor - Using 'application/json', given [application/json, text/plain, */*] and supported [application/json, application/*+json, application/yaml]
2025-04-19 21:54:21 [http-nio-8080-exec-4] DEBUG o.s.w.s.m.m.a.HttpEntityMethodProcessor - Writing [[GameDTO(id=14, name=Fast Food Rush, description=You're at Burger King, sinking your teeth into a ju (truncated)...]
2025-04-19 21:54:21 [http-nio-8080-exec-4] DEBUG o.s.web.servlet.DispatcherServlet - Completed 200 OK
2025-04-19 21:54:21 [http-nio-8080-exec-5] DEBUG o.s.security.web.FilterChainProxy - Securing GET /api/v1/game/all
2025-04-19 21:54:21 [http-nio-8080-exec-5] DEBUG o.s.security.web.FilterChainProxy - Secured GET /api/v1/game/all
2025-04-19 21:54:21 [http-nio-8080-exec-5] DEBUG o.s.web.servlet.DispatcherServlet - GET "/api/v1/game/all", parameters={}
2025-04-19 21:54:21 [http-nio-8080-exec-5] DEBUG o.s.w.s.m.m.a.RequestMappingHandlerMapping - Mapped to com.zenova.back_end.controller.GameController#getAllGames()
2025-04-19 21:54:21 [http-nio-8080-exec-5] DEBUG o.s.w.s.m.m.a.HttpEntityMethodProcessor - Using 'application/json', given [application/json, text/plain, */*] and supported [application/json, application/*+json, application/yaml]
2025-04-19 21:54:21 [http-nio-8080-exec-5] DEBUG o.s.w.s.m.m.a.HttpEntityMethodProcessor - Writing [[GameDTO(id=14, name=Fast Food Rush, description=You're at Burger King, sinking your teeth into a ju (truncated)...]
2025-04-19 21:54:21 [http-nio-8080-exec-5] DEBUG o.s.web.servlet.DispatcherServlet - Completed 200 OK
2025-04-19 21:54:24 [http-nio-8080-exec-6] DEBUG o.s.security.web.FilterChainProxy - Securing GET /api/v1/reward/weekly
2025-04-19 21:54:24 [http-nio-8080-exec-6] DEBUG o.s.security.web.FilterChainProxy - Secured GET /api/v1/reward/weekly
2025-04-19 21:54:24 [http-nio-8080-exec-6] DEBUG o.s.web.servlet.DispatcherServlet - GET "/api/v1/reward/weekly", parameters={}
2025-04-19 21:54:24 [http-nio-8080-exec-6] DEBUG o.s.w.s.m.m.a.RequestMappingHandlerMapping - Mapped to com.zenova.back_end.controller.RewardController#getWeeklyReward(String)
2025-04-19 21:54:24 [http-nio-8080-exec-6] DEBUG o.s.w.s.m.m.a.HttpEntityMethodProcessor - Using 'application/json', given [*/*] and supported [application/json, application/*+json, application/yaml]
2025-04-19 21:54:24 [http-nio-8080-exec-6] DEBUG o.s.w.s.m.m.a.HttpEntityMethodProcessor - Writing [ResponseDTO(code=200, message=Weekly rewards are fetched, data=[RewardDTO(dayOfWeek=1, dayName=Monda (truncated)...]
2025-04-19 21:54:24 [http-nio-8080-exec-6] DEBUG o.s.web.servlet.DispatcherServlet - Completed 200 OK
2025-04-19 21:54:24 [http-nio-8080-exec-7] DEBUG o.s.security.web.FilterChainProxy - Securing GET /api/v1/reward/weekly
2025-04-19 21:54:24 [http-nio-8080-exec-7] DEBUG o.s.security.web.FilterChainProxy - Secured GET /api/v1/reward/weekly
2025-04-19 21:54:24 [http-nio-8080-exec-7] DEBUG o.s.web.servlet.DispatcherServlet - GET "/api/v1/reward/weekly", parameters={}
2025-04-19 21:54:24 [http-nio-8080-exec-7] DEBUG o.s.w.s.m.m.a.RequestMappingHandlerMapping - Mapped to com.zenova.back_end.controller.RewardController#getWeeklyReward(String)
2025-04-19 21:54:25 [http-nio-8080-exec-7] DEBUG o.s.w.s.m.m.a.HttpEntityMethodProcessor - Using 'application/json', given [*/*] and supported [application/json, application/*+json, application/yaml]
2025-04-19 21:54:25 [http-nio-8080-exec-7] DEBUG o.s.w.s.m.m.a.HttpEntityMethodProcessor - Writing [ResponseDTO(code=200, message=Weekly rewards are fetched, data=[RewardDTO(dayOfWeek=1, dayName=Monda (truncated)...]
2025-04-19 21:54:25 [http-nio-8080-exec-7] DEBUG o.s.web.servlet.DispatcherServlet - Completed 200 OK
2025-04-19 21:57:24 [http-nio-8080-exec-1] DEBUG o.s.security.web.FilterChainProxy - Securing GET /api/v1/reward/weekly
2025-04-19 21:57:24 [http-nio-8080-exec-1] DEBUG o.s.security.web.FilterChainProxy - Secured GET /api/v1/reward/weekly
2025-04-19 21:57:24 [http-nio-8080-exec-1] DEBUG o.s.web.servlet.DispatcherServlet - GET "/api/v1/reward/weekly", parameters={}
2025-04-19 21:57:24 [http-nio-8080-exec-1] DEBUG o.s.w.s.m.m.a.RequestMappingHandlerMapping - Mapped to com.zenova.back_end.controller.RewardController#getWeeklyReward(String)
2025-04-19 21:57:24 [http-nio-8080-exec-1] DEBUG o.s.w.s.m.m.a.HttpEntityMethodProcessor - Using 'application/json', given [*/*] and supported [application/json, application/*+json, application/yaml]
2025-04-19 21:57:24 [http-nio-8080-exec-1] DEBUG o.s.w.s.m.m.a.HttpEntityMethodProcessor - Writing [ResponseDTO(code=200, message=Weekly rewards are fetched, data=[RewardDTO(dayOfWeek=1, dayName=Monda (truncated)...]
2025-04-19 21:57:24 [http-nio-8080-exec-1] DEBUG o.s.web.servlet.DispatcherServlet - Completed 200 OK
2025-04-19 21:57:27 [http-nio-8080-exec-10] DEBUG o.s.security.web.FilterChainProxy - Securing GET /api/v1/game/all
2025-04-19 21:57:27 [http-nio-8080-exec-10] DEBUG o.s.security.web.FilterChainProxy - Secured GET /api/v1/game/all
2025-04-19 21:57:27 [http-nio-8080-exec-10] DEBUG o.s.web.servlet.DispatcherServlet - GET "/api/v1/game/all", parameters={}
2025-04-19 21:57:27 [http-nio-8080-exec-10] DEBUG o.s.w.s.m.m.a.RequestMappingHandlerMapping - Mapped to com.zenova.back_end.controller.GameController#getAllGames()
2025-04-19 21:57:27 [http-nio-8080-exec-10] DEBUG o.s.w.s.m.m.a.HttpEntityMethodProcessor - Using 'application/json', given [application/json, text/plain, */*] and supported [application/json, application/*+json, application/yaml]
2025-04-19 21:57:27 [http-nio-8080-exec-10] DEBUG o.s.w.s.m.m.a.HttpEntityMethodProcessor - Writing [[GameDTO(id=14, name=Fast Food Rush, description=You're at Burger King, sinking your teeth into a ju (truncated)...]
2025-04-19 21:57:27 [http-nio-8080-exec-10] DEBUG o.s.web.servlet.DispatcherServlet - Completed 200 OK
2025-04-19 21:57:27 [http-nio-8080-exec-2] DEBUG o.s.security.web.FilterChainProxy - Securing GET /api/v1/game/all
2025-04-19 21:57:27 [http-nio-8080-exec-2] DEBUG o.s.security.web.FilterChainProxy - Secured GET /api/v1/game/all
2025-04-19 21:57:27 [http-nio-8080-exec-2] DEBUG o.s.web.servlet.DispatcherServlet - GET "/api/v1/game/all", parameters={}
2025-04-19 21:57:27 [http-nio-8080-exec-2] DEBUG o.s.w.s.m.m.a.RequestMappingHandlerMapping - Mapped to com.zenova.back_end.controller.GameController#getAllGames()
2025-04-19 21:57:27 [http-nio-8080-exec-2] DEBUG o.s.w.s.m.m.a.HttpEntityMethodProcessor - Using 'application/json', given [application/json, text/plain, */*] and supported [application/json, application/*+json, application/yaml]
2025-04-19 21:57:27 [http-nio-8080-exec-2] DEBUG o.s.w.s.m.m.a.HttpEntityMethodProcessor - Writing [[GameDTO(id=14, name=Fast Food Rush, description=You're at Burger King, sinking your teeth into a ju (truncated)...]
2025-04-19 21:57:27 [http-nio-8080-exec-2] DEBUG o.s.web.servlet.DispatcherServlet - Completed 200 OK
2025-04-19 21:57:29 [http-nio-8080-exec-3] DEBUG o.s.security.web.FilterChainProxy - Securing GET /api/v1/reward/weekly
2025-04-19 21:57:29 [http-nio-8080-exec-3] DEBUG o.s.security.web.FilterChainProxy - Secured GET /api/v1/reward/weekly
2025-04-19 21:57:29 [http-nio-8080-exec-3] DEBUG o.s.web.servlet.DispatcherServlet - GET "/api/v1/reward/weekly", parameters={}
2025-04-19 21:57:29 [http-nio-8080-exec-3] DEBUG o.s.w.s.m.m.a.RequestMappingHandlerMapping - Mapped to com.zenova.back_end.controller.RewardController#getWeeklyReward(String)
2025-04-19 21:57:29 [http-nio-8080-exec-3] DEBUG o.s.w.s.m.m.a.HttpEntityMethodProcessor - Using 'application/json', given [*/*] and supported [application/json, application/*+json, application/yaml]
2025-04-19 21:57:29 [http-nio-8080-exec-3] DEBUG o.s.w.s.m.m.a.HttpEntityMethodProcessor - Writing [ResponseDTO(code=200, message=Weekly rewards are fetched, data=[RewardDTO(dayOfWeek=1, dayName=Monda (truncated)...]
2025-04-19 21:57:29 [http-nio-8080-exec-3] DEBUG o.s.web.servlet.DispatcherServlet - Completed 200 OK
2025-04-19 21:57:29 [http-nio-8080-exec-4] DEBUG o.s.security.web.FilterChainProxy - Securing GET /api/v1/reward/weekly
2025-04-19 21:57:29 [http-nio-8080-exec-4] DEBUG o.s.security.web.FilterChainProxy - Secured GET /api/v1/reward/weekly
2025-04-19 21:57:29 [http-nio-8080-exec-4] DEBUG o.s.web.servlet.DispatcherServlet - GET "/api/v1/reward/weekly", parameters={}
2025-04-19 21:57:29 [http-nio-8080-exec-4] DEBUG o.s.w.s.m.m.a.RequestMappingHandlerMapping - Mapped to com.zenova.back_end.controller.RewardController#getWeeklyReward(String)
2025-04-19 21:57:29 [http-nio-8080-exec-4] DEBUG o.s.w.s.m.m.a.HttpEntityMethodProcessor - Using 'application/json', given [*/*] and supported [application/json, application/*+json, application/yaml]
2025-04-19 21:57:29 [http-nio-8080-exec-4] DEBUG o.s.w.s.m.m.a.HttpEntityMethodProcessor - Writing [ResponseDTO(code=200, message=Weekly rewards are fetched, data=[RewardDTO(dayOfWeek=1, dayName=Monda (truncated)...]
2025-04-19 21:57:29 [http-nio-8080-exec-4] DEBUG o.s.web.servlet.DispatcherServlet - Completed 200 OK
2025-04-19 21:58:10 [http-nio-8080-exec-5] DEBUG o.s.security.web.FilterChainProxy - Securing GET /api/v1/reward/weekly
2025-04-19 21:58:10 [http-nio-8080-exec-5] DEBUG o.s.security.web.FilterChainProxy - Secured GET /api/v1/reward/weekly
2025-04-19 21:58:10 [http-nio-8080-exec-5] DEBUG o.s.web.servlet.DispatcherServlet - GET "/api/v1/reward/weekly", parameters={}
2025-04-19 21:58:10 [http-nio-8080-exec-5] DEBUG o.s.w.s.m.m.a.RequestMappingHandlerMapping - Mapped to com.zenova.back_end.controller.RewardController#getWeeklyReward(String)
2025-04-19 21:58:10 [http-nio-8080-exec-5] DEBUG o.s.w.s.m.m.a.HttpEntityMethodProcessor - Using 'application/json', given [*/*] and supported [application/json, application/*+json, application/yaml]
2025-04-19 21:58:10 [http-nio-8080-exec-5] DEBUG o.s.w.s.m.m.a.HttpEntityMethodProcessor - Writing [ResponseDTO(code=200, message=Weekly rewards are fetched, data=[RewardDTO(dayOfWeek=1, dayName=Monda (truncated)...]
2025-04-19 21:58:10 [http-nio-8080-exec-5] DEBUG o.s.web.servlet.DispatcherServlet - Completed 200 OK
2025-04-19 21:58:11 [http-nio-8080-exec-6] DEBUG o.s.security.web.FilterChainProxy - Securing GET /api/v1/game/all
2025-04-19 21:58:11 [http-nio-8080-exec-6] DEBUG o.s.security.web.FilterChainProxy - Secured GET /api/v1/game/all
2025-04-19 21:58:11 [http-nio-8080-exec-6] DEBUG o.s.web.servlet.DispatcherServlet - GET "/api/v1/game/all", parameters={}
2025-04-19 21:58:11 [http-nio-8080-exec-6] DEBUG o.s.w.s.m.m.a.RequestMappingHandlerMapping - Mapped to com.zenova.back_end.controller.GameController#getAllGames()
2025-04-19 21:58:11 [http-nio-8080-exec-6] DEBUG o.s.w.s.m.m.a.HttpEntityMethodProcessor - Using 'application/json', given [application/json, text/plain, */*] and supported [application/json, application/*+json, application/yaml]
2025-04-19 21:58:11 [http-nio-8080-exec-6] DEBUG o.s.w.s.m.m.a.HttpEntityMethodProcessor - Writing [[GameDTO(id=14, name=Fast Food Rush, description=You're at Burger King, sinking your teeth into a ju (truncated)...]
2025-04-19 21:58:11 [http-nio-8080-exec-6] DEBUG o.s.web.servlet.DispatcherServlet - Completed 200 OK
2025-04-19 21:58:11 [http-nio-8080-exec-7] DEBUG o.s.security.web.FilterChainProxy - Securing GET /api/v1/game/all
2025-04-19 21:58:11 [http-nio-8080-exec-7] DEBUG o.s.security.web.FilterChainProxy - Secured GET /api/v1/game/all
2025-04-19 21:58:11 [http-nio-8080-exec-7] DEBUG o.s.web.servlet.DispatcherServlet - GET "/api/v1/game/all", parameters={}
2025-04-19 21:58:11 [http-nio-8080-exec-7] DEBUG o.s.w.s.m.m.a.RequestMappingHandlerMapping - Mapped to com.zenova.back_end.controller.GameController#getAllGames()
2025-04-19 21:58:11 [http-nio-8080-exec-7] DEBUG o.s.w.s.m.m.a.HttpEntityMethodProcessor - Using 'application/json', given [application/json, text/plain, */*] and supported [application/json, application/*+json, application/yaml]
2025-04-19 21:58:11 [http-nio-8080-exec-7] DEBUG o.s.w.s.m.m.a.HttpEntityMethodProcessor - Writing [[GameDTO(id=14, name=Fast Food Rush, description=You're at Burger King, sinking your teeth into a ju (truncated)...]
2025-04-19 21:58:11 [http-nio-8080-exec-7] DEBUG o.s.web.servlet.DispatcherServlet - Completed 200 OK
2025-04-19 21:58:12 [http-nio-8080-exec-8] DEBUG o.s.security.web.FilterChainProxy - Securing GET /api/v1/reward/weekly
2025-04-19 21:58:13 [http-nio-8080-exec-8] DEBUG o.s.security.web.FilterChainProxy - Secured GET /api/v1/reward/weekly
2025-04-19 21:58:13 [http-nio-8080-exec-8] DEBUG o.s.web.servlet.DispatcherServlet - GET "/api/v1/reward/weekly", parameters={}
2025-04-19 21:58:13 [http-nio-8080-exec-8] DEBUG o.s.w.s.m.m.a.RequestMappingHandlerMapping - Mapped to com.zenova.back_end.controller.RewardController#getWeeklyReward(String)
2025-04-19 21:58:13 [http-nio-8080-exec-8] DEBUG o.s.w.s.m.m.a.HttpEntityMethodProcessor - Using 'application/json', given [*/*] and supported [application/json, application/*+json, application/yaml]
2025-04-19 21:58:13 [http-nio-8080-exec-8] DEBUG o.s.w.s.m.m.a.HttpEntityMethodProcessor - Writing [ResponseDTO(code=200, message=Weekly rewards are fetched, data=[RewardDTO(dayOfWeek=1, dayName=Monda (truncated)...]
2025-04-19 21:58:13 [http-nio-8080-exec-8] DEBUG o.s.web.servlet.DispatcherServlet - Completed 200 OK
2025-04-19 21:58:13 [http-nio-8080-exec-9] DEBUG o.s.security.web.FilterChainProxy - Securing GET /api/v1/reward/weekly
2025-04-19 21:58:13 [http-nio-8080-exec-9] DEBUG o.s.security.web.FilterChainProxy - Secured GET /api/v1/reward/weekly
2025-04-19 21:58:13 [http-nio-8080-exec-9] DEBUG o.s.web.servlet.DispatcherServlet - GET "/api/v1/reward/weekly", parameters={}
2025-04-19 21:58:13 [http-nio-8080-exec-9] DEBUG o.s.w.s.m.m.a.RequestMappingHandlerMapping - Mapped to com.zenova.back_end.controller.RewardController#getWeeklyReward(String)
2025-04-19 21:58:13 [http-nio-8080-exec-9] DEBUG o.s.w.s.m.m.a.HttpEntityMethodProcessor - Using 'application/json', given [*/*] and supported [application/json, application/*+json, application/yaml]
2025-04-19 21:58:13 [http-nio-8080-exec-9] DEBUG o.s.w.s.m.m.a.HttpEntityMethodProcessor - Writing [ResponseDTO(code=200, message=Weekly rewards are fetched, data=[RewardDTO(dayOfWeek=1, dayName=Monda (truncated)...]
2025-04-19 21:58:13 [http-nio-8080-exec-9] DEBUG o.s.web.servlet.DispatcherServlet - Completed 200 OK
2025-04-19 21:59:01 [http-nio-8080-exec-1] DEBUG o.s.security.web.FilterChainProxy - Securing GET /api/v1/reward/weekly
2025-04-19 21:59:01 [http-nio-8080-exec-1] DEBUG o.s.security.web.FilterChainProxy - Secured GET /api/v1/reward/weekly
2025-04-19 21:59:01 [http-nio-8080-exec-1] DEBUG o.s.web.servlet.DispatcherServlet - GET "/api/v1/reward/weekly", parameters={}
2025-04-19 21:59:01 [http-nio-8080-exec-1] DEBUG o.s.w.s.m.m.a.RequestMappingHandlerMapping - Mapped to com.zenova.back_end.controller.RewardController#getWeeklyReward(String)
2025-04-19 21:59:01 [http-nio-8080-exec-1] DEBUG o.s.w.s.m.m.a.HttpEntityMethodProcessor - Using 'application/json', given [*/*] and supported [application/json, application/*+json, application/yaml]
2025-04-19 21:59:01 [http-nio-8080-exec-1] DEBUG o.s.w.s.m.m.a.HttpEntityMethodProcessor - Writing [ResponseDTO(code=200, message=Weekly rewards are fetched, data=[RewardDTO(dayOfWeek=1, dayName=Monda (truncated)...]
2025-04-19 21:59:01 [http-nio-8080-exec-1] DEBUG o.s.web.servlet.DispatcherServlet - Completed 200 OK
2025-04-19 21:59:04 [http-nio-8080-exec-10] DEBUG o.s.security.web.FilterChainProxy - Securing GET /api/v1/game/all
2025-04-19 21:59:04 [http-nio-8080-exec-10] DEBUG o.s.security.web.FilterChainProxy - Secured GET /api/v1/game/all
2025-04-19 21:59:04 [http-nio-8080-exec-10] DEBUG o.s.web.servlet.DispatcherServlet - GET "/api/v1/game/all", parameters={}
2025-04-19 21:59:04 [http-nio-8080-exec-10] DEBUG o.s.w.s.m.m.a.RequestMappingHandlerMapping - Mapped to com.zenova.back_end.controller.GameController#getAllGames()
2025-04-19 21:59:04 [http-nio-8080-exec-10] DEBUG o.s.w.s.m.m.a.HttpEntityMethodProcessor - Using 'application/json', given [application/json, text/plain, */*] and supported [application/json, application/*+json, application/yaml]
2025-04-19 21:59:04 [http-nio-8080-exec-10] DEBUG o.s.w.s.m.m.a.HttpEntityMethodProcessor - Writing [[GameDTO(id=14, name=Fast Food Rush, description=You're at Burger King, sinking your teeth into a ju (truncated)...]
2025-04-19 21:59:04 [http-nio-8080-exec-10] DEBUG o.s.web.servlet.DispatcherServlet - Completed 200 OK
2025-04-19 21:59:04 [http-nio-8080-exec-2] DEBUG o.s.security.web.FilterChainProxy - Securing GET /api/v1/game/all
2025-04-19 21:59:04 [http-nio-8080-exec-2] DEBUG o.s.security.web.FilterChainProxy - Secured GET /api/v1/game/all
2025-04-19 21:59:04 [http-nio-8080-exec-2] DEBUG o.s.web.servlet.DispatcherServlet - GET "/api/v1/game/all", parameters={}
2025-04-19 21:59:04 [http-nio-8080-exec-2] DEBUG o.s.w.s.m.m.a.RequestMappingHandlerMapping - Mapped to com.zenova.back_end.controller.GameController#getAllGames()
2025-04-19 21:59:04 [http-nio-8080-exec-2] DEBUG o.s.w.s.m.m.a.HttpEntityMethodProcessor - Using 'application/json', given [application/json, text/plain, */*] and supported [application/json, application/*+json, application/yaml]
2025-04-19 21:59:04 [http-nio-8080-exec-2] DEBUG o.s.w.s.m.m.a.HttpEntityMethodProcessor - Writing [[GameDTO(id=14, name=Fast Food Rush, description=You're at Burger King, sinking your teeth into a ju (truncated)...]
2025-04-19 21:59:04 [http-nio-8080-exec-2] DEBUG o.s.web.servlet.DispatcherServlet - Completed 200 OK
2025-04-19 21:59:06 [http-nio-8080-exec-3] DEBUG o.s.security.web.FilterChainProxy - Securing GET /api/v1/reward/weekly
2025-04-19 21:59:06 [http-nio-8080-exec-3] DEBUG o.s.security.web.FilterChainProxy - Secured GET /api/v1/reward/weekly
2025-04-19 21:59:06 [http-nio-8080-exec-3] DEBUG o.s.web.servlet.DispatcherServlet - GET "/api/v1/reward/weekly", parameters={}
2025-04-19 21:59:06 [http-nio-8080-exec-3] DEBUG o.s.w.s.m.m.a.RequestMappingHandlerMapping - Mapped to com.zenova.back_end.controller.RewardController#getWeeklyReward(String)
2025-04-19 21:59:06 [http-nio-8080-exec-3] DEBUG o.s.w.s.m.m.a.HttpEntityMethodProcessor - Using 'application/json', given [*/*] and supported [application/json, application/*+json, application/yaml]
2025-04-19 21:59:06 [http-nio-8080-exec-3] DEBUG o.s.w.s.m.m.a.HttpEntityMethodProcessor - Writing [ResponseDTO(code=200, message=Weekly rewards are fetched, data=[RewardDTO(dayOfWeek=1, dayName=Monda (truncated)...]
2025-04-19 21:59:06 [http-nio-8080-exec-3] DEBUG o.s.web.servlet.DispatcherServlet - Completed 200 OK
2025-04-19 21:59:06 [http-nio-8080-exec-4] DEBUG o.s.security.web.FilterChainProxy - Securing GET /api/v1/reward/weekly
2025-04-19 21:59:06 [http-nio-8080-exec-4] DEBUG o.s.security.web.FilterChainProxy - Secured GET /api/v1/reward/weekly
2025-04-19 21:59:06 [http-nio-8080-exec-4] DEBUG o.s.web.servlet.DispatcherServlet - GET "/api/v1/reward/weekly", parameters={}
2025-04-19 21:59:06 [http-nio-8080-exec-4] DEBUG o.s.w.s.m.m.a.RequestMappingHandlerMapping - Mapped to com.zenova.back_end.controller.RewardController#getWeeklyReward(String)
2025-04-19 21:59:06 [http-nio-8080-exec-4] DEBUG o.s.w.s.m.m.a.HttpEntityMethodProcessor - Using 'application/json', given [*/*] and supported [application/json, application/*+json, application/yaml]
2025-04-19 21:59:06 [http-nio-8080-exec-4] DEBUG o.s.w.s.m.m.a.HttpEntityMethodProcessor - Writing [ResponseDTO(code=200, message=Weekly rewards are fetched, data=[RewardDTO(dayOfWeek=1, dayName=Monda (truncated)...]
2025-04-19 21:59:06 [http-nio-8080-exec-4] DEBUG o.s.web.servlet.DispatcherServlet - Completed 200 OK
2025-04-19 21:59:44 [http-nio-8080-exec-5] DEBUG o.s.security.web.FilterChainProxy - Securing GET /api/v1/game/all
2025-04-19 21:59:44 [http-nio-8080-exec-5] DEBUG o.s.security.web.FilterChainProxy - Secured GET /api/v1/game/all
2025-04-19 21:59:44 [http-nio-8080-exec-5] DEBUG o.s.web.servlet.DispatcherServlet - GET "/api/v1/game/all", parameters={}
2025-04-19 21:59:44 [http-nio-8080-exec-5] DEBUG o.s.w.s.m.m.a.RequestMappingHandlerMapping - Mapped to com.zenova.back_end.controller.GameController#getAllGames()
2025-04-19 21:59:44 [http-nio-8080-exec-5] DEBUG o.s.w.s.m.m.a.HttpEntityMethodProcessor - Using 'application/json', given [application/json, text/plain, */*] and supported [application/json, application/*+json, application/yaml]
2025-04-19 21:59:44 [http-nio-8080-exec-5] DEBUG o.s.w.s.m.m.a.HttpEntityMethodProcessor - Writing [[GameDTO(id=14, name=Fast Food Rush, description=You're at Burger King, sinking your teeth into a ju (truncated)...]
2025-04-19 21:59:44 [http-nio-8080-exec-5] DEBUG o.s.web.servlet.DispatcherServlet - Completed 200 OK
2025-04-19 21:59:44 [http-nio-8080-exec-6] DEBUG o.s.security.web.FilterChainProxy - Securing GET /api/v1/game/all
2025-04-19 21:59:44 [http-nio-8080-exec-6] DEBUG o.s.security.web.FilterChainProxy - Secured GET /api/v1/game/all
2025-04-19 21:59:44 [http-nio-8080-exec-6] DEBUG o.s.web.servlet.DispatcherServlet - GET "/api/v1/game/all", parameters={}
2025-04-19 21:59:44 [http-nio-8080-exec-6] DEBUG o.s.w.s.m.m.a.RequestMappingHandlerMapping - Mapped to com.zenova.back_end.controller.GameController#getAllGames()
2025-04-19 21:59:44 [http-nio-8080-exec-6] DEBUG o.s.w.s.m.m.a.HttpEntityMethodProcessor - Using 'application/json', given [application/json, text/plain, */*] and supported [application/json, application/*+json, application/yaml]
2025-04-19 21:59:44 [http-nio-8080-exec-6] DEBUG o.s.w.s.m.m.a.HttpEntityMethodProcessor - Writing [[GameDTO(id=14, name=Fast Food Rush, description=You're at Burger King, sinking your teeth into a ju (truncated)...]
2025-04-19 21:59:44 [http-nio-8080-exec-6] DEBUG o.s.web.servlet.DispatcherServlet - Completed 200 OK
2025-04-19 21:59:46 [http-nio-8080-exec-7] DEBUG o.s.security.web.FilterChainProxy - Securing GET /api/v1/reward/weekly
2025-04-19 21:59:46 [http-nio-8080-exec-7] DEBUG o.s.security.web.FilterChainProxy - Secured GET /api/v1/reward/weekly
2025-04-19 21:59:46 [http-nio-8080-exec-7] DEBUG o.s.web.servlet.DispatcherServlet - GET "/api/v1/reward/weekly", parameters={}
2025-04-19 21:59:46 [http-nio-8080-exec-7] DEBUG o.s.w.s.m.m.a.RequestMappingHandlerMapping - Mapped to com.zenova.back_end.controller.RewardController#getWeeklyReward(String)
2025-04-19 21:59:46 [http-nio-8080-exec-7] DEBUG o.s.w.s.m.m.a.HttpEntityMethodProcessor - Using 'application/json', given [*/*] and supported [application/json, application/*+json, application/yaml]
2025-04-19 21:59:46 [http-nio-8080-exec-7] DEBUG o.s.w.s.m.m.a.HttpEntityMethodProcessor - Writing [ResponseDTO(code=200, message=Weekly rewards are fetched, data=[RewardDTO(dayOfWeek=1, dayName=Monda (truncated)...]
2025-04-19 21:59:46 [http-nio-8080-exec-7] DEBUG o.s.web.servlet.DispatcherServlet - Completed 200 OK
2025-04-19 21:59:46 [http-nio-8080-exec-8] DEBUG o.s.security.web.FilterChainProxy - Securing GET /api/v1/reward/weekly
2025-04-19 21:59:46 [http-nio-8080-exec-8] DEBUG o.s.security.web.FilterChainProxy - Secured GET /api/v1/reward/weekly
2025-04-19 21:59:46 [http-nio-8080-exec-8] DEBUG o.s.web.servlet.DispatcherServlet - GET "/api/v1/reward/weekly", parameters={}
2025-04-19 21:59:46 [http-nio-8080-exec-8] DEBUG o.s.w.s.m.m.a.RequestMappingHandlerMapping - Mapped to com.zenova.back_end.controller.RewardController#getWeeklyReward(String)
2025-04-19 21:59:46 [http-nio-8080-exec-8] DEBUG o.s.w.s.m.m.a.HttpEntityMethodProcessor - Using 'application/json', given [*/*] and supported [application/json, application/*+json, application/yaml]
2025-04-19 21:59:46 [http-nio-8080-exec-8] DEBUG o.s.w.s.m.m.a.HttpEntityMethodProcessor - Writing [ResponseDTO(code=200, message=Weekly rewards are fetched, data=[RewardDTO(dayOfWeek=1, dayName=Monda (truncated)...]
2025-04-19 21:59:46 [http-nio-8080-exec-8] DEBUG o.s.web.servlet.DispatcherServlet - Completed 200 OK
2025-04-19 22:04:04 [http-nio-8080-exec-10] DEBUG o.s.security.web.FilterChainProxy - Securing GET /api/v1/reward/weekly
2025-04-19 22:04:04 [http-nio-8080-exec-10] DEBUG o.s.security.web.FilterChainProxy - Secured GET /api/v1/reward/weekly
2025-04-19 22:04:04 [http-nio-8080-exec-10] DEBUG o.s.web.servlet.DispatcherServlet - GET "/api/v1/reward/weekly", parameters={}
2025-04-19 22:04:04 [http-nio-8080-exec-10] DEBUG o.s.w.s.m.m.a.RequestMappingHandlerMapping - Mapped to com.zenova.back_end.controller.RewardController#getWeeklyReward(String)
2025-04-19 22:04:04 [http-nio-8080-exec-10] DEBUG o.s.w.s.m.m.a.HttpEntityMethodProcessor - Using 'application/json', given [*/*] and supported [application/json, application/*+json, application/yaml]
2025-04-19 22:04:04 [http-nio-8080-exec-10] DEBUG o.s.w.s.m.m.a.HttpEntityMethodProcessor - Writing [ResponseDTO(code=200, message=Weekly rewards are fetched, data=[RewardDTO(dayOfWeek=1, dayName=Monda (truncated)...]
2025-04-19 22:04:04 [http-nio-8080-exec-10] DEBUG o.s.web.servlet.DispatcherServlet - Completed 200 OK
2025-04-19 22:04:06 [http-nio-8080-exec-2] DEBUG o.s.security.web.FilterChainProxy - Securing GET /api/v1/game/all
2025-04-19 22:04:06 [http-nio-8080-exec-2] DEBUG o.s.security.web.FilterChainProxy - Secured GET /api/v1/game/all
2025-04-19 22:04:06 [http-nio-8080-exec-2] DEBUG o.s.web.servlet.DispatcherServlet - GET "/api/v1/game/all", parameters={}
2025-04-19 22:04:06 [http-nio-8080-exec-2] DEBUG o.s.w.s.m.m.a.RequestMappingHandlerMapping - Mapped to com.zenova.back_end.controller.GameController#getAllGames()
2025-04-19 22:04:06 [http-nio-8080-exec-2] DEBUG o.s.w.s.m.m.a.HttpEntityMethodProcessor - Using 'application/json', given [application/json, text/plain, */*] and supported [application/json, application/*+json, application/yaml]
2025-04-19 22:04:06 [http-nio-8080-exec-2] DEBUG o.s.w.s.m.m.a.HttpEntityMethodProcessor - Writing [[GameDTO(id=14, name=Fast Food Rush, description=You're at Burger King, sinking your teeth into a ju (truncated)...]
2025-04-19 22:04:06 [http-nio-8080-exec-2] DEBUG o.s.web.servlet.DispatcherServlet - Completed 200 OK
2025-04-19 22:04:06 [http-nio-8080-exec-3] DEBUG o.s.security.web.FilterChainProxy - Securing GET /api/v1/game/all
2025-04-19 22:04:06 [http-nio-8080-exec-3] DEBUG o.s.security.web.FilterChainProxy - Secured GET /api/v1/game/all
2025-04-19 22:04:06 [http-nio-8080-exec-3] DEBUG o.s.web.servlet.DispatcherServlet - GET "/api/v1/game/all", parameters={}
2025-04-19 22:04:06 [http-nio-8080-exec-3] DEBUG o.s.w.s.m.m.a.RequestMappingHandlerMapping - Mapped to com.zenova.back_end.controller.GameController#getAllGames()
2025-04-19 22:04:06 [http-nio-8080-exec-3] DEBUG o.s.w.s.m.m.a.HttpEntityMethodProcessor - Using 'application/json', given [application/json, text/plain, */*] and supported [application/json, application/*+json, application/yaml]
2025-04-19 22:04:06 [http-nio-8080-exec-3] DEBUG o.s.w.s.m.m.a.HttpEntityMethodProcessor - Writing [[GameDTO(id=14, name=Fast Food Rush, description=You're at Burger King, sinking your teeth into a ju (truncated)...]
2025-04-19 22:04:06 [http-nio-8080-exec-3] DEBUG o.s.web.servlet.DispatcherServlet - Completed 200 OK
2025-04-19 22:04:08 [http-nio-8080-exec-4] DEBUG o.s.security.web.FilterChainProxy - Securing GET /api/v1/reward/weekly
2025-04-19 22:04:08 [http-nio-8080-exec-4] DEBUG o.s.security.web.FilterChainProxy - Secured GET /api/v1/reward/weekly
2025-04-19 22:04:08 [http-nio-8080-exec-4] DEBUG o.s.web.servlet.DispatcherServlet - GET "/api/v1/reward/weekly", parameters={}
2025-04-19 22:04:08 [http-nio-8080-exec-4] DEBUG o.s.w.s.m.m.a.RequestMappingHandlerMapping - Mapped to com.zenova.back_end.controller.RewardController#getWeeklyReward(String)
2025-04-19 22:04:08 [http-nio-8080-exec-4] DEBUG o.s.w.s.m.m.a.HttpEntityMethodProcessor - Using 'application/json', given [*/*] and supported [application/json, application/*+json, application/yaml]
2025-04-19 22:04:08 [http-nio-8080-exec-4] DEBUG o.s.w.s.m.m.a.HttpEntityMethodProcessor - Writing [ResponseDTO(code=200, message=Weekly rewards are fetched, data=[RewardDTO(dayOfWeek=1, dayName=Monda (truncated)...]
2025-04-19 22:04:08 [http-nio-8080-exec-4] DEBUG o.s.web.servlet.DispatcherServlet - Completed 200 OK
2025-04-19 22:04:08 [http-nio-8080-exec-5] DEBUG o.s.security.web.FilterChainProxy - Securing GET /api/v1/reward/weekly
2025-04-19 22:04:08 [http-nio-8080-exec-5] DEBUG o.s.security.web.FilterChainProxy - Secured GET /api/v1/reward/weekly
2025-04-19 22:04:08 [http-nio-8080-exec-5] DEBUG o.s.web.servlet.DispatcherServlet - GET "/api/v1/reward/weekly", parameters={}
2025-04-19 22:04:08 [http-nio-8080-exec-5] DEBUG o.s.w.s.m.m.a.RequestMappingHandlerMapping - Mapped to com.zenova.back_end.controller.RewardController#getWeeklyReward(String)
2025-04-19 22:04:08 [http-nio-8080-exec-5] DEBUG o.s.w.s.m.m.a.HttpEntityMethodProcessor - Using 'application/json', given [*/*] and supported [application/json, application/*+json, application/yaml]
2025-04-19 22:04:08 [http-nio-8080-exec-5] DEBUG o.s.w.s.m.m.a.HttpEntityMethodProcessor - Writing [ResponseDTO(code=200, message=Weekly rewards are fetched, data=[RewardDTO(dayOfWeek=1, dayName=Monda (truncated)...]
2025-04-19 22:04:08 [http-nio-8080-exec-5] DEBUG o.s.web.servlet.DispatcherServlet - Completed 200 OK
2025-04-19 22:04:36 [http-nio-8080-exec-6] DEBUG o.s.security.web.FilterChainProxy - Securing GET /api/v1/reward/weekly
2025-04-19 22:04:36 [http-nio-8080-exec-6] DEBUG o.s.security.web.FilterChainProxy - Secured GET /api/v1/reward/weekly
2025-04-19 22:04:36 [http-nio-8080-exec-6] DEBUG o.s.web.servlet.DispatcherServlet - GET "/api/v1/reward/weekly", parameters={}
2025-04-19 22:04:36 [http-nio-8080-exec-6] DEBUG o.s.w.s.m.m.a.RequestMappingHandlerMapping - Mapped to com.zenova.back_end.controller.RewardController#getWeeklyReward(String)
2025-04-19 22:04:36 [http-nio-8080-exec-6] DEBUG o.s.w.s.m.m.a.HttpEntityMethodProcessor - Using 'application/json', given [*/*] and supported [application/json, application/*+json, application/yaml]
2025-04-19 22:04:36 [http-nio-8080-exec-6] DEBUG o.s.w.s.m.m.a.HttpEntityMethodProcessor - Writing [ResponseDTO(code=200, message=Weekly rewards are fetched, data=[RewardDTO(dayOfWeek=1, dayName=Monda (truncated)...]
2025-04-19 22:04:36 [http-nio-8080-exec-6] DEBUG o.s.web.servlet.DispatcherServlet - Completed 200 OK
2025-04-19 22:04:36 [http-nio-8080-exec-7] DEBUG o.s.security.web.FilterChainProxy - Securing GET /api/v1/reward/weekly
2025-04-19 22:04:36 [http-nio-8080-exec-7] DEBUG o.s.security.web.FilterChainProxy - Secured GET /api/v1/reward/weekly
2025-04-19 22:04:36 [http-nio-8080-exec-7] DEBUG o.s.web.servlet.DispatcherServlet - GET "/api/v1/reward/weekly", parameters={}
2025-04-19 22:04:36 [http-nio-8080-exec-7] DEBUG o.s.w.s.m.m.a.RequestMappingHandlerMapping - Mapped to com.zenova.back_end.controller.RewardController#getWeeklyReward(String)
2025-04-19 22:04:36 [http-nio-8080-exec-7] DEBUG o.s.w.s.m.m.a.HttpEntityMethodProcessor - Using 'application/json', given [*/*] and supported [application/json, application/*+json, application/yaml]
2025-04-19 22:04:36 [http-nio-8080-exec-7] DEBUG o.s.w.s.m.m.a.HttpEntityMethodProcessor - Writing [ResponseDTO(code=200, message=Weekly rewards are fetched, data=[RewardDTO(dayOfWeek=1, dayName=Monda (truncated)...]
2025-04-19 22:04:36 [http-nio-8080-exec-7] DEBUG o.s.web.servlet.DispatcherServlet - Completed 200 OK
2025-04-19 22:04:50 [http-nio-8080-exec-8] DEBUG o.s.security.web.FilterChainProxy - Securing GET /api/v1/game/all
2025-04-19 22:04:50 [http-nio-8080-exec-8] DEBUG o.s.security.web.FilterChainProxy - Secured GET /api/v1/game/all
2025-04-19 22:04:50 [http-nio-8080-exec-8] DEBUG o.s.web.servlet.DispatcherServlet - GET "/api/v1/game/all", parameters={}
2025-04-19 22:04:50 [http-nio-8080-exec-8] DEBUG o.s.w.s.m.m.a.RequestMappingHandlerMapping - Mapped to com.zenova.back_end.controller.GameController#getAllGames()
2025-04-19 22:04:50 [http-nio-8080-exec-8] DEBUG o.s.w.s.m.m.a.HttpEntityMethodProcessor - Using 'application/json', given [application/json, text/plain, */*] and supported [application/json, application/*+json, application/yaml]
2025-04-19 22:04:50 [http-nio-8080-exec-8] DEBUG o.s.w.s.m.m.a.HttpEntityMethodProcessor - Writing [[GameDTO(id=14, name=Fast Food Rush, description=You're at Burger King, sinking your teeth into a ju (truncated)...]
2025-04-19 22:04:50 [http-nio-8080-exec-8] DEBUG o.s.web.servlet.DispatcherServlet - Completed 200 OK
2025-04-19 22:04:50 [http-nio-8080-exec-9] DEBUG o.s.security.web.FilterChainProxy - Securing GET /api/v1/game/all
2025-04-19 22:04:50 [http-nio-8080-exec-9] DEBUG o.s.security.web.FilterChainProxy - Secured GET /api/v1/game/all
2025-04-19 22:04:50 [http-nio-8080-exec-9] DEBUG o.s.web.servlet.DispatcherServlet - GET "/api/v1/game/all", parameters={}
2025-04-19 22:04:50 [http-nio-8080-exec-9] DEBUG o.s.w.s.m.m.a.RequestMappingHandlerMapping - Mapped to com.zenova.back_end.controller.GameController#getAllGames()
2025-04-19 22:04:50 [http-nio-8080-exec-9] DEBUG o.s.w.s.m.m.a.HttpEntityMethodProcessor - Using 'application/json', given [application/json, text/plain, */*] and supported [application/json, application/*+json, application/yaml]
2025-04-19 22:04:50 [http-nio-8080-exec-9] DEBUG o.s.w.s.m.m.a.HttpEntityMethodProcessor - Writing [[GameDTO(id=14, name=Fast Food Rush, description=You're at Burger King, sinking your teeth into a ju (truncated)...]
2025-04-19 22:04:50 [http-nio-8080-exec-9] DEBUG o.s.web.servlet.DispatcherServlet - Completed 200 OK
2025-04-19 22:17:36 [MessageBroker-2] INFO  o.s.w.s.c.WebSocketMessageBrokerStats - WebSocketSession[0 current WS(0)-HttpStream(0)-HttpPoll(0), 0 total, 0 closed abnormally (0 connect failure, 0 send limit, 0 transport error)], stompSubProtocol[processed CONNECT(0)-CONNECTED(0)-DISCONNECT(0)], stompBrokerRelay[null], inboundChannel[pool size = 0, active threads = 0, queued tasks = 0, completed tasks = 0], outboundChannel[pool size = 0, active threads = 0, queued tasks = 0, completed tasks = 0], sockJsScheduler[pool size = 3, active threads = 1, queued tasks = 0, completed tasks = 2]
2025-04-19 22:18:05 [SpringApplicationShutdownHook] INFO  o.s.b.w.e.tomcat.GracefulShutdown - Commencing graceful shutdown. Waiting for active requests to complete
2025-04-19 22:18:05 [tomcat-shutdown] INFO  o.s.b.w.e.tomcat.GracefulShutdown - Graceful shutdown complete
2025-04-19 22:18:05 [SpringApplicationShutdownHook] DEBUG org.springframework.web.SimpLogging - clientOutboundChannel removed SubProtocolWebSocketHandler[StompSubProtocolHandler[v10.stomp, v11.stomp, v12.stomp]]
2025-04-19 22:18:05 [SpringApplicationShutdownHook] DEBUG org.springframework.web.SimpLogging - clientInboundChannel removed WebSocketAnnotationMethodMessageHandler[prefixes=[/app/]]
2025-04-19 22:18:05 [SpringApplicationShutdownHook] INFO  o.s.m.s.b.SimpleBrokerMessageHandler - Stopping...
2025-04-19 22:18:05 [SpringApplicationShutdownHook] INFO  o.s.m.s.b.SimpleBrokerMessageHandler - BrokerAvailabilityEvent[available=false, SimpleBrokerMessageHandler [org.springframework.messaging.simp.broker.DefaultSubscriptionRegistry@3614cd03]]
2025-04-19 22:18:05 [SpringApplicationShutdownHook] DEBUG org.springframework.web.SimpLogging - clientInboundChannel removed SimpleBrokerMessageHandler [org.springframework.messaging.simp.broker.DefaultSubscriptionRegistry@3614cd03]
2025-04-19 22:18:05 [SpringApplicationShutdownHook] DEBUG org.springframework.web.SimpLogging - brokerChannel removed SimpleBrokerMessageHandler [org.springframework.messaging.simp.broker.DefaultSubscriptionRegistry@3614cd03]
2025-04-19 22:18:05 [SpringApplicationShutdownHook] INFO  o.s.m.s.b.SimpleBrokerMessageHandler - Stopped.
2025-04-19 22:18:05 [SpringApplicationShutdownHook] DEBUG org.springframework.web.SimpLogging - clientInboundChannel removed UserDestinationMessageHandler[DefaultUserDestinationResolver[prefix=/user/]]
2025-04-19 22:18:05 [SpringApplicationShutdownHook] DEBUG org.springframework.web.SimpLogging - brokerChannel removed UserDestinationMessageHandler[DefaultUserDestinationResolver[prefix=/user/]]
2025-04-19 22:18:05 [SpringApplicationShutdownHook] INFO  o.s.o.j.LocalContainerEntityManagerFactoryBean - Closing JPA EntityManagerFactory for persistence unit 'default'
2025-04-19 22:18:05 [SpringApplicationShutdownHook] INFO  com.zaxxer.hikari.HikariDataSource - HikariPool-1 - Shutdown initiated...
2025-04-19 22:18:05 [SpringApplicationShutdownHook] INFO  com.zaxxer.hikari.HikariDataSource - HikariPool-1 - Shutdown completed.
2025-04-19 22:18:12 [main] INFO  c.z.b.SpringwithjwtApplication - Starting SpringwithjwtApplication using Java 17.0.7 with PID 724776 (/home/user/Documents/Desktop/GamePlatform/backend/target/classes started by user in /home/user/Documents/Desktop/GamePlatform)
2025-04-19 22:18:12 [main] INFO  c.z.b.SpringwithjwtApplication - No active profile set, falling back to 1 default profile: "default"
2025-04-19 22:18:14 [main] INFO  o.s.d.r.c.RepositoryConfigurationDelegate - Multiple Spring Data modules found, entering strict repository configuration mode
2025-04-19 22:18:14 [main] INFO  o.s.d.r.c.RepositoryConfigurationDelegate - Bootstrapping Spring Data JPA repositories in DEFAULT mode.
2025-04-19 22:18:14 [main] INFO  o.s.d.r.c.RepositoryConfigurationDelegate - Finished Spring Data repository scanning in 229 ms. Found 6 JPA repository interfaces.
2025-04-19 22:18:14 [main] INFO  o.s.d.r.c.RepositoryConfigurationDelegate - Multiple Spring Data modules found, entering strict repository configuration mode
2025-04-19 22:18:14 [main] INFO  o.s.d.r.c.RepositoryConfigurationDelegate - Bootstrapping Spring Data Redis repositories in DEFAULT mode.
2025-04-19 22:18:14 [main] INFO  o.s.d.r.c.RepositoryConfigurationExtensionSupport - Spring Data Redis - Could not safely identify store assignment for repository candidate interface com.zenova.back_end.repo.CategoryRepository; If you want this repository to be a Redis repository, consider annotating your entities with one of these annotations: org.springframework.data.redis.core.RedisHash (preferred), or consider extending one of the following types with your repository: org.springframework.data.keyvalue.repository.KeyValueRepository
2025-04-19 22:18:14 [main] INFO  o.s.d.r.c.RepositoryConfigurationExtensionSupport - Spring Data Redis - Could not safely identify store assignment for repository candidate interface com.zenova.back_end.repo.GameRepository; If you want this repository to be a Redis repository, consider annotating your entities with one of these annotations: org.springframework.data.redis.core.RedisHash (preferred), or consider extending one of the following types with your repository: org.springframework.data.keyvalue.repository.KeyValueRepository
2025-04-19 22:18:14 [main] INFO  o.s.d.r.c.RepositoryConfigurationExtensionSupport - Spring Data Redis - Could not safely identify store assignment for repository candidate interface com.zenova.back_end.repo.PurchaseRepository; If you want this repository to be a Redis repository, consider annotating your entities with one of these annotations: org.springframework.data.redis.core.RedisHash (preferred), or consider extending one of the following types with your repository: org.springframework.data.keyvalue.repository.KeyValueRepository
2025-04-19 22:18:14 [main] INFO  o.s.d.r.c.RepositoryConfigurationExtensionSupport - Spring Data Redis - Could not safely identify store assignment for repository candidate interface com.zenova.back_end.repo.RewardEntryRepository; If you want this repository to be a Redis repository, consider annotating your entities with one of these annotations: org.springframework.data.redis.core.RedisHash (preferred), or consider extending one of the following types with your repository: org.springframework.data.keyvalue.repository.KeyValueRepository
2025-04-19 22:18:14 [main] INFO  o.s.d.r.c.RepositoryConfigurationExtensionSupport - Spring Data Redis - Could not safely identify store assignment for repository candidate interface com.zenova.back_end.repo.ScoreRepository; If you want this repository to be a Redis repository, consider annotating your entities with one of these annotations: org.springframework.data.redis.core.RedisHash (preferred), or consider extending one of the following types with your repository: org.springframework.data.keyvalue.repository.KeyValueRepository
2025-04-19 22:18:14 [main] INFO  o.s.d.r.c.RepositoryConfigurationExtensionSupport - Spring Data Redis - Could not safely identify store assignment for repository candidate interface com.zenova.back_end.repo.UserRepository; If you want this repository to be a Redis repository, consider annotating your entities with one of these annotations: org.springframework.data.redis.core.RedisHash (preferred), or consider extending one of the following types with your repository: org.springframework.data.keyvalue.repository.KeyValueRepository
2025-04-19 22:18:14 [main] INFO  o.s.d.r.c.RepositoryConfigurationDelegate - Finished Spring Data repository scanning in 13 ms. Found 0 Redis repository interfaces.
2025-04-19 22:18:15 [main] INFO  o.s.b.w.e.tomcat.TomcatWebServer - Tomcat initialized with port 8080 (http)
2025-04-19 22:18:15 [main] INFO  o.a.catalina.core.StandardService - Starting service [Tomcat]
2025-04-19 22:18:15 [main] INFO  o.a.catalina.core.StandardEngine - Starting Servlet engine: [Apache Tomcat/10.1.34]
2025-04-19 22:18:15 [main] INFO  o.a.c.c.C.[Tomcat].[localhost].[/] - Initializing Spring embedded WebApplicationContext
2025-04-19 22:18:15 [main] INFO  o.s.b.w.s.c.ServletWebServerApplicationContext - Root WebApplicationContext: initialization completed in 3309 ms
2025-04-19 22:18:15 [main] INFO  o.h.jpa.internal.util.LogHelper - HHH000204: Processing PersistenceUnitInfo [name: default]
2025-04-19 22:18:16 [main] INFO  org.hibernate.Version - HHH000412: Hibernate ORM core version 6.6.5.Final
2025-04-19 22:18:16 [main] INFO  o.h.c.i.RegionFactoryInitiator - HHH000026: Second-level cache disabled
2025-04-19 22:18:16 [main] INFO  o.s.o.j.p.SpringPersistenceUnitInfo - No LoadTimeWeaver setup: ignoring JPA class transformer
2025-04-19 22:18:16 [main] INFO  com.zaxxer.hikari.HikariDataSource - HikariPool-1 - Starting...
2025-04-19 22:18:16 [main] INFO  com.zaxxer.hikari.pool.HikariPool - HikariPool-1 - Added connection com.mysql.cj.jdbc.ConnectionImpl@66a8751a
2025-04-19 22:18:16 [main] INFO  com.zaxxer.hikari.HikariDataSource - HikariPool-1 - Start completed.
2025-04-19 22:18:16 [main] WARN  org.hibernate.orm.deprecation - HHH90000025: MySQL8Dialect does not need to be specified explicitly using 'hibernate.dialect' (remove the property setting and it will be selected by default)
2025-04-19 22:18:16 [main] WARN  org.hibernate.orm.deprecation - HHH90000026: MySQL8Dialect has been deprecated; use org.hibernate.dialect.MySQLDialect instead
2025-04-19 22:18:16 [main] INFO  o.hibernate.orm.connections.pooling - HHH10001005: Database info:
	Database JDBC URL [Connecting through datasource 'HikariDataSource (HikariPool-1)']
	Database driver: undefined/unknown
	Database version: 8.0
	Autocommit mode: undefined/unknown
	Isolation level: undefined/unknown
	Minimum pool size: undefined/unknown
	Maximum pool size: undefined/unknown
2025-04-19 22:18:18 [main] INFO  o.h.e.t.j.p.i.JtaPlatformInitiator - HHH000489: No JTA platform available (set 'hibernate.transaction.jta.platform' to enable JTA platform integration)
2025-04-19 22:18:18 [main] INFO  o.s.o.j.LocalContainerEntityManagerFactoryBean - Initialized JPA EntityManagerFactory for persistence unit 'default'
2025-04-19 22:18:19 [main] DEBUG o.s.web.filter.CorsFilter - Filter 'corsFilter' configured for use
2025-04-19 22:18:19 [main] INFO  o.s.s.c.a.a.c.InitializeUserDetailsBeanManagerConfigurer$InitializeUserDetailsManagerConfigurer - Global AuthenticationManager configured with UserDetailsService bean with name userServiceImpl
2025-04-19 22:18:19 [main] INFO  o.s.d.j.r.query.QueryEnhancerFactory - Hibernate is in classpath; If applicable, HQL parser will be used.
2025-04-19 22:18:21 [main] DEBUG o.s.w.s.s.s.WebSocketHandlerMapping - Patterns [/ws/**] in 'stompWebSocketHandlerMapping'
2025-04-19 22:18:21 [main] DEBUG o.s.w.s.m.m.a.RequestMappingHandlerMapping - 34 mappings in 'requestMappingHandlerMapping'
2025-04-19 22:18:21 [main] DEBUG o.s.w.s.h.SimpleUrlHandlerMapping - Patterns [/webjars/**, /**, /swagger-ui*/*swagger-initializer.js, /swagger-ui*/**] in 'resourceHandlerMapping'
2025-04-19 22:18:21 [main] WARN  o.s.s.c.a.w.c.AuthorizeHttpRequestsConfigurer$AuthorizationManagerRequestMatcherRegistry - One of the patterns in [/api/v1/reward/claim/, api/v1/reward/weekly, /api/v1/game/, /api/v1/game/upload, /api/livekit/token, /api/v1/leaderboard/top, /api/v1/deploy/vercel, /api/v1/auth/authenticate, /api/v1/user/register, /api/v1/user/login, /api/v1/user/**, /api/v1/auth/refreshToken, /api/v1/category/add, /api/v1/category/**, /api/v1/category/all-active, /api/v1/game/add, /api/v1/game/**, /api/v1/user/**, /api/v1/play/**, /v3/api-docs/**, /swagger-ui/**, /swagger-ui.html] is missing a leading slash. This is discouraged; please include the leading slash in all your request matcher patterns. In future versions of Spring Security, leaving out the leading slash will result in an exception.
2025-04-19 22:18:21 [main] DEBUG o.s.s.web.DefaultSecurityFilterChain - Will secure any request with filters: DisableEncodeUrlFilter, WebAsyncManagerIntegrationFilter, SecurityContextHolderFilter, HeaderWriterFilter, LogoutFilter, JwtFilter, RequestCacheAwareFilter, SecurityContextHolderAwareRequestFilter, AnonymousAuthenticationFilter, SessionManagementFilter, ExceptionTranslationFilter, AuthorizationFilter
2025-04-19 22:18:21 [main] DEBUG o.s.w.s.m.WebSocketAnnotationMethodMessageHandler - 
	c.z.b.c.AuthController:
	
2025-04-19 22:18:21 [main] DEBUG o.s.w.s.m.WebSocketAnnotationMethodMessageHandler - 
	c.z.b.c.CategoryController:
	
2025-04-19 22:18:21 [main] DEBUG o.s.w.s.m.WebSocketAnnotationMethodMessageHandler - 
	c.z.b.c.ChatController:
	{[MESSAGE],[/chat]}: handleChatMessage(ChatMessage)
2025-04-19 22:18:21 [main] DEBUG o.s.w.s.m.WebSocketAnnotationMethodMessageHandler - 
	c.z.b.c.GameController:
	
2025-04-19 22:18:21 [main] DEBUG o.s.w.s.m.WebSocketAnnotationMethodMessageHandler - 
	c.z.b.c.LeaderBoardController:
	
2025-04-19 22:18:21 [main] DEBUG o.s.w.s.m.WebSocketAnnotationMethodMessageHandler - 
	c.z.b.c.LiveKitController:
	
2025-04-19 22:18:21 [main] DEBUG o.s.w.s.m.WebSocketAnnotationMethodMessageHandler - 
	c.z.b.c.PlayController:
	
2025-04-19 22:18:21 [main] DEBUG o.s.w.s.m.WebSocketAnnotationMethodMessageHandler - 
	c.z.b.c.RewardController:
	
2025-04-19 22:18:21 [main] DEBUG o.s.w.s.m.WebSocketAnnotationMethodMessageHandler - 
	c.z.b.c.UserController:
	
2025-04-19 22:18:21 [main] DEBUG o.s.w.s.m.WebSocketAnnotationMethodMessageHandler - 
	c.z.b.u.a.GlobalExceptionHandler:
	
2025-04-19 22:18:21 [main] DEBUG o.s.w.s.m.WebSocketAnnotationMethodMessageHandler - 
	o.s.b.a.w.s.e.BasicErrorController:
	
2025-04-19 22:18:21 [main] DEBUG o.s.w.s.m.WebSocketAnnotationMethodMessageHandler - 
	o.s.w.a.OpenApiWebMvcResource:
	
2025-04-19 22:18:21 [main] DEBUG o.s.w.s.m.WebSocketAnnotationMethodMessageHandler - 
	o.s.w.u.SwaggerWelcomeWebMvc:
	
2025-04-19 22:18:21 [main] DEBUG o.s.w.s.m.WebSocketAnnotationMethodMessageHandler - 
	o.s.w.u.SwaggerConfigResource:
	
2025-04-19 22:18:21 [main] DEBUG o.s.w.s.m.m.a.RequestMappingHandlerAdapter - ControllerAdvice beans: 0 @ModelAttribute, 0 @InitBinder, 1 RequestBodyAdvice, 1 ResponseBodyAdvice
2025-04-19 22:18:21 [main] WARN  o.s.b.a.t.ThymeleafAutoConfiguration$DefaultTemplateResolverConfiguration - Cannot find template location: classpath:/templates/ (please add some templates, check your Thymeleaf configuration, or set spring.thymeleaf.check-template-location=false)
2025-04-19 22:18:21 [main] DEBUG o.s.w.s.m.m.a.ExceptionHandlerExceptionResolver - ControllerAdvice beans: 1 @ExceptionHandler, 1 ResponseBodyAdvice
2025-04-19 22:18:22 [main] DEBUG org.springframework.web.SimpLogging - clientOutboundChannel added SubProtocolWebSocketHandler[StompSubProtocolHandler[v10.stomp, v11.stomp, v12.stomp]]
2025-04-19 22:18:22 [main] DEBUG org.springframework.web.SimpLogging - clientInboundChannel added WebSocketAnnotationMethodMessageHandler[prefixes=[/app/]]
2025-04-19 22:18:22 [main] INFO  o.s.m.s.b.SimpleBrokerMessageHandler - Starting...
2025-04-19 22:18:22 [main] DEBUG org.springframework.web.SimpLogging - clientInboundChannel added SimpleBrokerMessageHandler [org.springframework.messaging.simp.broker.DefaultSubscriptionRegistry@16554f2e]
2025-04-19 22:18:22 [main] DEBUG org.springframework.web.SimpLogging - brokerChannel added SimpleBrokerMessageHandler [org.springframework.messaging.simp.broker.DefaultSubscriptionRegistry@16554f2e]
2025-04-19 22:18:22 [main] INFO  o.s.m.s.b.SimpleBrokerMessageHandler - BrokerAvailabilityEvent[available=true, SimpleBrokerMessageHandler [org.springframework.messaging.simp.broker.DefaultSubscriptionRegistry@16554f2e]]
2025-04-19 22:18:22 [main] INFO  o.s.m.s.b.SimpleBrokerMessageHandler - Started.
2025-04-19 22:18:22 [main] DEBUG org.springframework.web.SimpLogging - clientInboundChannel added UserDestinationMessageHandler[DefaultUserDestinationResolver[prefix=/user/]]
2025-04-19 22:18:22 [main] DEBUG org.springframework.web.SimpLogging - brokerChannel added UserDestinationMessageHandler[DefaultUserDestinationResolver[prefix=/user/]]
2025-04-19 22:18:22 [main] INFO  o.s.b.w.e.tomcat.TomcatWebServer - Tomcat started on port 8080 (http) with context path '/'
2025-04-19 22:18:22 [main] INFO  c.z.b.SpringwithjwtApplication - Started SpringwithjwtApplication in 11.697 seconds (process running for 13.077)
2025-04-19 22:19:22 [MessageBroker-1] INFO  o.s.w.s.c.WebSocketMessageBrokerStats - WebSocketSession[0 current WS(0)-HttpStream(0)-HttpPoll(0), 0 total, 0 closed abnormally (0 connect failure, 0 send limit, 0 transport error)], stompSubProtocol[processed CONNECT(0)-CONNECTED(0)-DISCONNECT(0)], stompBrokerRelay[null], inboundChannel[pool size = 0, active threads = 0, queued tasks = 0, completed tasks = 0], outboundChannel[pool size = 0, active threads = 0, queued tasks = 0, completed tasks = 0], sockJsScheduler[pool size = 1, active threads = 1, queued tasks = 0, completed tasks = 0]
2025-04-19 22:29:22 [SpringApplicationShutdownHook] INFO  o.s.b.w.e.tomcat.GracefulShutdown - Commencing graceful shutdown. Waiting for active requests to complete
2025-04-19 22:29:22 [tomcat-shutdown] INFO  o.s.b.w.e.tomcat.GracefulShutdown - Graceful shutdown complete
2025-04-19 22:29:22 [SpringApplicationShutdownHook] DEBUG org.springframework.web.SimpLogging - clientOutboundChannel removed SubProtocolWebSocketHandler[StompSubProtocolHandler[v10.stomp, v11.stomp, v12.stomp]]
2025-04-19 22:29:22 [SpringApplicationShutdownHook] DEBUG org.springframework.web.SimpLogging - clientInboundChannel removed WebSocketAnnotationMethodMessageHandler[prefixes=[/app/]]
2025-04-19 22:29:22 [SpringApplicationShutdownHook] INFO  o.s.m.s.b.SimpleBrokerMessageHandler - Stopping...
2025-04-19 22:29:22 [SpringApplicationShutdownHook] INFO  o.s.m.s.b.SimpleBrokerMessageHandler - BrokerAvailabilityEvent[available=false, SimpleBrokerMessageHandler [org.springframework.messaging.simp.broker.DefaultSubscriptionRegistry@16554f2e]]
2025-04-19 22:29:22 [SpringApplicationShutdownHook] DEBUG org.springframework.web.SimpLogging - clientInboundChannel removed SimpleBrokerMessageHandler [org.springframework.messaging.simp.broker.DefaultSubscriptionRegistry@16554f2e]
2025-04-19 22:29:22 [SpringApplicationShutdownHook] DEBUG org.springframework.web.SimpLogging - brokerChannel removed SimpleBrokerMessageHandler [org.springframework.messaging.simp.broker.DefaultSubscriptionRegistry@16554f2e]
2025-04-19 22:29:22 [SpringApplicationShutdownHook] INFO  o.s.m.s.b.SimpleBrokerMessageHandler - Stopped.
2025-04-19 22:29:22 [SpringApplicationShutdownHook] DEBUG org.springframework.web.SimpLogging - clientInboundChannel removed UserDestinationMessageHandler[DefaultUserDestinationResolver[prefix=/user/]]
2025-04-19 22:29:22 [SpringApplicationShutdownHook] DEBUG org.springframework.web.SimpLogging - brokerChannel removed UserDestinationMessageHandler[DefaultUserDestinationResolver[prefix=/user/]]
2025-04-19 22:29:22 [SpringApplicationShutdownHook] INFO  o.s.o.j.LocalContainerEntityManagerFactoryBean - Closing JPA EntityManagerFactory for persistence unit 'default'
2025-04-19 22:29:22 [SpringApplicationShutdownHook] INFO  com.zaxxer.hikari.HikariDataSource - HikariPool-1 - Shutdown initiated...
2025-04-19 22:29:22 [SpringApplicationShutdownHook] INFO  com.zaxxer.hikari.HikariDataSource - HikariPool-1 - Shutdown completed.
2025-04-19 22:29:29 [main] INFO  c.z.b.SpringwithjwtApplication - Starting SpringwithjwtApplication using Java 17.0.7 with PID 726859 (/home/user/Documents/Desktop/GamePlatform/backend/target/classes started by user in /home/user/Documents/Desktop/GamePlatform)
2025-04-19 22:29:29 [main] INFO  c.z.b.SpringwithjwtApplication - No active profile set, falling back to 1 default profile: "default"
2025-04-19 22:29:32 [main] INFO  o.s.d.r.c.RepositoryConfigurationDelegate - Multiple Spring Data modules found, entering strict repository configuration mode
2025-04-19 22:29:32 [main] INFO  o.s.d.r.c.RepositoryConfigurationDelegate - Bootstrapping Spring Data JPA repositories in DEFAULT mode.
2025-04-19 22:29:32 [main] INFO  o.s.d.r.c.RepositoryConfigurationDelegate - Finished Spring Data repository scanning in 428 ms. Found 6 JPA repository interfaces.
2025-04-19 22:29:32 [main] INFO  o.s.d.r.c.RepositoryConfigurationDelegate - Multiple Spring Data modules found, entering strict repository configuration mode
2025-04-19 22:29:32 [main] INFO  o.s.d.r.c.RepositoryConfigurationDelegate - Bootstrapping Spring Data Redis repositories in DEFAULT mode.
2025-04-19 22:29:32 [main] INFO  o.s.d.r.c.RepositoryConfigurationExtensionSupport - Spring Data Redis - Could not safely identify store assignment for repository candidate interface com.zenova.back_end.repo.CategoryRepository; If you want this repository to be a Redis repository, consider annotating your entities with one of these annotations: org.springframework.data.redis.core.RedisHash (preferred), or consider extending one of the following types with your repository: org.springframework.data.keyvalue.repository.KeyValueRepository
2025-04-19 22:29:32 [main] INFO  o.s.d.r.c.RepositoryConfigurationExtensionSupport - Spring Data Redis - Could not safely identify store assignment for repository candidate interface com.zenova.back_end.repo.GameRepository; If you want this repository to be a Redis repository, consider annotating your entities with one of these annotations: org.springframework.data.redis.core.RedisHash (preferred), or consider extending one of the following types with your repository: org.springframework.data.keyvalue.repository.KeyValueRepository
2025-04-19 22:29:32 [main] INFO  o.s.d.r.c.RepositoryConfigurationExtensionSupport - Spring Data Redis - Could not safely identify store assignment for repository candidate interface com.zenova.back_end.repo.PurchaseRepository; If you want this repository to be a Redis repository, consider annotating your entities with one of these annotations: org.springframework.data.redis.core.RedisHash (preferred), or consider extending one of the following types with your repository: org.springframework.data.keyvalue.repository.KeyValueRepository
2025-04-19 22:29:32 [main] INFO  o.s.d.r.c.RepositoryConfigurationExtensionSupport - Spring Data Redis - Could not safely identify store assignment for repository candidate interface com.zenova.back_end.repo.RewardEntryRepository; If you want this repository to be a Redis repository, consider annotating your entities with one of these annotations: org.springframework.data.redis.core.RedisHash (preferred), or consider extending one of the following types with your repository: org.springframework.data.keyvalue.repository.KeyValueRepository
2025-04-19 22:29:32 [main] INFO  o.s.d.r.c.RepositoryConfigurationExtensionSupport - Spring Data Redis - Could not safely identify store assignment for repository candidate interface com.zenova.back_end.repo.ScoreRepository; If you want this repository to be a Redis repository, consider annotating your entities with one of these annotations: org.springframework.data.redis.core.RedisHash (preferred), or consider extending one of the following types with your repository: org.springframework.data.keyvalue.repository.KeyValueRepository
2025-04-19 22:29:32 [main] INFO  o.s.d.r.c.RepositoryConfigurationExtensionSupport - Spring Data Redis - Could not safely identify store assignment for repository candidate interface com.zenova.back_end.repo.UserRepository; If you want this repository to be a Redis repository, consider annotating your entities with one of these annotations: org.springframework.data.redis.core.RedisHash (preferred), or consider extending one of the following types with your repository: org.springframework.data.keyvalue.repository.KeyValueRepository
2025-04-19 22:29:32 [main] INFO  o.s.d.r.c.RepositoryConfigurationDelegate - Finished Spring Data repository scanning in 33 ms. Found 0 Redis repository interfaces.
2025-04-19 22:29:34 [main] INFO  o.s.b.w.e.tomcat.TomcatWebServer - Tomcat initialized with port 8080 (http)
2025-04-19 22:29:34 [main] INFO  o.a.catalina.core.StandardService - Starting service [Tomcat]
2025-04-19 22:29:34 [main] INFO  o.a.catalina.core.StandardEngine - Starting Servlet engine: [Apache Tomcat/10.1.34]
2025-04-19 22:29:34 [main] INFO  o.a.c.c.C.[Tomcat].[localhost].[/] - Initializing Spring embedded WebApplicationContext
2025-04-19 22:29:34 [main] INFO  o.s.b.w.s.c.ServletWebServerApplicationContext - Root WebApplicationContext: initialization completed in 4915 ms
2025-04-19 22:29:34 [main] INFO  o.h.jpa.internal.util.LogHelper - HHH000204: Processing PersistenceUnitInfo [name: default]
2025-04-19 22:29:34 [main] INFO  org.hibernate.Version - HHH000412: Hibernate ORM core version 6.6.5.Final
2025-04-19 22:29:34 [main] INFO  o.h.c.i.RegionFactoryInitiator - HHH000026: Second-level cache disabled
2025-04-19 22:29:35 [main] INFO  o.s.o.j.p.SpringPersistenceUnitInfo - No LoadTimeWeaver setup: ignoring JPA class transformer
2025-04-19 22:29:35 [main] INFO  com.zaxxer.hikari.HikariDataSource - HikariPool-1 - Starting...
2025-04-19 22:29:35 [main] INFO  com.zaxxer.hikari.pool.HikariPool - HikariPool-1 - Added connection com.mysql.cj.jdbc.ConnectionImpl@1b98355f
2025-04-19 22:29:35 [main] INFO  com.zaxxer.hikari.HikariDataSource - HikariPool-1 - Start completed.
2025-04-19 22:29:35 [main] WARN  org.hibernate.orm.deprecation - HHH90000025: MySQL8Dialect does not need to be specified explicitly using 'hibernate.dialect' (remove the property setting and it will be selected by default)
2025-04-19 22:29:35 [main] WARN  org.hibernate.orm.deprecation - HHH90000026: MySQL8Dialect has been deprecated; use org.hibernate.dialect.MySQLDialect instead
2025-04-19 22:29:35 [main] INFO  o.hibernate.orm.connections.pooling - HHH10001005: Database info:
	Database JDBC URL [Connecting through datasource 'HikariDataSource (HikariPool-1)']
	Database driver: undefined/unknown
	Database version: 8.0
	Autocommit mode: undefined/unknown
	Isolation level: undefined/unknown
	Minimum pool size: undefined/unknown
	Maximum pool size: undefined/unknown
2025-04-19 22:29:37 [main] INFO  o.h.e.t.j.p.i.JtaPlatformInitiator - HHH000489: No JTA platform available (set 'hibernate.transaction.jta.platform' to enable JTA platform integration)
2025-04-19 22:29:37 [main] INFO  o.s.o.j.LocalContainerEntityManagerFactoryBean - Initialized JPA EntityManagerFactory for persistence unit 'default'
2025-04-19 22:29:38 [main] DEBUG o.s.web.filter.CorsFilter - Filter 'corsFilter' configured for use
2025-04-19 22:29:38 [main] INFO  o.s.s.c.a.a.c.InitializeUserDetailsBeanManagerConfigurer$InitializeUserDetailsManagerConfigurer - Global AuthenticationManager configured with UserDetailsService bean with name userServiceImpl
2025-04-19 22:29:39 [main] INFO  o.s.d.j.r.query.QueryEnhancerFactory - Hibernate is in classpath; If applicable, HQL parser will be used.
2025-04-19 22:29:42 [main] DEBUG o.s.w.s.s.s.WebSocketHandlerMapping - Patterns [/ws/**] in 'stompWebSocketHandlerMapping'
2025-04-19 22:29:43 [main] DEBUG o.s.w.s.m.m.a.RequestMappingHandlerMapping - 34 mappings in 'requestMappingHandlerMapping'
2025-04-19 22:29:43 [main] DEBUG o.s.w.s.h.SimpleUrlHandlerMapping - Patterns [/webjars/**, /**, /swagger-ui*/*swagger-initializer.js, /swagger-ui*/**] in 'resourceHandlerMapping'
2025-04-19 22:29:43 [main] WARN  o.s.s.c.a.w.c.AuthorizeHttpRequestsConfigurer$AuthorizationManagerRequestMatcherRegistry - One of the patterns in [/api/v1/reward/claim/, api/v1/reward/weekly, /api/v1/game/, /api/v1/game/upload, /api/livekit/token, /api/v1/leaderboard/top, /api/v1/deploy/vercel, /api/v1/auth/authenticate, /api/v1/user/register, /api/v1/user/login, /api/v1/user/**, /api/v1/auth/refreshToken, /api/v1/category/add, /api/v1/category/**, /api/v1/category/all-active, /api/v1/game/add, /api/v1/game/**, /api/v1/user/**, /api/v1/play/**, /v3/api-docs/**, /swagger-ui/**, /swagger-ui.html] is missing a leading slash. This is discouraged; please include the leading slash in all your request matcher patterns. In future versions of Spring Security, leaving out the leading slash will result in an exception.
2025-04-19 22:29:43 [main] DEBUG o.s.s.web.DefaultSecurityFilterChain - Will secure any request with filters: DisableEncodeUrlFilter, WebAsyncManagerIntegrationFilter, SecurityContextHolderFilter, HeaderWriterFilter, LogoutFilter, JwtFilter, RequestCacheAwareFilter, SecurityContextHolderAwareRequestFilter, AnonymousAuthenticationFilter, SessionManagementFilter, ExceptionTranslationFilter, AuthorizationFilter
2025-04-19 22:29:44 [main] DEBUG o.s.w.s.m.WebSocketAnnotationMethodMessageHandler - 
	c.z.b.c.AuthController:
	
2025-04-19 22:29:44 [main] DEBUG o.s.w.s.m.WebSocketAnnotationMethodMessageHandler - 
	c.z.b.c.CategoryController:
	
2025-04-19 22:29:44 [main] DEBUG o.s.w.s.m.WebSocketAnnotationMethodMessageHandler - 
	c.z.b.c.ChatController:
	{[MESSAGE],[/chat]}: handleChatMessage(ChatMessage)
2025-04-19 22:29:44 [main] DEBUG o.s.w.s.m.WebSocketAnnotationMethodMessageHandler - 
	c.z.b.c.GameController:
	
2025-04-19 22:29:44 [main] DEBUG o.s.w.s.m.WebSocketAnnotationMethodMessageHandler - 
	c.z.b.c.LeaderBoardController:
	
2025-04-19 22:29:44 [main] DEBUG o.s.w.s.m.WebSocketAnnotationMethodMessageHandler - 
	c.z.b.c.LiveKitController:
	
2025-04-19 22:29:44 [main] DEBUG o.s.w.s.m.WebSocketAnnotationMethodMessageHandler - 
	c.z.b.c.PlayController:
	
2025-04-19 22:29:44 [main] DEBUG o.s.w.s.m.WebSocketAnnotationMethodMessageHandler - 
	c.z.b.c.RewardController:
	
2025-04-19 22:29:44 [main] DEBUG o.s.w.s.m.WebSocketAnnotationMethodMessageHandler - 
	c.z.b.c.UserController:
	
2025-04-19 22:29:44 [main] DEBUG o.s.w.s.m.WebSocketAnnotationMethodMessageHandler - 
	c.z.b.u.a.GlobalExceptionHandler:
	
2025-04-19 22:29:44 [main] DEBUG o.s.w.s.m.WebSocketAnnotationMethodMessageHandler - 
	o.s.b.a.w.s.e.BasicErrorController:
	
2025-04-19 22:29:44 [main] DEBUG o.s.w.s.m.WebSocketAnnotationMethodMessageHandler - 
	o.s.w.a.OpenApiWebMvcResource:
	
2025-04-19 22:29:44 [main] DEBUG o.s.w.s.m.WebSocketAnnotationMethodMessageHandler - 
	o.s.w.u.SwaggerWelcomeWebMvc:
	
2025-04-19 22:29:44 [main] DEBUG o.s.w.s.m.WebSocketAnnotationMethodMessageHandler - 
	o.s.w.u.SwaggerConfigResource:
	
2025-04-19 22:29:44 [main] DEBUG o.s.w.s.m.m.a.RequestMappingHandlerAdapter - ControllerAdvice beans: 0 @ModelAttribute, 0 @InitBinder, 1 RequestBodyAdvice, 1 ResponseBodyAdvice
2025-04-19 22:29:44 [main] WARN  o.s.b.a.t.ThymeleafAutoConfiguration$DefaultTemplateResolverConfiguration - Cannot find template location: classpath:/templates/ (please add some templates, check your Thymeleaf configuration, or set spring.thymeleaf.check-template-location=false)
2025-04-19 22:29:44 [main] DEBUG o.s.w.s.m.m.a.ExceptionHandlerExceptionResolver - ControllerAdvice beans: 1 @ExceptionHandler, 1 ResponseBodyAdvice
2025-04-19 22:29:46 [main] DEBUG org.springframework.web.SimpLogging - clientOutboundChannel added SubProtocolWebSocketHandler[StompSubProtocolHandler[v10.stomp, v11.stomp, v12.stomp]]
2025-04-19 22:29:46 [main] DEBUG org.springframework.web.SimpLogging - clientInboundChannel added WebSocketAnnotationMethodMessageHandler[prefixes=[/app/]]
2025-04-19 22:29:46 [main] INFO  o.s.m.s.b.SimpleBrokerMessageHandler - Starting...
2025-04-19 22:29:46 [main] DEBUG org.springframework.web.SimpLogging - clientInboundChannel added SimpleBrokerMessageHandler [org.springframework.messaging.simp.broker.DefaultSubscriptionRegistry@30decae]
2025-04-19 22:29:46 [main] DEBUG org.springframework.web.SimpLogging - brokerChannel added SimpleBrokerMessageHandler [org.springframework.messaging.simp.broker.DefaultSubscriptionRegistry@30decae]
2025-04-19 22:29:46 [main] INFO  o.s.m.s.b.SimpleBrokerMessageHandler - BrokerAvailabilityEvent[available=true, SimpleBrokerMessageHandler [org.springframework.messaging.simp.broker.DefaultSubscriptionRegistry@30decae]]
2025-04-19 22:29:46 [main] INFO  o.s.m.s.b.SimpleBrokerMessageHandler - Started.
2025-04-19 22:29:46 [main] DEBUG org.springframework.web.SimpLogging - clientInboundChannel added UserDestinationMessageHandler[DefaultUserDestinationResolver[prefix=/user/]]
2025-04-19 22:29:46 [main] DEBUG org.springframework.web.SimpLogging - brokerChannel added UserDestinationMessageHandler[DefaultUserDestinationResolver[prefix=/user/]]
2025-04-19 22:29:46 [main] INFO  o.s.b.w.e.tomcat.TomcatWebServer - Tomcat started on port 8080 (http) with context path '/'
2025-04-19 22:29:46 [main] INFO  c.z.b.SpringwithjwtApplication - Started SpringwithjwtApplication in 18.881 seconds (process running for 20.737)
2025-04-19 22:30:46 [MessageBroker-1] INFO  o.s.w.s.c.WebSocketMessageBrokerStats - WebSocketSession[0 current WS(0)-HttpStream(0)-HttpPoll(0), 0 total, 0 closed abnormally (0 connect failure, 0 send limit, 0 transport error)], stompSubProtocol[processed CONNECT(0)-CONNECTED(0)-DISCONNECT(0)], stompBrokerRelay[null], inboundChannel[pool size = 0, active threads = 0, queued tasks = 0, completed tasks = 0], outboundChannel[pool size = 0, active threads = 0, queued tasks = 0, completed tasks = 0], sockJsScheduler[pool size = 1, active threads = 1, queued tasks = 0, completed tasks = 0]
2025-04-19 22:44:10 [SpringApplicationShutdownHook] INFO  o.s.b.w.e.tomcat.GracefulShutdown - Commencing graceful shutdown. Waiting for active requests to complete
2025-04-19 22:44:10 [tomcat-shutdown] INFO  o.s.b.w.e.tomcat.GracefulShutdown - Graceful shutdown complete
2025-04-19 22:44:10 [SpringApplicationShutdownHook] DEBUG org.springframework.web.SimpLogging - clientOutboundChannel removed SubProtocolWebSocketHandler[StompSubProtocolHandler[v10.stomp, v11.stomp, v12.stomp]]
2025-04-19 22:44:10 [SpringApplicationShutdownHook] DEBUG org.springframework.web.SimpLogging - clientInboundChannel removed WebSocketAnnotationMethodMessageHandler[prefixes=[/app/]]
2025-04-19 22:44:10 [SpringApplicationShutdownHook] INFO  o.s.m.s.b.SimpleBrokerMessageHandler - Stopping...
2025-04-19 22:44:10 [SpringApplicationShutdownHook] INFO  o.s.m.s.b.SimpleBrokerMessageHandler - BrokerAvailabilityEvent[available=false, SimpleBrokerMessageHandler [org.springframework.messaging.simp.broker.DefaultSubscriptionRegistry@30decae]]
2025-04-19 22:44:10 [SpringApplicationShutdownHook] DEBUG org.springframework.web.SimpLogging - clientInboundChannel removed SimpleBrokerMessageHandler [org.springframework.messaging.simp.broker.DefaultSubscriptionRegistry@30decae]
2025-04-19 22:44:10 [SpringApplicationShutdownHook] DEBUG org.springframework.web.SimpLogging - brokerChannel removed SimpleBrokerMessageHandler [org.springframework.messaging.simp.broker.DefaultSubscriptionRegistry@30decae]
2025-04-19 22:44:10 [SpringApplicationShutdownHook] INFO  o.s.m.s.b.SimpleBrokerMessageHandler - Stopped.
2025-04-19 22:44:10 [SpringApplicationShutdownHook] DEBUG org.springframework.web.SimpLogging - clientInboundChannel removed UserDestinationMessageHandler[DefaultUserDestinationResolver[prefix=/user/]]
2025-04-19 22:44:10 [SpringApplicationShutdownHook] DEBUG org.springframework.web.SimpLogging - brokerChannel removed UserDestinationMessageHandler[DefaultUserDestinationResolver[prefix=/user/]]
2025-04-19 22:44:10 [SpringApplicationShutdownHook] INFO  o.s.o.j.LocalContainerEntityManagerFactoryBean - Closing JPA EntityManagerFactory for persistence unit 'default'
2025-04-19 22:44:10 [SpringApplicationShutdownHook] INFO  com.zaxxer.hikari.HikariDataSource - HikariPool-1 - Shutdown initiated...
2025-04-19 22:44:10 [SpringApplicationShutdownHook] INFO  com.zaxxer.hikari.HikariDataSource - HikariPool-1 - Shutdown completed.
2025-04-19 22:44:20 [main] INFO  c.z.b.SpringwithjwtApplication - Starting SpringwithjwtApplication using Java 17.0.7 with PID 728730 (/home/user/Documents/Desktop/GamePlatform/backend/target/classes started by user in /home/user/Documents/Desktop/GamePlatform)
2025-04-19 22:44:20 [main] INFO  c.z.b.SpringwithjwtApplication - No active profile set, falling back to 1 default profile: "default"
2025-04-19 22:44:23 [main] INFO  o.s.d.r.c.RepositoryConfigurationDelegate - Multiple Spring Data modules found, entering strict repository configuration mode
2025-04-19 22:44:23 [main] INFO  o.s.d.r.c.RepositoryConfigurationDelegate - Bootstrapping Spring Data JPA repositories in DEFAULT mode.
2025-04-19 22:44:23 [main] INFO  o.s.d.r.c.RepositoryConfigurationDelegate - Finished Spring Data repository scanning in 462 ms. Found 6 JPA repository interfaces.
2025-04-19 22:44:23 [main] INFO  o.s.d.r.c.RepositoryConfigurationDelegate - Multiple Spring Data modules found, entering strict repository configuration mode
2025-04-19 22:44:23 [main] INFO  o.s.d.r.c.RepositoryConfigurationDelegate - Bootstrapping Spring Data Redis repositories in DEFAULT mode.
2025-04-19 22:44:23 [main] INFO  o.s.d.r.c.RepositoryConfigurationExtensionSupport - Spring Data Redis - Could not safely identify store assignment for repository candidate interface com.zenova.back_end.repo.CategoryRepository; If you want this repository to be a Redis repository, consider annotating your entities with one of these annotations: org.springframework.data.redis.core.RedisHash (preferred), or consider extending one of the following types with your repository: org.springframework.data.keyvalue.repository.KeyValueRepository
2025-04-19 22:44:23 [main] INFO  o.s.d.r.c.RepositoryConfigurationExtensionSupport - Spring Data Redis - Could not safely identify store assignment for repository candidate interface com.zenova.back_end.repo.GameRepository; If you want this repository to be a Redis repository, consider annotating your entities with one of these annotations: org.springframework.data.redis.core.RedisHash (preferred), or consider extending one of the following types with your repository: org.springframework.data.keyvalue.repository.KeyValueRepository
2025-04-19 22:44:23 [main] INFO  o.s.d.r.c.RepositoryConfigurationExtensionSupport - Spring Data Redis - Could not safely identify store assignment for repository candidate interface com.zenova.back_end.repo.PurchaseRepository; If you want this repository to be a Redis repository, consider annotating your entities with one of these annotations: org.springframework.data.redis.core.RedisHash (preferred), or consider extending one of the following types with your repository: org.springframework.data.keyvalue.repository.KeyValueRepository
2025-04-19 22:44:23 [main] INFO  o.s.d.r.c.RepositoryConfigurationExtensionSupport - Spring Data Redis - Could not safely identify store assignment for repository candidate interface com.zenova.back_end.repo.RewardEntryRepository; If you want this repository to be a Redis repository, consider annotating your entities with one of these annotations: org.springframework.data.redis.core.RedisHash (preferred), or consider extending one of the following types with your repository: org.springframework.data.keyvalue.repository.KeyValueRepository
2025-04-19 22:44:23 [main] INFO  o.s.d.r.c.RepositoryConfigurationExtensionSupport - Spring Data Redis - Could not safely identify store assignment for repository candidate interface com.zenova.back_end.repo.ScoreRepository; If you want this repository to be a Redis repository, consider annotating your entities with one of these annotations: org.springframework.data.redis.core.RedisHash (preferred), or consider extending one of the following types with your repository: org.springframework.data.keyvalue.repository.KeyValueRepository
2025-04-19 22:44:23 [main] INFO  o.s.d.r.c.RepositoryConfigurationExtensionSupport - Spring Data Redis - Could not safely identify store assignment for repository candidate interface com.zenova.back_end.repo.UserRepository; If you want this repository to be a Redis repository, consider annotating your entities with one of these annotations: org.springframework.data.redis.core.RedisHash (preferred), or consider extending one of the following types with your repository: org.springframework.data.keyvalue.repository.KeyValueRepository
2025-04-19 22:44:23 [main] INFO  o.s.d.r.c.RepositoryConfigurationDelegate - Finished Spring Data repository scanning in 22 ms. Found 0 Redis repository interfaces.
2025-04-19 22:44:25 [main] INFO  o.s.b.w.e.tomcat.TomcatWebServer - Tomcat initialized with port 8080 (http)
2025-04-19 22:44:25 [main] INFO  o.a.catalina.core.StandardService - Starting service [Tomcat]
2025-04-19 22:44:25 [main] INFO  o.a.catalina.core.StandardEngine - Starting Servlet engine: [Apache Tomcat/10.1.34]
2025-04-19 22:44:26 [main] INFO  o.a.c.c.C.[Tomcat].[localhost].[/] - Initializing Spring embedded WebApplicationContext
2025-04-19 22:44:26 [main] INFO  o.s.b.w.s.c.ServletWebServerApplicationContext - Root WebApplicationContext: initialization completed in 5620 ms
2025-04-19 22:44:26 [main] INFO  o.h.jpa.internal.util.LogHelper - HHH000204: Processing PersistenceUnitInfo [name: default]
2025-04-19 22:44:26 [main] INFO  org.hibernate.Version - HHH000412: Hibernate ORM core version 6.6.5.Final
2025-04-19 22:44:26 [main] INFO  o.h.c.i.RegionFactoryInitiator - HHH000026: Second-level cache disabled
2025-04-19 22:44:27 [main] INFO  o.s.o.j.p.SpringPersistenceUnitInfo - No LoadTimeWeaver setup: ignoring JPA class transformer
2025-04-19 22:44:27 [main] INFO  com.zaxxer.hikari.HikariDataSource - HikariPool-1 - Starting...
2025-04-19 22:44:27 [main] INFO  com.zaxxer.hikari.pool.HikariPool - HikariPool-1 - Added connection com.mysql.cj.jdbc.ConnectionImpl@41f7c02d
2025-04-19 22:44:27 [main] INFO  com.zaxxer.hikari.HikariDataSource - HikariPool-1 - Start completed.
2025-04-19 22:44:28 [main] WARN  org.hibernate.orm.deprecation - HHH90000025: MySQL8Dialect does not need to be specified explicitly using 'hibernate.dialect' (remove the property setting and it will be selected by default)
2025-04-19 22:44:28 [main] WARN  org.hibernate.orm.deprecation - HHH90000026: MySQL8Dialect has been deprecated; use org.hibernate.dialect.MySQLDialect instead
2025-04-19 22:44:28 [main] INFO  o.hibernate.orm.connections.pooling - HHH10001005: Database info:
	Database JDBC URL [Connecting through datasource 'HikariDataSource (HikariPool-1)']
	Database driver: undefined/unknown
	Database version: 8.0
	Autocommit mode: undefined/unknown
	Isolation level: undefined/unknown
	Minimum pool size: undefined/unknown
	Maximum pool size: undefined/unknown
2025-04-19 22:44:30 [main] INFO  o.h.e.t.j.p.i.JtaPlatformInitiator - HHH000489: No JTA platform available (set 'hibernate.transaction.jta.platform' to enable JTA platform integration)
2025-04-19 22:44:30 [main] INFO  o.s.o.j.LocalContainerEntityManagerFactoryBean - Initialized JPA EntityManagerFactory for persistence unit 'default'
2025-04-19 22:44:32 [main] DEBUG o.s.web.filter.CorsFilter - Filter 'corsFilter' configured for use
2025-04-19 22:44:32 [main] INFO  o.s.s.c.a.a.c.InitializeUserDetailsBeanManagerConfigurer$InitializeUserDetailsManagerConfigurer - Global AuthenticationManager configured with UserDetailsService bean with name userServiceImpl
2025-04-19 22:44:32 [main] INFO  o.s.d.j.r.query.QueryEnhancerFactory - Hibernate is in classpath; If applicable, HQL parser will be used.
2025-04-19 22:44:35 [main] DEBUG o.s.w.s.s.s.WebSocketHandlerMapping - Patterns [/ws/**] in 'stompWebSocketHandlerMapping'
2025-04-19 22:44:35 [main] DEBUG o.s.w.s.m.m.a.RequestMappingHandlerMapping - 34 mappings in 'requestMappingHandlerMapping'
2025-04-19 22:44:35 [main] DEBUG o.s.w.s.h.SimpleUrlHandlerMapping - Patterns [/webjars/**, /**, /swagger-ui*/*swagger-initializer.js, /swagger-ui*/**] in 'resourceHandlerMapping'
2025-04-19 22:44:35 [main] WARN  o.s.s.c.a.w.c.AuthorizeHttpRequestsConfigurer$AuthorizationManagerRequestMatcherRegistry - One of the patterns in [/api/v1/reward/claim/, api/v1/reward/weekly, /api/v1/game/, /api/v1/game/upload, /api/livekit/token, /api/v1/leaderboard/top, /api/v1/deploy/vercel, /api/v1/auth/authenticate, /api/v1/user/register, /api/v1/user/login, /api/v1/user/**, /api/v1/auth/refreshToken, /api/v1/category/add, /api/v1/category/**, /api/v1/category/all-active, /api/v1/game/add, /api/v1/game/**, /api/v1/user/**, /api/v1/play/**, /v3/api-docs/**, /swagger-ui/**, /swagger-ui.html] is missing a leading slash. This is discouraged; please include the leading slash in all your request matcher patterns. In future versions of Spring Security, leaving out the leading slash will result in an exception.
2025-04-19 22:44:35 [main] DEBUG o.s.s.web.DefaultSecurityFilterChain - Will secure any request with filters: DisableEncodeUrlFilter, WebAsyncManagerIntegrationFilter, SecurityContextHolderFilter, HeaderWriterFilter, LogoutFilter, JwtFilter, RequestCacheAwareFilter, SecurityContextHolderAwareRequestFilter, AnonymousAuthenticationFilter, SessionManagementFilter, ExceptionTranslationFilter, AuthorizationFilter
2025-04-19 22:44:35 [main] DEBUG o.s.w.s.m.WebSocketAnnotationMethodMessageHandler - 
	c.z.b.c.AuthController:
	
2025-04-19 22:44:35 [main] DEBUG o.s.w.s.m.WebSocketAnnotationMethodMessageHandler - 
	c.z.b.c.CategoryController:
	
2025-04-19 22:44:35 [main] DEBUG o.s.w.s.m.WebSocketAnnotationMethodMessageHandler - 
	c.z.b.c.ChatController:
	{[MESSAGE],[/chat]}: handleChatMessage(ChatMessage)
2025-04-19 22:44:35 [main] DEBUG o.s.w.s.m.WebSocketAnnotationMethodMessageHandler - 
	c.z.b.c.GameController:
	
2025-04-19 22:44:35 [main] DEBUG o.s.w.s.m.WebSocketAnnotationMethodMessageHandler - 
	c.z.b.c.LeaderBoardController:
	
2025-04-19 22:44:35 [main] DEBUG o.s.w.s.m.WebSocketAnnotationMethodMessageHandler - 
	c.z.b.c.LiveKitController:
	
2025-04-19 22:44:35 [main] DEBUG o.s.w.s.m.WebSocketAnnotationMethodMessageHandler - 
	c.z.b.c.PlayController:
	
2025-04-19 22:44:35 [main] DEBUG o.s.w.s.m.WebSocketAnnotationMethodMessageHandler - 
	c.z.b.c.RewardController:
	
2025-04-19 22:44:35 [main] DEBUG o.s.w.s.m.WebSocketAnnotationMethodMessageHandler - 
	c.z.b.c.UserController:
	
2025-04-19 22:44:35 [main] DEBUG o.s.w.s.m.WebSocketAnnotationMethodMessageHandler - 
	c.z.b.u.a.GlobalExceptionHandler:
	
2025-04-19 22:44:35 [main] DEBUG o.s.w.s.m.WebSocketAnnotationMethodMessageHandler - 
	o.s.b.a.w.s.e.BasicErrorController:
	
2025-04-19 22:44:35 [main] DEBUG o.s.w.s.m.WebSocketAnnotationMethodMessageHandler - 
	o.s.w.a.OpenApiWebMvcResource:
	
2025-04-19 22:44:35 [main] DEBUG o.s.w.s.m.WebSocketAnnotationMethodMessageHandler - 
	o.s.w.u.SwaggerWelcomeWebMvc:
	
2025-04-19 22:44:35 [main] DEBUG o.s.w.s.m.WebSocketAnnotationMethodMessageHandler - 
	o.s.w.u.SwaggerConfigResource:
	
2025-04-19 22:44:36 [main] DEBUG o.s.w.s.m.m.a.RequestMappingHandlerAdapter - ControllerAdvice beans: 0 @ModelAttribute, 0 @InitBinder, 1 RequestBodyAdvice, 1 ResponseBodyAdvice
2025-04-19 22:44:36 [main] WARN  o.s.b.a.t.ThymeleafAutoConfiguration$DefaultTemplateResolverConfiguration - Cannot find template location: classpath:/templates/ (please add some templates, check your Thymeleaf configuration, or set spring.thymeleaf.check-template-location=false)
2025-04-19 22:44:36 [main] DEBUG o.s.w.s.m.m.a.ExceptionHandlerExceptionResolver - ControllerAdvice beans: 1 @ExceptionHandler, 1 ResponseBodyAdvice
2025-04-19 22:44:37 [main] DEBUG org.springframework.web.SimpLogging - clientOutboundChannel added SubProtocolWebSocketHandler[StompSubProtocolHandler[v10.stomp, v11.stomp, v12.stomp]]
2025-04-19 22:44:37 [main] DEBUG org.springframework.web.SimpLogging - clientInboundChannel added WebSocketAnnotationMethodMessageHandler[prefixes=[/app/]]
2025-04-19 22:44:37 [main] INFO  o.s.m.s.b.SimpleBrokerMessageHandler - Starting...
2025-04-19 22:44:37 [main] DEBUG org.springframework.web.SimpLogging - clientInboundChannel added SimpleBrokerMessageHandler [org.springframework.messaging.simp.broker.DefaultSubscriptionRegistry@11efc5da]
2025-04-19 22:44:37 [main] DEBUG org.springframework.web.SimpLogging - brokerChannel added SimpleBrokerMessageHandler [org.springframework.messaging.simp.broker.DefaultSubscriptionRegistry@11efc5da]
2025-04-19 22:44:37 [main] INFO  o.s.m.s.b.SimpleBrokerMessageHandler - BrokerAvailabilityEvent[available=true, SimpleBrokerMessageHandler [org.springframework.messaging.simp.broker.DefaultSubscriptionRegistry@11efc5da]]
2025-04-19 22:44:37 [main] INFO  o.s.m.s.b.SimpleBrokerMessageHandler - Started.
2025-04-19 22:44:37 [main] DEBUG org.springframework.web.SimpLogging - clientInboundChannel added UserDestinationMessageHandler[DefaultUserDestinationResolver[prefix=/user/]]
2025-04-19 22:44:37 [main] DEBUG org.springframework.web.SimpLogging - brokerChannel added UserDestinationMessageHandler[DefaultUserDestinationResolver[prefix=/user/]]
2025-04-19 22:44:37 [main] INFO  o.s.b.w.e.tomcat.TomcatWebServer - Tomcat started on port 8080 (http) with context path '/'
2025-04-19 22:44:37 [main] INFO  c.z.b.SpringwithjwtApplication - Started SpringwithjwtApplication in 18.441 seconds (process running for 19.984)
2025-04-19 22:45:37 [MessageBroker-1] INFO  o.s.w.s.c.WebSocketMessageBrokerStats - WebSocketSession[0 current WS(0)-HttpStream(0)-HttpPoll(0), 0 total, 0 closed abnormally (0 connect failure, 0 send limit, 0 transport error)], stompSubProtocol[processed CONNECT(0)-CONNECTED(0)-DISCONNECT(0)], stompBrokerRelay[null], inboundChannel[pool size = 0, active threads = 0, queued tasks = 0, completed tasks = 0], outboundChannel[pool size = 0, active threads = 0, queued tasks = 0, completed tasks = 0], sockJsScheduler[pool size = 1, active threads = 1, queued tasks = 0, completed tasks = 0]
2025-04-19 22:59:16 [SpringApplicationShutdownHook] INFO  o.s.b.w.e.tomcat.GracefulShutdown - Commencing graceful shutdown. Waiting for active requests to complete
2025-04-19 22:59:16 [tomcat-shutdown] INFO  o.s.b.w.e.tomcat.GracefulShutdown - Graceful shutdown complete
2025-04-19 22:59:16 [SpringApplicationShutdownHook] DEBUG org.springframework.web.SimpLogging - clientOutboundChannel removed SubProtocolWebSocketHandler[StompSubProtocolHandler[v10.stomp, v11.stomp, v12.stomp]]
2025-04-19 22:59:16 [SpringApplicationShutdownHook] DEBUG org.springframework.web.SimpLogging - clientInboundChannel removed WebSocketAnnotationMethodMessageHandler[prefixes=[/app/]]
2025-04-19 22:59:16 [SpringApplicationShutdownHook] INFO  o.s.m.s.b.SimpleBrokerMessageHandler - Stopping...
2025-04-19 22:59:16 [SpringApplicationShutdownHook] INFO  o.s.m.s.b.SimpleBrokerMessageHandler - BrokerAvailabilityEvent[available=false, SimpleBrokerMessageHandler [org.springframework.messaging.simp.broker.DefaultSubscriptionRegistry@11efc5da]]
2025-04-19 22:59:16 [SpringApplicationShutdownHook] DEBUG org.springframework.web.SimpLogging - clientInboundChannel removed SimpleBrokerMessageHandler [org.springframework.messaging.simp.broker.DefaultSubscriptionRegistry@11efc5da]
2025-04-19 22:59:16 [SpringApplicationShutdownHook] DEBUG org.springframework.web.SimpLogging - brokerChannel removed SimpleBrokerMessageHandler [org.springframework.messaging.simp.broker.DefaultSubscriptionRegistry@11efc5da]
2025-04-19 22:59:16 [SpringApplicationShutdownHook] INFO  o.s.m.s.b.SimpleBrokerMessageHandler - Stopped.
2025-04-19 22:59:16 [SpringApplicationShutdownHook] DEBUG org.springframework.web.SimpLogging - clientInboundChannel removed UserDestinationMessageHandler[DefaultUserDestinationResolver[prefix=/user/]]
2025-04-19 22:59:16 [SpringApplicationShutdownHook] DEBUG org.springframework.web.SimpLogging - brokerChannel removed UserDestinationMessageHandler[DefaultUserDestinationResolver[prefix=/user/]]
2025-04-19 22:59:16 [SpringApplicationShutdownHook] INFO  o.s.o.j.LocalContainerEntityManagerFactoryBean - Closing JPA EntityManagerFactory for persistence unit 'default'
2025-04-19 22:59:16 [SpringApplicationShutdownHook] INFO  com.zaxxer.hikari.HikariDataSource - HikariPool-1 - Shutdown initiated...
2025-04-19 22:59:16 [SpringApplicationShutdownHook] INFO  com.zaxxer.hikari.HikariDataSource - HikariPool-1 - Shutdown completed.
2025-04-19 22:59:21 [main] INFO  c.z.b.SpringwithjwtApplication - Starting SpringwithjwtApplication using Java 17.0.7 with PID 730823 (/home/user/Documents/Desktop/GamePlatform/backend/target/classes started by user in /home/user/Documents/Desktop/GamePlatform)
2025-04-19 22:59:21 [main] INFO  c.z.b.SpringwithjwtApplication - No active profile set, falling back to 1 default profile: "default"
2025-04-19 22:59:23 [main] INFO  o.s.d.r.c.RepositoryConfigurationDelegate - Multiple Spring Data modules found, entering strict repository configuration mode
2025-04-19 22:59:23 [main] INFO  o.s.d.r.c.RepositoryConfigurationDelegate - Bootstrapping Spring Data JPA repositories in DEFAULT mode.
2025-04-19 22:59:23 [main] INFO  o.s.d.r.c.RepositoryConfigurationDelegate - Finished Spring Data repository scanning in 259 ms. Found 6 JPA repository interfaces.
2025-04-19 22:59:23 [main] INFO  o.s.d.r.c.RepositoryConfigurationDelegate - Multiple Spring Data modules found, entering strict repository configuration mode
2025-04-19 22:59:23 [main] INFO  o.s.d.r.c.RepositoryConfigurationDelegate - Bootstrapping Spring Data Redis repositories in DEFAULT mode.
2025-04-19 22:59:23 [main] INFO  o.s.d.r.c.RepositoryConfigurationExtensionSupport - Spring Data Redis - Could not safely identify store assignment for repository candidate interface com.zenova.back_end.repo.CategoryRepository; If you want this repository to be a Redis repository, consider annotating your entities with one of these annotations: org.springframework.data.redis.core.RedisHash (preferred), or consider extending one of the following types with your repository: org.springframework.data.keyvalue.repository.KeyValueRepository
2025-04-19 22:59:23 [main] INFO  o.s.d.r.c.RepositoryConfigurationExtensionSupport - Spring Data Redis - Could not safely identify store assignment for repository candidate interface com.zenova.back_end.repo.GameRepository; If you want this repository to be a Redis repository, consider annotating your entities with one of these annotations: org.springframework.data.redis.core.RedisHash (preferred), or consider extending one of the following types with your repository: org.springframework.data.keyvalue.repository.KeyValueRepository
2025-04-19 22:59:23 [main] INFO  o.s.d.r.c.RepositoryConfigurationExtensionSupport - Spring Data Redis - Could not safely identify store assignment for repository candidate interface com.zenova.back_end.repo.PurchaseRepository; If you want this repository to be a Redis repository, consider annotating your entities with one of these annotations: org.springframework.data.redis.core.RedisHash (preferred), or consider extending one of the following types with your repository: org.springframework.data.keyvalue.repository.KeyValueRepository
2025-04-19 22:59:23 [main] INFO  o.s.d.r.c.RepositoryConfigurationExtensionSupport - Spring Data Redis - Could not safely identify store assignment for repository candidate interface com.zenova.back_end.repo.RewardEntryRepository; If you want this repository to be a Redis repository, consider annotating your entities with one of these annotations: org.springframework.data.redis.core.RedisHash (preferred), or consider extending one of the following types with your repository: org.springframework.data.keyvalue.repository.KeyValueRepository
2025-04-19 22:59:23 [main] INFO  o.s.d.r.c.RepositoryConfigurationExtensionSupport - Spring Data Redis - Could not safely identify store assignment for repository candidate interface com.zenova.back_end.repo.ScoreRepository; If you want this repository to be a Redis repository, consider annotating your entities with one of these annotations: org.springframework.data.redis.core.RedisHash (preferred), or consider extending one of the following types with your repository: org.springframework.data.keyvalue.repository.KeyValueRepository
2025-04-19 22:59:23 [main] INFO  o.s.d.r.c.RepositoryConfigurationExtensionSupport - Spring Data Redis - Could not safely identify store assignment for repository candidate interface com.zenova.back_end.repo.UserRepository; If you want this repository to be a Redis repository, consider annotating your entities with one of these annotations: org.springframework.data.redis.core.RedisHash (preferred), or consider extending one of the following types with your repository: org.springframework.data.keyvalue.repository.KeyValueRepository
2025-04-19 22:59:23 [main] INFO  o.s.d.r.c.RepositoryConfigurationDelegate - Finished Spring Data repository scanning in 16 ms. Found 0 Redis repository interfaces.
2025-04-19 22:59:24 [main] INFO  o.s.b.w.e.tomcat.TomcatWebServer - Tomcat initialized with port 8080 (http)
2025-04-19 22:59:24 [main] INFO  o.a.catalina.core.StandardService - Starting service [Tomcat]
2025-04-19 22:59:24 [main] INFO  o.a.catalina.core.StandardEngine - Starting Servlet engine: [Apache Tomcat/10.1.34]
2025-04-19 22:59:24 [main] INFO  o.a.c.c.C.[Tomcat].[localhost].[/] - Initializing Spring embedded WebApplicationContext
2025-04-19 22:59:24 [main] INFO  o.s.b.w.s.c.ServletWebServerApplicationContext - Root WebApplicationContext: initialization completed in 3032 ms
2025-04-19 22:59:25 [main] INFO  o.h.jpa.internal.util.LogHelper - HHH000204: Processing PersistenceUnitInfo [name: default]
2025-04-19 22:59:25 [main] INFO  org.hibernate.Version - HHH000412: Hibernate ORM core version 6.6.5.Final
2025-04-19 22:59:25 [main] INFO  o.h.c.i.RegionFactoryInitiator - HHH000026: Second-level cache disabled
2025-04-19 22:59:25 [main] INFO  o.s.o.j.p.SpringPersistenceUnitInfo - No LoadTimeWeaver setup: ignoring JPA class transformer
2025-04-19 22:59:25 [main] INFO  com.zaxxer.hikari.HikariDataSource - HikariPool-1 - Starting...
2025-04-19 22:59:25 [main] INFO  com.zaxxer.hikari.pool.HikariPool - HikariPool-1 - Added connection com.mysql.cj.jdbc.ConnectionImpl@773c7147
2025-04-19 22:59:25 [main] INFO  com.zaxxer.hikari.HikariDataSource - HikariPool-1 - Start completed.
2025-04-19 22:59:26 [main] WARN  org.hibernate.orm.deprecation - HHH90000025: MySQL8Dialect does not need to be specified explicitly using 'hibernate.dialect' (remove the property setting and it will be selected by default)
2025-04-19 22:59:26 [main] WARN  org.hibernate.orm.deprecation - HHH90000026: MySQL8Dialect has been deprecated; use org.hibernate.dialect.MySQLDialect instead
2025-04-19 22:59:26 [main] INFO  o.hibernate.orm.connections.pooling - HHH10001005: Database info:
	Database JDBC URL [Connecting through datasource 'HikariDataSource (HikariPool-1)']
	Database driver: undefined/unknown
	Database version: 8.0
	Autocommit mode: undefined/unknown
	Isolation level: undefined/unknown
	Minimum pool size: undefined/unknown
	Maximum pool size: undefined/unknown
2025-04-19 22:59:27 [main] INFO  o.h.e.t.j.p.i.JtaPlatformInitiator - HHH000489: No JTA platform available (set 'hibernate.transaction.jta.platform' to enable JTA platform integration)
2025-04-19 22:59:27 [main] INFO  o.s.o.j.LocalContainerEntityManagerFactoryBean - Initialized JPA EntityManagerFactory for persistence unit 'default'
2025-04-19 22:59:28 [main] DEBUG o.s.web.filter.CorsFilter - Filter 'corsFilter' configured for use
2025-04-19 22:59:28 [main] INFO  o.s.s.c.a.a.c.InitializeUserDetailsBeanManagerConfigurer$InitializeUserDetailsManagerConfigurer - Global AuthenticationManager configured with UserDetailsService bean with name userServiceImpl
2025-04-19 22:59:28 [main] INFO  o.s.d.j.r.query.QueryEnhancerFactory - Hibernate is in classpath; If applicable, HQL parser will be used.
2025-04-19 22:59:30 [main] DEBUG o.s.w.s.s.s.WebSocketHandlerMapping - Patterns [/ws/**] in 'stompWebSocketHandlerMapping'
2025-04-19 22:59:30 [main] DEBUG o.s.w.s.m.m.a.RequestMappingHandlerMapping - 34 mappings in 'requestMappingHandlerMapping'
2025-04-19 22:59:30 [main] DEBUG o.s.w.s.h.SimpleUrlHandlerMapping - Patterns [/webjars/**, /**, /swagger-ui*/*swagger-initializer.js, /swagger-ui*/**] in 'resourceHandlerMapping'
2025-04-19 22:59:30 [main] WARN  o.s.s.c.a.w.c.AuthorizeHttpRequestsConfigurer$AuthorizationManagerRequestMatcherRegistry - One of the patterns in [/api/v1/reward/claim/, api/v1/reward/weekly, /api/v1/game/, /api/v1/game/upload, /api/livekit/token, /api/v1/leaderboard/top, /api/v1/deploy/vercel, /api/v1/auth/authenticate, /api/v1/user/register, /api/v1/user/login, /api/v1/user/**, /api/v1/auth/refreshToken, /api/v1/category/add, /api/v1/category/**, /api/v1/category/all-active, /api/v1/game/add, /api/v1/game/**, /api/v1/user/**, /api/v1/play/**, /v3/api-docs/**, /swagger-ui/**, /swagger-ui.html] is missing a leading slash. This is discouraged; please include the leading slash in all your request matcher patterns. In future versions of Spring Security, leaving out the leading slash will result in an exception.
2025-04-19 22:59:30 [main] DEBUG o.s.s.web.DefaultSecurityFilterChain - Will secure any request with filters: DisableEncodeUrlFilter, WebAsyncManagerIntegrationFilter, SecurityContextHolderFilter, HeaderWriterFilter, LogoutFilter, JwtFilter, RequestCacheAwareFilter, SecurityContextHolderAwareRequestFilter, AnonymousAuthenticationFilter, SessionManagementFilter, ExceptionTranslationFilter, AuthorizationFilter
2025-04-19 22:59:31 [main] DEBUG o.s.w.s.m.WebSocketAnnotationMethodMessageHandler - 
	c.z.b.c.AuthController:
	
2025-04-19 22:59:31 [main] DEBUG o.s.w.s.m.WebSocketAnnotationMethodMessageHandler - 
	c.z.b.c.CategoryController:
	
2025-04-19 22:59:31 [main] DEBUG o.s.w.s.m.WebSocketAnnotationMethodMessageHandler - 
	c.z.b.c.ChatController:
	{[MESSAGE],[/chat]}: handleChatMessage(ChatMessage)
2025-04-19 22:59:31 [main] DEBUG o.s.w.s.m.WebSocketAnnotationMethodMessageHandler - 
	c.z.b.c.GameController:
	
2025-04-19 22:59:31 [main] DEBUG o.s.w.s.m.WebSocketAnnotationMethodMessageHandler - 
	c.z.b.c.LeaderBoardController:
	
2025-04-19 22:59:31 [main] DEBUG o.s.w.s.m.WebSocketAnnotationMethodMessageHandler - 
	c.z.b.c.LiveKitController:
	
2025-04-19 22:59:31 [main] DEBUG o.s.w.s.m.WebSocketAnnotationMethodMessageHandler - 
	c.z.b.c.PlayController:
	
2025-04-19 22:59:31 [main] DEBUG o.s.w.s.m.WebSocketAnnotationMethodMessageHandler - 
	c.z.b.c.RewardController:
	
2025-04-19 22:59:31 [main] DEBUG o.s.w.s.m.WebSocketAnnotationMethodMessageHandler - 
	c.z.b.c.UserController:
	
2025-04-19 22:59:31 [main] DEBUG o.s.w.s.m.WebSocketAnnotationMethodMessageHandler - 
	c.z.b.u.a.GlobalExceptionHandler:
	
2025-04-19 22:59:31 [main] DEBUG o.s.w.s.m.WebSocketAnnotationMethodMessageHandler - 
	o.s.b.a.w.s.e.BasicErrorController:
	
2025-04-19 22:59:31 [main] DEBUG o.s.w.s.m.WebSocketAnnotationMethodMessageHandler - 
	o.s.w.a.OpenApiWebMvcResource:
	
2025-04-19 22:59:31 [main] DEBUG o.s.w.s.m.WebSocketAnnotationMethodMessageHandler - 
	o.s.w.u.SwaggerWelcomeWebMvc:
	
2025-04-19 22:59:31 [main] DEBUG o.s.w.s.m.WebSocketAnnotationMethodMessageHandler - 
	o.s.w.u.SwaggerConfigResource:
	
2025-04-19 22:59:31 [main] DEBUG o.s.w.s.m.m.a.RequestMappingHandlerAdapter - ControllerAdvice beans: 0 @ModelAttribute, 0 @InitBinder, 1 RequestBodyAdvice, 1 ResponseBodyAdvice
2025-04-19 22:59:31 [main] WARN  o.s.b.a.t.ThymeleafAutoConfiguration$DefaultTemplateResolverConfiguration - Cannot find template location: classpath:/templates/ (please add some templates, check your Thymeleaf configuration, or set spring.thymeleaf.check-template-location=false)
2025-04-19 22:59:31 [main] DEBUG o.s.w.s.m.m.a.ExceptionHandlerExceptionResolver - ControllerAdvice beans: 1 @ExceptionHandler, 1 ResponseBodyAdvice
2025-04-19 22:59:32 [main] DEBUG org.springframework.web.SimpLogging - clientOutboundChannel added SubProtocolWebSocketHandler[StompSubProtocolHandler[v10.stomp, v11.stomp, v12.stomp]]
2025-04-19 22:59:32 [main] DEBUG org.springframework.web.SimpLogging - clientInboundChannel added WebSocketAnnotationMethodMessageHandler[prefixes=[/app/]]
2025-04-19 22:59:32 [main] INFO  o.s.m.s.b.SimpleBrokerMessageHandler - Starting...
2025-04-19 22:59:32 [main] DEBUG org.springframework.web.SimpLogging - clientInboundChannel added SimpleBrokerMessageHandler [org.springframework.messaging.simp.broker.DefaultSubscriptionRegistry@3119ce7a]
2025-04-19 22:59:32 [main] DEBUG org.springframework.web.SimpLogging - brokerChannel added SimpleBrokerMessageHandler [org.springframework.messaging.simp.broker.DefaultSubscriptionRegistry@3119ce7a]
2025-04-19 22:59:32 [main] INFO  o.s.m.s.b.SimpleBrokerMessageHandler - BrokerAvailabilityEvent[available=true, SimpleBrokerMessageHandler [org.springframework.messaging.simp.broker.DefaultSubscriptionRegistry@3119ce7a]]
2025-04-19 22:59:32 [main] INFO  o.s.m.s.b.SimpleBrokerMessageHandler - Started.
2025-04-19 22:59:32 [main] DEBUG org.springframework.web.SimpLogging - clientInboundChannel added UserDestinationMessageHandler[DefaultUserDestinationResolver[prefix=/user/]]
2025-04-19 22:59:32 [main] DEBUG org.springframework.web.SimpLogging - brokerChannel added UserDestinationMessageHandler[DefaultUserDestinationResolver[prefix=/user/]]
2025-04-19 22:59:32 [main] INFO  o.s.b.w.e.tomcat.TomcatWebServer - Tomcat started on port 8080 (http) with context path '/'
2025-04-19 22:59:32 [main] INFO  c.z.b.SpringwithjwtApplication - Started SpringwithjwtApplication in 11.685 seconds (process running for 12.689)
2025-04-19 23:00:32 [MessageBroker-1] INFO  o.s.w.s.c.WebSocketMessageBrokerStats - WebSocketSession[0 current WS(0)-HttpStream(0)-HttpPoll(0), 0 total, 0 closed abnormally (0 connect failure, 0 send limit, 0 transport error)], stompSubProtocol[processed CONNECT(0)-CONNECTED(0)-DISCONNECT(0)], stompBrokerRelay[null], inboundChannel[pool size = 0, active threads = 0, queued tasks = 0, completed tasks = 0], outboundChannel[pool size = 0, active threads = 0, queued tasks = 0, completed tasks = 0], sockJsScheduler[pool size = 1, active threads = 1, queued tasks = 0, completed tasks = 0]
2025-04-19 23:05:10 [http-nio-8080-exec-1] INFO  o.a.c.c.C.[Tomcat].[localhost].[/] - Initializing Spring DispatcherServlet 'dispatcherServlet'
2025-04-19 23:05:10 [http-nio-8080-exec-1] INFO  o.s.web.servlet.DispatcherServlet - Initializing Servlet 'dispatcherServlet'
2025-04-19 23:05:10 [http-nio-8080-exec-1] DEBUG o.s.web.servlet.DispatcherServlet - Detected StandardServletMultipartResolver
2025-04-19 23:05:10 [http-nio-8080-exec-1] DEBUG o.s.web.servlet.DispatcherServlet - Detected AcceptHeaderLocaleResolver
2025-04-19 23:05:10 [http-nio-8080-exec-1] DEBUG o.s.web.servlet.DispatcherServlet - Detected FixedThemeResolver
2025-04-19 23:05:10 [http-nio-8080-exec-1] DEBUG o.s.web.servlet.DispatcherServlet - Detected org.springframework.web.servlet.view.DefaultRequestToViewNameTranslator@5011753d
2025-04-19 23:05:10 [http-nio-8080-exec-1] DEBUG o.s.web.servlet.DispatcherServlet - Detected org.springframework.web.servlet.support.SessionFlashMapManager@de61005
2025-04-19 23:05:10 [http-nio-8080-exec-1] DEBUG o.s.web.servlet.DispatcherServlet - enableLoggingRequestDetails='false': request parameters and headers will be masked to prevent unsafe logging of potentially sensitive data
2025-04-19 23:05:10 [http-nio-8080-exec-1] INFO  o.s.web.servlet.DispatcherServlet - Completed initialization in 5 ms
2025-04-19 23:05:10 [http-nio-8080-exec-3] DEBUG o.s.security.web.FilterChainProxy - Securing GET /api/v1/game/all
2025-04-19 23:05:11 [http-nio-8080-exec-3] DEBUG o.s.security.web.FilterChainProxy - Secured GET /api/v1/game/all
2025-04-19 23:05:11 [http-nio-8080-exec-3] DEBUG o.s.web.servlet.DispatcherServlet - GET "/api/v1/game/all", parameters={}
2025-04-19 23:05:11 [http-nio-8080-exec-3] DEBUG o.s.w.s.m.m.a.RequestMappingHandlerMapping - Mapped to com.zenova.back_end.controller.GameController#getAllGames()
2025-04-19 23:05:11 [http-nio-8080-exec-3] DEBUG o.s.w.s.m.m.a.HttpEntityMethodProcessor - Using 'application/json', given [application/json, text/plain, */*] and supported [application/json, application/*+json, application/yaml]
2025-04-19 23:05:11 [http-nio-8080-exec-3] DEBUG o.s.w.s.m.m.a.HttpEntityMethodProcessor - Writing [[GameDTO(id=14, name=Fast Food Rush, description=You're at Burger King, sinking your teeth into a ju (truncated)...]
2025-04-19 23:05:11 [http-nio-8080-exec-4] DEBUG o.s.security.web.FilterChainProxy - Securing GET /api/v1/game/all
2025-04-19 23:05:11 [http-nio-8080-exec-3] DEBUG o.s.web.servlet.DispatcherServlet - Completed 200 OK
2025-04-19 23:05:11 [http-nio-8080-exec-4] DEBUG o.s.security.web.FilterChainProxy - Secured GET /api/v1/game/all
2025-04-19 23:05:11 [http-nio-8080-exec-4] DEBUG o.s.web.servlet.DispatcherServlet - GET "/api/v1/game/all", parameters={}
2025-04-19 23:05:11 [http-nio-8080-exec-4] DEBUG o.s.w.s.m.m.a.RequestMappingHandlerMapping - Mapped to com.zenova.back_end.controller.GameController#getAllGames()
2025-04-19 23:05:11 [http-nio-8080-exec-4] DEBUG o.s.w.s.m.m.a.HttpEntityMethodProcessor - Using 'application/json', given [application/json, text/plain, */*] and supported [application/json, application/*+json, application/yaml]
2025-04-19 23:05:11 [http-nio-8080-exec-4] DEBUG o.s.w.s.m.m.a.HttpEntityMethodProcessor - Writing [[GameDTO(id=14, name=Fast Food Rush, description=You're at Burger King, sinking your teeth into a ju (truncated)...]
2025-04-19 23:05:11 [http-nio-8080-exec-4] DEBUG o.s.web.servlet.DispatcherServlet - Completed 200 OK
2025-04-19 23:06:34 [http-nio-8080-exec-7] DEBUG o.s.security.web.FilterChainProxy - Securing GET /api/v1/game/all
2025-04-19 23:06:34 [http-nio-8080-exec-7] DEBUG o.s.security.web.FilterChainProxy - Secured GET /api/v1/game/all
2025-04-19 23:06:34 [http-nio-8080-exec-7] DEBUG o.s.web.servlet.DispatcherServlet - GET "/api/v1/game/all", parameters={}
2025-04-19 23:06:34 [http-nio-8080-exec-7] DEBUG o.s.w.s.m.m.a.RequestMappingHandlerMapping - Mapped to com.zenova.back_end.controller.GameController#getAllGames()
2025-04-19 23:06:34 [http-nio-8080-exec-7] DEBUG o.s.w.s.m.m.a.HttpEntityMethodProcessor - Using 'application/json', given [application/json, text/plain, */*] and supported [application/json, application/*+json, application/yaml]
2025-04-19 23:06:34 [http-nio-8080-exec-7] DEBUG o.s.w.s.m.m.a.HttpEntityMethodProcessor - Writing [[GameDTO(id=14, name=Fast Food Rush, description=You're at Burger King, sinking your teeth into a ju (truncated)...]
2025-04-19 23:06:34 [http-nio-8080-exec-7] DEBUG o.s.web.servlet.DispatcherServlet - Completed 200 OK
2025-04-19 23:06:34 [http-nio-8080-exec-8] DEBUG o.s.security.web.FilterChainProxy - Securing GET /api/v1/game/all
2025-04-19 23:06:34 [http-nio-8080-exec-8] DEBUG o.s.security.web.FilterChainProxy - Secured GET /api/v1/game/all
2025-04-19 23:06:34 [http-nio-8080-exec-8] DEBUG o.s.web.servlet.DispatcherServlet - GET "/api/v1/game/all", parameters={}
2025-04-19 23:06:34 [http-nio-8080-exec-8] DEBUG o.s.w.s.m.m.a.RequestMappingHandlerMapping - Mapped to com.zenova.back_end.controller.GameController#getAllGames()
2025-04-19 23:06:34 [http-nio-8080-exec-8] DEBUG o.s.w.s.m.m.a.HttpEntityMethodProcessor - Using 'application/json', given [application/json, text/plain, */*] and supported [application/json, application/*+json, application/yaml]
2025-04-19 23:06:34 [http-nio-8080-exec-8] DEBUG o.s.w.s.m.m.a.HttpEntityMethodProcessor - Writing [[GameDTO(id=14, name=Fast Food Rush, description=You're at Burger King, sinking your teeth into a ju (truncated)...]
2025-04-19 23:06:34 [http-nio-8080-exec-8] DEBUG o.s.web.servlet.DispatcherServlet - Completed 200 OK
2025-04-19 23:07:34 [http-nio-8080-exec-2] DEBUG o.s.security.web.FilterChainProxy - Securing GET /api/v1/game/all
2025-04-19 23:07:34 [http-nio-8080-exec-2] DEBUG o.s.security.web.FilterChainProxy - Secured GET /api/v1/game/all
2025-04-19 23:07:34 [http-nio-8080-exec-2] DEBUG o.s.web.servlet.DispatcherServlet - GET "/api/v1/game/all", parameters={}
2025-04-19 23:07:34 [http-nio-8080-exec-2] DEBUG o.s.w.s.m.m.a.RequestMappingHandlerMapping - Mapped to com.zenova.back_end.controller.GameController#getAllGames()
2025-04-19 23:07:34 [http-nio-8080-exec-2] DEBUG o.s.w.s.m.m.a.HttpEntityMethodProcessor - Using 'application/json', given [application/json, text/plain, */*] and supported [application/json, application/*+json, application/yaml]
2025-04-19 23:07:34 [http-nio-8080-exec-2] DEBUG o.s.w.s.m.m.a.HttpEntityMethodProcessor - Writing [[GameDTO(id=14, name=Fast Food Rush, description=You're at Burger King, sinking your teeth into a ju (truncated)...]
2025-04-19 23:07:34 [http-nio-8080-exec-2] DEBUG o.s.web.servlet.DispatcherServlet - Completed 200 OK
2025-04-19 23:08:21 [http-nio-8080-exec-1] DEBUG o.s.security.web.FilterChainProxy - Securing GET /api/v1/game/all
2025-04-19 23:08:21 [http-nio-8080-exec-1] DEBUG o.s.security.web.FilterChainProxy - Secured GET /api/v1/game/all
2025-04-19 23:08:21 [http-nio-8080-exec-1] DEBUG o.s.web.servlet.DispatcherServlet - GET "/api/v1/game/all", parameters={}
2025-04-19 23:08:21 [http-nio-8080-exec-1] DEBUG o.s.w.s.m.m.a.RequestMappingHandlerMapping - Mapped to com.zenova.back_end.controller.GameController#getAllGames()
2025-04-19 23:08:21 [http-nio-8080-exec-1] DEBUG o.s.w.s.m.m.a.HttpEntityMethodProcessor - Using 'application/json', given [application/json, text/plain, */*] and supported [application/json, application/*+json, application/yaml]
2025-04-19 23:08:21 [http-nio-8080-exec-1] DEBUG o.s.w.s.m.m.a.HttpEntityMethodProcessor - Writing [[GameDTO(id=14, name=Fast Food Rush, description=You're at Burger King, sinking your teeth into a ju (truncated)...]
2025-04-19 23:08:21 [http-nio-8080-exec-1] DEBUG o.s.web.servlet.DispatcherServlet - Completed 200 OK
2025-04-19 23:08:21 [http-nio-8080-exec-3] DEBUG o.s.security.web.FilterChainProxy - Securing GET /api/v1/game/all
2025-04-19 23:08:21 [http-nio-8080-exec-3] DEBUG o.s.security.web.FilterChainProxy - Secured GET /api/v1/game/all
2025-04-19 23:08:21 [http-nio-8080-exec-3] DEBUG o.s.web.servlet.DispatcherServlet - GET "/api/v1/game/all", parameters={}
2025-04-19 23:08:21 [http-nio-8080-exec-3] DEBUG o.s.w.s.m.m.a.RequestMappingHandlerMapping - Mapped to com.zenova.back_end.controller.GameController#getAllGames()
2025-04-19 23:08:21 [http-nio-8080-exec-3] DEBUG o.s.w.s.m.m.a.HttpEntityMethodProcessor - Using 'application/json', given [application/json, text/plain, */*] and supported [application/json, application/*+json, application/yaml]
2025-04-19 23:08:21 [http-nio-8080-exec-3] DEBUG o.s.w.s.m.m.a.HttpEntityMethodProcessor - Writing [[GameDTO(id=14, name=Fast Food Rush, description=You're at Burger King, sinking your teeth into a ju (truncated)...]
2025-04-19 23:08:21 [http-nio-8080-exec-3] DEBUG o.s.web.servlet.DispatcherServlet - Completed 200 OK
2025-04-19 23:08:48 [http-nio-8080-exec-6] DEBUG o.s.security.web.FilterChainProxy - Securing GET /api/v1/game/all
2025-04-19 23:08:48 [http-nio-8080-exec-6] DEBUG o.s.security.web.FilterChainProxy - Secured GET /api/v1/game/all
2025-04-19 23:08:48 [http-nio-8080-exec-6] DEBUG o.s.web.servlet.DispatcherServlet - GET "/api/v1/game/all", parameters={}
2025-04-19 23:08:48 [http-nio-8080-exec-6] DEBUG o.s.w.s.m.m.a.RequestMappingHandlerMapping - Mapped to com.zenova.back_end.controller.GameController#getAllGames()
2025-04-19 23:08:48 [http-nio-8080-exec-6] DEBUG o.s.w.s.m.m.a.HttpEntityMethodProcessor - Using 'application/json', given [application/json, text/plain, */*] and supported [application/json, application/*+json, application/yaml]
2025-04-19 23:08:48 [http-nio-8080-exec-6] DEBUG o.s.w.s.m.m.a.HttpEntityMethodProcessor - Writing [[GameDTO(id=14, name=Fast Food Rush, description=You're at Burger King, sinking your teeth into a ju (truncated)...]
2025-04-19 23:08:48 [http-nio-8080-exec-6] DEBUG o.s.web.servlet.DispatcherServlet - Completed 200 OK
2025-04-19 23:08:48 [http-nio-8080-exec-7] DEBUG o.s.security.web.FilterChainProxy - Securing GET /api/v1/game/all
2025-04-19 23:08:48 [http-nio-8080-exec-7] DEBUG o.s.security.web.FilterChainProxy - Secured GET /api/v1/game/all
2025-04-19 23:08:48 [http-nio-8080-exec-7] DEBUG o.s.web.servlet.DispatcherServlet - GET "/api/v1/game/all", parameters={}
2025-04-19 23:08:48 [http-nio-8080-exec-7] DEBUG o.s.w.s.m.m.a.RequestMappingHandlerMapping - Mapped to com.zenova.back_end.controller.GameController#getAllGames()
2025-04-19 23:08:48 [http-nio-8080-exec-7] DEBUG o.s.w.s.m.m.a.HttpEntityMethodProcessor - Using 'application/json', given [application/json, text/plain, */*] and supported [application/json, application/*+json, application/yaml]
2025-04-19 23:08:48 [http-nio-8080-exec-7] DEBUG o.s.w.s.m.m.a.HttpEntityMethodProcessor - Writing [[GameDTO(id=14, name=Fast Food Rush, description=You're at Burger King, sinking your teeth into a ju (truncated)...]
2025-04-19 23:08:48 [http-nio-8080-exec-7] DEBUG o.s.web.servlet.DispatcherServlet - Completed 200 OK
2025-04-19 23:08:59 [http-nio-8080-exec-8] DEBUG o.s.security.web.FilterChainProxy - Securing GET /ws/info?t=1745104139012
2025-04-19 23:08:59 [http-nio-8080-exec-8] DEBUG o.s.s.w.a.AnonymousAuthenticationFilter - Set SecurityContextHolder to anonymous SecurityContext
2025-04-19 23:08:59 [http-nio-8080-exec-8] DEBUG o.s.s.w.a.Http403ForbiddenEntryPoint - Pre-authenticated entry point called. Rejecting access
2025-04-19 23:08:59 [http-nio-8080-exec-8] DEBUG o.s.security.web.FilterChainProxy - Securing GET /error?t=1745104139012
2025-04-19 23:08:59 [http-nio-8080-exec-8] DEBUG o.s.s.w.a.AnonymousAuthenticationFilter - Set SecurityContextHolder to anonymous SecurityContext
2025-04-19 23:08:59 [http-nio-8080-exec-8] DEBUG o.s.s.w.a.Http403ForbiddenEntryPoint - Pre-authenticated entry point called. Rejecting access
2025-04-19 23:30:32 [MessageBroker-1] INFO  o.s.w.s.c.WebSocketMessageBrokerStats - WebSocketSession[0 current WS(0)-HttpStream(0)-HttpPoll(0), 0 total, 0 closed abnormally (0 connect failure, 0 send limit, 0 transport error)], stompSubProtocol[processed CONNECT(0)-CONNECTED(0)-DISCONNECT(0)], stompBrokerRelay[null], inboundChannel[pool size = 0, active threads = 0, queued tasks = 0, completed tasks = 0], outboundChannel[pool size = 0, active threads = 0, queued tasks = 0, completed tasks = 0], sockJsScheduler[pool size = 2, active threads = 1, queued tasks = 0, completed tasks = 1]
2025-04-20 00:00:32 [MessageBroker-2] INFO  o.s.w.s.c.WebSocketMessageBrokerStats - WebSocketSession[0 current WS(0)-HttpStream(0)-HttpPoll(0), 0 total, 0 closed abnormally (0 connect failure, 0 send limit, 0 transport error)], stompSubProtocol[processed CONNECT(0)-CONNECTED(0)-DISCONNECT(0)], stompBrokerRelay[null], inboundChannel[pool size = 0, active threads = 0, queued tasks = 0, completed tasks = 0], outboundChannel[pool size = 0, active threads = 0, queued tasks = 0, completed tasks = 0], sockJsScheduler[pool size = 3, active threads = 1, queued tasks = 0, completed tasks = 2]
2025-04-20 00:30:32 [MessageBroker-1] INFO  o.s.w.s.c.WebSocketMessageBrokerStats - WebSocketSession[0 current WS(0)-HttpStream(0)-HttpPoll(0), 0 total, 0 closed abnormally (0 connect failure, 0 send limit, 0 transport error)], stompSubProtocol[processed CONNECT(0)-CONNECTED(0)-DISCONNECT(0)], stompBrokerRelay[null], inboundChannel[pool size = 0, active threads = 0, queued tasks = 0, completed tasks = 0], outboundChannel[pool size = 0, active threads = 0, queued tasks = 0, completed tasks = 0], sockJsScheduler[pool size = 4, active threads = 1, queued tasks = 0, completed tasks = 3]
2025-04-20 01:00:32 [MessageBroker-3] INFO  o.s.w.s.c.WebSocketMessageBrokerStats - WebSocketSession[0 current WS(0)-HttpStream(0)-HttpPoll(0), 0 total, 0 closed abnormally (0 connect failure, 0 send limit, 0 transport error)], stompSubProtocol[processed CONNECT(0)-CONNECTED(0)-DISCONNECT(0)], stompBrokerRelay[null], inboundChannel[pool size = 0, active threads = 0, queued tasks = 0, completed tasks = 0], outboundChannel[pool size = 0, active threads = 0, queued tasks = 0, completed tasks = 0], sockJsScheduler[pool size = 5, active threads = 1, queued tasks = 0, completed tasks = 4]
2025-04-20 01:30:32 [MessageBroker-2] INFO  o.s.w.s.c.WebSocketMessageBrokerStats - WebSocketSession[0 current WS(0)-HttpStream(0)-HttpPoll(0), 0 total, 0 closed abnormally (0 connect failure, 0 send limit, 0 transport error)], stompSubProtocol[processed CONNECT(0)-CONNECTED(0)-DISCONNECT(0)], stompBrokerRelay[null], inboundChannel[pool size = 0, active threads = 0, queued tasks = 0, completed tasks = 0], outboundChannel[pool size = 0, active threads = 0, queued tasks = 0, completed tasks = 0], sockJsScheduler[pool size = 6, active threads = 1, queued tasks = 0, completed tasks = 5]
2025-04-20 02:00:32 [MessageBroker-4] INFO  o.s.w.s.c.WebSocketMessageBrokerStats - WebSocketSession[0 current WS(0)-HttpStream(0)-HttpPoll(0), 0 total, 0 closed abnormally (0 connect failure, 0 send limit, 0 transport error)], stompSubProtocol[processed CONNECT(0)-CONNECTED(0)-DISCONNECT(0)], stompBrokerRelay[null], inboundChannel[pool size = 0, active threads = 0, queued tasks = 0, completed tasks = 0], outboundChannel[pool size = 0, active threads = 0, queued tasks = 0, completed tasks = 0], sockJsScheduler[pool size = 7, active threads = 1, queued tasks = 0, completed tasks = 6]
2025-04-20 02:30:32 [MessageBroker-1] INFO  o.s.w.s.c.WebSocketMessageBrokerStats - WebSocketSession[0 current WS(0)-HttpStream(0)-HttpPoll(0), 0 total, 0 closed abnormally (0 connect failure, 0 send limit, 0 transport error)], stompSubProtocol[processed CONNECT(0)-CONNECTED(0)-DISCONNECT(0)], stompBrokerRelay[null], inboundChannel[pool size = 0, active threads = 0, queued tasks = 0, completed tasks = 0], outboundChannel[pool size = 0, active threads = 0, queued tasks = 0, completed tasks = 0], sockJsScheduler[pool size = 8, active threads = 1, queued tasks = 0, completed tasks = 7]
2025-04-20 03:00:32 [MessageBroker-1] INFO  o.s.w.s.c.WebSocketMessageBrokerStats - WebSocketSession[0 current WS(0)-HttpStream(0)-HttpPoll(0), 0 total, 0 closed abnormally (0 connect failure, 0 send limit, 0 transport error)], stompSubProtocol[processed CONNECT(0)-CONNECTED(0)-DISCONNECT(0)], stompBrokerRelay[null], inboundChannel[pool size = 0, active threads = 0, queued tasks = 0, completed tasks = 0], outboundChannel[pool size = 0, active threads = 0, queued tasks = 0, completed tasks = 0], sockJsScheduler[pool size = 8, active threads = 1, queued tasks = 0, completed tasks = 8]
2025-04-20 03:30:32 [MessageBroker-1] INFO  o.s.w.s.c.WebSocketMessageBrokerStats - WebSocketSession[0 current WS(0)-HttpStream(0)-HttpPoll(0), 0 total, 0 closed abnormally (0 connect failure, 0 send limit, 0 transport error)], stompSubProtocol[processed CONNECT(0)-CONNECTED(0)-DISCONNECT(0)], stompBrokerRelay[null], inboundChannel[pool size = 0, active threads = 0, queued tasks = 0, completed tasks = 0], outboundChannel[pool size = 0, active threads = 0, queued tasks = 0, completed tasks = 0], sockJsScheduler[pool size = 8, active threads = 1, queued tasks = 0, completed tasks = 9]
